Workbook
Name Group_A1: А1!$J$6:$U$30
Name Group_A2: А2!$J$6:$U$30
Name Group_A3: А3!$J$6:$U$30
Name Group_A4: А4!$J$6:$U$30
Name Group_A5: А5!$J$6:$U$30
Name Group_A6: А6_2!$J$6:$V$33
Name Group_A7: А7!$J$6:$U$30
Name Group_A8: А8!$J$6:$U$30
Name Group_B1: 'B1'!$J$6:$U$30
Name Group_B2: 'B2'!$J$6:$U$30
Name Group_B3: В3_2!$J$6:$V$33
Name Group_B4: 'B4'!$J$6:$U$30
Name Group_B5: В5_2!$J$6:$V$33
Name Group_B6: В6_2!$J$6:$V$33
Name Group_B7: 'B7'!$J$6:$U$30
Name Group_B8: В8_2!$J$6:$V$33
Name Group_C1: 'C1_2'!$J$6:$V$33
Name Group_C2: 'C2_2'!$J$6:$V$33
Name Group_C3: 'C3_2'!$J$6:$V$33
Name Group_C4: 'C4_2'!$J$6:$V$33
Name Group_C5: 'C5_2'!$J$6:$V$33
Name Group_C6: 'C6_2'!$J$6:$V$33
Name Group_C7: 'C7_2'!$J$6:$V$33
Name Group_C8: 'C8_2'!$J$6:$V$33
Name Group_D1: D1_2!$J$6:$V$33
Name Group_D2: D2_2!$J$6:$V$33
Name Group_D3: D3_2!$J$6:$V$33
Name Group_D4: D4_2!$J$6:$V$33
Name Group_D5: D5_2!$J$6:$V$33
Name Group_D6: D6_2!$J$6:$V$33
Name Group_D7: D7_2!$J$6:$V$33
Name Group_D8: D8_2!$J$6:$V$33
Name Group_D9: D9_2!$J$6:$V$33
Name Group_E1: Е1_2!$J$6:$V$33
Name Group_E2: Е2_2!$J$6:$V$33
Name Group_E3: Е3_2!$J$6:$V$33
Name Group_E4: 'E4'!$J$6:$U$30
Name Group_E5: Е5_2!$J$6:$V$33
Name Group_E6: Е6_2!$J$6:$V$33
Name Group_E7: 'E7'!$J$6:$U$30
Name Group_E8: Е8_2!$J$6:$V$33
Name Super: Суперлига!$J$6:$U$30
Name Игрок1: 'B1'!$D$7
Name Игрок1: 'B2'!$D$7
Name Игрок1: 'B3'!$D$7
Name Игрок1: 'B4'!$D$7
Name Игрок1: 'B5'!$D$7
Name Игрок1: 'B6'!$D$7
Name Игрок1: 'B7'!$D$7
Name Игрок1: 'B8'!$D$7
Name Игрок1: 'C1_2'!$D$7
Name Игрок1: 'C2_2'!$D$7
Name Игрок1: 'C3_2'!$D$7
Name Игрок1: 'C4_2'!$D$7
Name Игрок1: 'C5_2'!$D$7
Name Игрок1: 'C6_2'!$D$7
Name Игрок1: 'C7_2'!$D$7
Name Игрок1: 'C8_2'!$D$7
Name Игрок1: 'D1'!$D$7
Name Игрок1: D1_2!$D$7

Sheet Суперлига
D1: Турнир Открытое первенство города Астана (лиги) | K1: Дата: | L1: 46061
K4: матчи до | M4: 3 | N4: побед
C5: =IF(COUNTIF(D7:D14,"")>0,1,0) -> 0 | E5: =IF((COUNTIF(L33:R60,">""")+COUNTIF(T7:U30,">"""))>0,1,0) -> 1
C6: № | D6: Участники турнира | E6: Рейтинг | G6: № | H6: Разряд | I6: R | J6: Фамилия Имя | K6: 1 | L6: 2 | M6: 3 | N6: 4 | O6: 5 | P6: 6 | Q6: 7 | R6: 8 | S6: Очки | T6: Соотн. | U6: Место
C7: 1 | D7: Гилязов Роман | G7: 1 | H7: МС | I7: 42 | J7: Гилязов Роман+ | L7: =IF(LEFT(P57,1)="L",0,(IF(P57="","",(IF(LEFT(P57,1)>RIGHT(P57,1),2,1))))) | M7: =IF(LEFT(P49,1)="L",0,(IF(P49="","",(IF(LEFT(P49,1)>RIGHT(P49,1),2,1))))) -> 2 | N7: =IF(RIGHT(P53,1)="L",0,(IF(P53="","",(IF(RIGHT(P53,1)>LEFT(P53,1),2,1))))) -> 2 | O7: =IF(LEFT(P41,1)="L",0,(IF(P41="","",(IF(LEFT(P41,1)>RIGHT(P41,1),2,1))))) -> 2 | P7: =IF(RIGHT(P38,1)="L",0,(IF(P38="","",(IF(RIGHT(P38,1)>LEFT(P38,1),2,1))))) -> 2 | Q7: =IF(LEFT(P35,1)="L",0,(IF(P35="","",(IF(LEFT(P35,1)>RIGHT(P35,1),2,1))))) -> 2 | R7: =IF(RIGHT(P45,1)="L",0,(IF(P45="","",(IF(RIGHT(P45,1)>LEFT(P45,1),2,1))))) -> 1 | S7: =IF((AND(COUNTIF(J7:J30,">""")>2,COUNTIF(P33:P60,">""")>0)),SUM(K7,L7,M7,N7,O7,P7,Q7,R7),"") -> 11 | U7: 1
C8: 2 | D8: Сереке Султан | L8: =IF(LEFT(P57,1)="W",$M$4&":0(W)",IF(LEFT(P57,1)="L","0:"&$M$4&"(L)",IF(P57="","",P57))) | M8: =IF(LEFT(P49,1)="W",$M$4&":0(W)",IF(LEFT(P49,1)="L","0:"&$M$4&"(L)",IF(P49="","",P49))) -> 3:0 | N8: =IF(RIGHT(P53,1)="W",$M$4&":0(W)",IF(RIGHT(P53,1)="L","0:"&$M$4&"(L)",IF(P53="","",RIGHT(P53,1)&":"&LEFT(P53,1)))) -> 3:1 | O8: =IF(LEFT(P41,1)="W",$M$4&":0(W)",IF(LEFT(P41,1)="L","0:"&$M$4&"(L)",IF(P41="","",P41))) -> 3:0 | P8: =IF(RIGHT(P38,1)="W",$M$4&":0(W)",IF(RIGHT(P38,1)="L","0:"&$M$4&"(L)",IF(P38="","",RIGHT(P38,1)&":"&LEFT(P38,1)))) -> 3:1 | Q8: =IF(LEFT(P35,1)="W",$M$4&":0(W)",IF(LEFT(P35,1)="L","0:"&$M$4&"(L)",IF(P35="","",P35))) -> 3:0 | R8: =IF(RIGHT(P45,1)="W",$M$4&":0(W)",IF(RIGHT(P45,1)="L","0:"&$M$4&"(L)",IF(P45="","",RIGHT(P45,1)&":"&LEFT(P45,1)))) -> 0:3
C9: 3 | D9: Кауымбаев Адилет | L9: =IF(P57="","",IF(Q57="","",Q57)) | M9: =IF(P49="","",IF(Q49="","",Q49)) | N9: =IF(P53="","",IF(Q53="","",REPLACE(SUBSTITUTE(SUBSTITUTE(SUBSTITUTE(SUBSTITUTE(","&Q53,",-","#"),",","-"),"#",","),"-",",-"),1,1,""))) | O9: =IF(P41="","",IF(Q41="","",Q41)) | P9: =IF(P38="","",IF(Q38="","",REPLACE(SUBSTITUTE(SUBSTITUTE(SUBSTITUTE(SUBSTITUTE(","&Q38,",-","#"),",","-"),"#",","),"-",",-"),1,1,""))) | Q9: =IF(P35="","",IF(Q35="","",Q35)) | R9: =IF(P45="","",IF(Q45="","",REPLACE(SUBSTITUTE(SUBSTITUTE(SUBSTITUTE(SUBSTITUTE(","&Q45,",-","#"),",","-"),"#",","),"-",",-"),1,1,"")))
C10: 4 | D10: Биятов Ахметбек | G10: 2 | H10: КМС | I10: 29 | J10: Сереке Султан | K10: =IF(RIGHT(P57,1)="L",0,(IF(P57="","",(IF(RIGHT(P57,1)>LEFT(P57,1),2,1))))) | M10: =IF(RIGHT(P54,1)="L",0,(IF(P54="","",(IF(RIGHT(P54,1)>LEFT(P54,1),2,1))))) | N10: =IF(LEFT(P50,1)="L",0,(IF(P50="","",(IF(LEFT(P50,1)>RIGHT(P50,1),2,1))))) | O10: =IF(RIGHT(P37,1)="L",0,(IF(P37="","",(IF(RIGHT(P37,1)>LEFT(P37,1),2,1))))) | P10: =IF(LEFT(P33,1)="L",0,(IF(P33="","",(IF(LEFT(P33,1)>RIGHT(P33,1),2,1))))) | Q10: =IF(RIGHT(P47,1)="L",0,(IF(P47="","",(IF(RIGHT(P47,1)>LEFT(P47,1),2,1))))) | R10: =IF(LEFT(P42,1)="L",0,(IF(P42="","",(IF(LEFT(P42,1)>RIGHT(P42,1),2,1))))) | S10: =IF((AND(COUNTIF(J7:J30,">""")>2,COUNTIF(P33:P60,">""")>0)),SUM(K10,L10,M10,N10,O10,P10,Q10,R10),"") -> 0 | U10: 8
C11: 5 | D11: Герасименко Геннадий | K11: =IF(RIGHT(P57,1)="W",$M$4&":0(W)",IF(RIGHT(P57,1)="L","0:"&$M$4&"(L)",IF(P57="","",RIGHT(P57,1)&":"&LEFT(P57,1)))) | M11: =IF(RIGHT(P54,1)="W",$M$4&":0(W)",IF(RIGHT(P54,1)="L","0:"&$M$4&"(L)",IF(P54="","",RIGHT(P54,1)&":"&LEFT(P54,1)))) | N11: =IF(LEFT(P50,1)="W",$M$4&":0(W)",IF(LEFT(P50,1)="L","0:"&$M$4&"(L)",IF(P50="","",P50))) | O11: =IF(RIGHT(P37,1)="W",$M$4&":0(W)",IF(RIGHT(P37,1)="L","0:"&$M$4&"(L)",IF(P37="","",RIGHT(P37,1)&":"&LEFT(P37,1)))) | P11: =IF(LEFT(P33,1)="W",$M$4&":0(W)",IF(LEFT(P33,1)="L","0:"&$M$4&"(L)",IF(P33="","",P33))) | Q11: =IF(RIGHT(P47,1)="W",$M$4&":0(W)",IF(RIGHT(P47,1)="L","0:"&$M$4&"(L)",IF(P47="","",RIGHT(P47,1)&":"&LEFT(P47,1)))) | R11: =IF(LEFT(P42,1)="W",$M$4&":0(W)",IF(LEFT(P42,1)="L","0:"&$M$4&"(L)",IF(P42="","",P42)))
C12: 6 | D12: Суртубаев Марат | K12: =IF(P57="","",IF(Q57="","",REPLACE(SUBSTITUTE(SUBSTITUTE(SUBSTITUTE(SUBSTITUTE(","&Q57,",-","#"),",","-"),"#",","),"-",",-"),1,1,""))) | M12: =IF(P54="","",IF(Q54="","",REPLACE(SUBSTITUTE(SUBSTITUTE(SUBSTITUTE(SUBSTITUTE(","&Q54,",-","#"),",","-"),"#",","),"-",",-"),1,1,""))) | N12: =IF(P50="","",IF(Q50="","",Q50)) | O12: =IF(P37="","",IF(Q37="","",REPLACE(SUBSTITUTE(SUBSTITUTE(SUBSTITUTE(SUBSTITUTE(","&Q37,",-","#"),",","-"),"#",","),"-",",-"),1,1,""))) | P12: =IF(P33="","",IF(Q33="","",Q33)) | Q12: =IF(P47="","",IF(Q47="","",REPLACE(SUBSTITUTE(SUBSTITUTE(SUBSTITUTE(SUBSTITUTE(","&Q47,",-","#"),",","-"),"#",","),"-",",-"),1,1,""))) | R12: =IF(P42="","",IF(Q42="","",Q42))
C13: 7 | D13: Алимбаев Максат | G13: 3 | H13: КМС | I13: 29 | J13: Кауымбаев Адилет+ | K13: =IF(RIGHT(P49,1)="L",0,(IF(P49="","",(IF(RIGHT(P49,1)>LEFT(P49,1),2,1))))) -> 1 | L13: =IF(LEFT(P54,1)="L",0,(IF(P54="","",(IF(LEFT(P54,1)>RIGHT(P54,1),2,1))))) | N13: =IF(LEFT(P58,1)="L",0,(IF(P58="","",(IF(LEFT(P58,1)>RIGHT(P58,1),2,1))))) -> 1 | O13: =IF(LEFT(P34,1)="L",0,(IF(P34="","",(IF(LEFT(P34,1)>RIGHT(P34,1),2,1))))) -> 2 | P13: =IF(RIGHT(P48,1)="L",0,(IF(P48="","",(IF(RIGHT(P48,1)>LEFT(P48,1),2,1))))) -> 1 | Q13: =IF(LEFT(P44,1)="L",0,(IF(P44="","",(IF(LEFT(P44,1)>RIGHT(P44,1),2,1))))) -> 2 | R13: =IF(RIGHT(P39,1)="L",0,(IF(P39="","",(IF(RIGHT(P39,1)>LEFT(P39,1),2,1))))) -> 2 | S13: =IF((AND(COUNTIF(J7:J30,">""")>2,COUNTIF(P33:P60,">""")>0)),SUM(K13,L13,M13,N13,O13,P13,Q13,R13),"") -> 9 | U13: 4
C14: 8 | D14: Токтамыс Нурбол | K14: =IF(RIGHT(P49,1)="W",$M$4&":0(W)",IF(RIGHT(P49,1)="L","0:"&$M$4&"(L)",IF(P49="","",RIGHT(P49,1)&":"&LEFT(P49,1)))) -> 0:3 | L14: =IF(LEFT(P54,1)="W",$M$4&":0(W)",IF(LEFT(P54,1)="L","0:"&$M$4&"(L)",IF(P54="","",P54))) | N14: =IF(LEFT(P58,1)="W",$M$4&":0(W)",IF(LEFT(P58,1)="L","0:"&$M$4&"(L)",IF(P58="","",P58))) -> 0:3 | O14: =IF(LEFT(P34,1)="W",$M$4&":0(W)",IF(LEFT(P34,1)="L","0:"&$M$4&"(L)",IF(P34="","",P34))) -> 3:2 | P14: =IF(RIGHT(P48,1)="W",$M$4&":0(W)",IF(RIGHT(P48,1)="L","0:"&$M$4&"(L)",IF(P48="","",RIGHT(P48,1)&":"&LEFT(P48,1)))) -> 1:3 | Q14: =IF(LEFT(P44,1)="W",$M$4&":0(W)",IF(LEFT(P44,1)="L","0:"&$M$4&"(L)",IF(P44="","",P44))) -> 3:0 | R14: =IF(RIGHT(P39,1)="W",$M$4&":0(W)",IF(RIGHT(P39,1)="L","0:"&$M$4&"(L)",IF(P39="","",RIGHT(P39,1)&":"&LEFT(P39,1)))) -> 3:2
K15: =IF(P49="","",IF(Q49="","",REPLACE(SUBSTITUTE(SUBSTITUTE(SUBSTITUTE(SUBSTITUTE(","&Q49,",-","#"),",","-"),"#",","),"-",",-"),1,1,""))) | L15: =IF(P54="","",IF(Q54="","",Q54)) | N15: =IF(P58="","",IF(Q58="","",Q58)) | O15: =IF(P34="","",IF(Q34="","",Q34)) | P15: =IF(P48="","",IF(Q48="","",REPLACE(SUBSTITUTE(SUBSTITUTE(SUBSTITUTE(SUBSTITUTE(","&Q48,",-","#"),",","-"),"#",","),"-",",-"),1,1,""))) | Q15: =IF(P44="","",IF(Q44="","",Q44)) | R15: =IF(P39="","",IF(Q39="","",REPLACE(SUBSTITUTE(SUBSTITUTE(SUBSTITUTE(SUBSTITUTE(","&Q39,",-","#"),",","-"),"#",","),"-",",-"),1,1,"")))
G16: 4 | H16: КМС | I16: 27 | J16: Биятов Ахметбек+ | K16: =IF(LEFT(P53,1)="L",0,(IF(P53="","",(IF(LEFT(P53,1)>RIGHT(P53,1),2,1))))) -> 1 | L16: =IF(RIGHT(P50,1)="L",0,(IF(P50="","",(IF(RIGHT(P50,1)>LEFT(P50,1),2,1))))) | M16: =IF(RIGHT(P58,1)="L",0,(IF(P58="","",(IF(RIGHT(P58,1)>LEFT(P58,1),2,1))))) -> 2 | O16: =IF(RIGHT(P46,1)="L",0,(IF(P46="","",(IF(RIGHT(P46,1)>LEFT(P46,1),2,1))))) -> 2 | P16: =IF(LEFT(P43,1)="L",0,(IF(P43="","",(IF(LEFT(P43,1)>RIGHT(P43,1),2,1))))) -> 2 | Q16: =IF(RIGHT(P40,1)="L",0,(IF(P40="","",(IF(RIGHT(P40,1)>LEFT(P40,1),2,1))))) -> 1 | R16: =IF(LEFT(P36,1)="L",0,(IF(P36="","",(IF(LEFT(P36,1)>RIGHT(P36,1),2,1))))) -> 1 | S16: =IF((AND(COUNTIF(J7:J30,">""")>2,COUNTIF(P33:P60,">""")>0)),SUM(K16,L16,M16,N16,O16,P16,Q16,R16),"") -> 9 | U16: 3
K17: =IF(LEFT(P53,1)="W",$M$4&":0(W)",IF(LEFT(P53,1)="L","0:"&$M$4&"(L)",IF(P53="","",P53))) -> 1:3 | L17: =IF(RIGHT(P50,1)="W",$M$4&":0(W)",IF(RIGHT(P50,1)="L","0:"&$M$4&"(L)",IF(P50="","",RIGHT(P50,1)&":"&LEFT(P50,1)))) | M17: =IF(RIGHT(P58,1)="W",$M$4&":0(W)",IF(RIGHT(P58,1)="L","0:"&$M$4&"(L)",IF(P58="","",RIGHT(P58,1)&":"&LEFT(P58,1)))) -> 3:0 | O17: =IF(RIGHT(P46,1)="W",$M$4&":0(W)",IF(RIGHT(P46,1)="L","0:"&$M$4&"(L)",IF(P46="","",RIGHT(P46,1)&":"&LEFT(P46,1)))) -> 3:0 | P17: =IF(LEFT(P43,1)="W",$M$4&":0(W)",IF(LEFT(P43,1)="L","0:"&$M$4&"(L)",IF(P43="","",P43))) -> 3:1 | Q17: =IF(RIGHT(P40,1)="W",$M$4&":0(W)",IF(RIGHT(P40,1)="L","0:"&$M$4&"(L)",IF(P40="","",RIGHT(P40,1)&":"&LEFT(P40,1)))) -> 2:3 | R17: =IF(LEFT(P36,1)="W",$M$4&":0(W)",IF(LEFT(P36,1)="L","0:"&$M$4&"(L)",IF(P36="","",P36))) -> 2:3
K18: =IF(P53="","",IF(Q53="","",Q53)) | L18: =IF(P50="","",IF(Q50="","",REPLACE(SUBSTITUTE(SUBSTITUTE(SUBSTITUTE(SUBSTITUTE(","&Q50,",-","#"),",","-"),"#",","),"-",",-"),1,1,""))) | M18: =IF(P58="","",IF(Q58="","",REPLACE(SUBSTITUTE(SUBSTITUTE(SUBSTITUTE(SUBSTITUTE(","&Q58,",-","#"),",","-"),"#",","),"-",",-"),1,1,""))) | O18: =IF(P46="","",IF(Q46="","",REPLACE(SUBSTITUTE(SUBSTITUTE(SUBSTITUTE(SUBSTITUTE(","&Q46,",-","#"),",","-"),"#",","),"-",",-"),1,1,""))) | P18: =IF(P43="","",IF(Q43="","",Q43)) | Q18: =IF(P40="","",IF(Q40="","",REPLACE(SUBSTITUTE(SUBSTITUTE(SUBSTITUTE(SUBSTITUTE(","&Q40,",-","#"),",","-"),"#",","),"-",",-"),1,1,""))) | R18: =IF(P36="","",IF(Q36="","",Q36))
G19: 5 | H19: МС | I19: 34 | J19: Герасименко Геннадий+ | K19: =IF(RIGHT(P41,1)="L",0,(IF(P41="","",(IF(RIGHT(P41,1)>LEFT(P41,1),2,1))))) -> 1 | L19: =IF(LEFT(P37,1)="L",0,(IF(P37="","",(IF(LEFT(P37,1)>RIGHT(P37,1),2,1))))) | M19: =IF(RIGHT(P34,1)="L",0,(IF(P34="","",(IF(RIGHT(P34,1)>LEFT(P34,1),2,1))))) -> 1 | N19: =IF(LEFT(P46,1)="L",0,(IF(P46="","",(IF(LEFT(P46,1)>RIGHT(P46,1),2,1))))) -> 1 | P19: =IF(LEFT(P59,1)="L",0,(IF(P59="","",(IF(LEFT(P59,1)>RIGHT(P59,1),2,1))))) -> 2 | Q19: =IF(LEFT(P51,1)="L",0,(IF(P51="","",(IF(LEFT(P51,1)>RIGHT(P51,1),2,1))))) -> 2 | R19: =IF(RIGHT(P56,1)="L",0,(IF(P56="","",(IF(RIGHT(P56,1)>LEFT(P56,1),2,1))))) -> 1 | S19: =IF((AND(COUNTIF(J7:J30,">""")>2,COUNTIF(P33:P60,">""")>0)),SUM(K19,L19,M19,N19,O19,P19,Q19,R19),"") -> 8 | U19: 5
K20: =IF(RIGHT(P41,1)="W",$M$4&":0(W)",IF(RIGHT(P41,1)="L","0:"&$M$4&"(L)",IF(P41="","",RIGHT(P41,1)&":"&LEFT(P41,1)))) -> 0:3 | L20: =IF(LEFT(P37,1)="W",$M$4&":0(W)",IF(LEFT(P37,1)="L","0:"&$M$4&"(L)",IF(P37="","",P37))) | M20: =IF(RIGHT(P34,1)="W",$M$4&":0(W)",IF(RIGHT(P34,1)="L","0:"&$M$4&"(L)",IF(P34="","",RIGHT(P34,1)&":"&LEFT(P34,1)))) -> 2:3 | N20: =IF(LEFT(P46,1)="W",$M$4&":0(W)",IF(LEFT(P46,1)="L","0:"&$M$4&"(L)",IF(P46="","",P46))) -> 0:3 | P20: =IF(LEFT(P59,1)="W",$M$4&":0(W)",IF(LEFT(P59,1)="L","0:"&$M$4&"(L)",IF(P59="","",P59))) -> 3:2 | Q20: =IF(LEFT(P51,1)="W",$M$4&":0(W)",IF(LEFT(P51,1)="L","0:"&$M$4&"(L)",IF(P51="","",P51))) -> 3:1 | R20: =IF(RIGHT(P56,1)="W",$M$4&":0(W)",IF(RIGHT(P56,1)="L","0:"&$M$4&"(L)",IF(P56="","",RIGHT(P56,1)&":"&LEFT(P56,1)))) -> 0:3
K21: =IF(P41="","",IF(Q41="","",REPLACE(SUBSTITUTE(SUBSTITUTE(SUBSTITUTE(SUBSTITUTE(","&Q41,",-","#"),",","-"),"#",","),"-",",-"),1,1,""))) | L21: =IF(P37="","",IF(Q37="","",Q37)) | M21: =IF(P34="","",IF(Q34="","",REPLACE(SUBSTITUTE(SUBSTITUTE(SUBSTITUTE(SUBSTITUTE(","&Q34,",-","#"),",","-"),"#",","),"-",",-"),1,1,""))) | N21: =IF(P46="","",IF(Q46="","",Q46)) | P21: =IF(P59="","",IF(Q59="","",Q59)) | Q21: =IF(P51="","",IF(Q51="","",Q51)) | R21: =IF(P56="","",IF(Q56="","",REPLACE(SUBSTITUTE(SUBSTITUTE(SUBSTITUTE(SUBSTITUTE(","&Q56,",-","#"),",","-"),"#",","),"-",",-"),1,1,"")))
B22: 3:0 | G22: 6 | H22: МС | I22: 36 | J22: Суртубаев Марат+ | K22: =IF(LEFT(P38,1)="L",0,(IF(P38="","",(IF(LEFT(P38,1)>RIGHT(P38,1),2,1))))) -> 1 | L22: =IF(RIGHT(P33,1)="L",0,(IF(P33="","",(IF(RIGHT(P33,1)>LEFT(P33,1),2,1))))) | M22: =IF(LEFT(P48,1)="L",0,(IF(P48="","",(IF(LEFT(P48,1)>RIGHT(P48,1),2,1))))) -> 2 | N22: =IF(RIGHT(P43,1)="L",0,(IF(P43="","",(IF(RIGHT(P43,1)>LEFT(P43,1),2,1))))) -> 1 | O22: =IF(RIGHT(P59,1)="L",0,(IF(P59="","",(IF(RIGHT(P59,1)>LEFT(P59,1),2,1))))) -> 1 | Q22: =IF(RIGHT(P55,1)="L",0,(IF(P55="","",(IF(RIGHT(P55,1)>LEFT(P55,1),2,1))))) -> 1 | R22: =IF(LEFT(P52,1)="L",0,(IF(P52="","",(IF(LEFT(P52,1)>RIGHT(P52,1),2,1))))) -> 2 | S22: =IF((AND(COUNTIF(J7:J30,">""")>2,COUNTIF(P33:P60,">""")>0)),SUM(K22,L22,M22,N22,O22,P22,Q22,R22),"") -> 8 | U22: 7
B23: 3:1 | K23: =IF(LEFT(P38,1)="W",$M$4&":0(W)",IF(LEFT(P38,1)="L","0:"&$M$4&"(L)",IF(P38="","",P38))) -> 1:3 | L23: =IF(RIGHT(P33,1)="W",$M$4&":0(W)",IF(RIGHT(P33,1)="L","0:"&$M$4&"(L)",IF(P33="","",RIGHT(P33,1)&":"&LEFT(P33,1)))) | M23: =IF(LEFT(P48,1)="W",$M$4&":0(W)",IF(LEFT(P48,1)="L","0:"&$M$4&"(L)",IF(P48="","",P48))) -> 3:1 | N23: =IF(RIGHT(P43,1)="W",$M$4&":0(W)",IF(RIGHT(P43,1)="L","0:"&$M$4&"(L)",IF(P43="","",RIGHT(P43,1)&":"&LEFT(P43,1)))) -> 1:3 | O23: =IF(RIGHT(P59,1)="W",$M$4&":0(W)",IF(RIGHT(P59,1)="L","0:"&$M$4&"(L)",IF(P59="","",RIGHT(P59,1)&":"&LEFT(P59,1)))) -> 2:3 | Q23: =IF(RIGHT(P55,1)="W",$M$4&":0(W)",IF(RIGHT(P55,1)="L","0:"&$M$4&"(L)",IF(P55="","",RIGHT(P55,1)&":"&LEFT(P55,1)))) -> 0:3 | R23: =IF(LEFT(P52,1)="W",$M$4&":0(W)",IF(LEFT(P52,1)="L","0:"&$M$4&"(L)",IF(P52="","",P52))) -> 3:0
B24: 3:2 | K24: =IF(P38="","",IF(Q38="","",Q38)) | L24: =IF(P33="","",IF(Q33="","",REPLACE(SUBSTITUTE(SUBSTITUTE(SUBSTITUTE(SUBSTITUTE(","&Q33,",-","#"),",","-"),"#",","),"-",",-"),1,1,""))) | M24: =IF(P48="","",IF(Q48="","",Q48)) | N24: =IF(P43="","",IF(Q43="","",REPLACE(SUBSTITUTE(SUBSTITUTE(SUBSTITUTE(SUBSTITUTE(","&Q43,",-","#"),",","-"),"#",","),"-",",-"),1,1,""))) | O24: =IF(P59="","",IF(Q59="","",REPLACE(SUBSTITUTE(SUBSTITUTE(SUBSTITUTE(SUBSTITUTE(","&Q59,",-","#"),",","-"),"#",","),"-",",-"),1,1,""))) | Q24: =IF(P55="","",IF(Q55="","",REPLACE(SUBSTITUTE(SUBSTITUTE(SUBSTITUTE(SUBSTITUTE(","&Q55,",-","#"),",","-"),"#",","),"-",",-"),1,1,""))) | R24: =IF(P52="","",IF(Q52="","",Q52))
B25: 0:3 | G25: 7 | H25: КМС | I25: 27 | J25: Алимбаев Максат+ | K25: =IF(RIGHT(P35,1)="L",0,(IF(P35="","",(IF(RIGHT(P35,1)>LEFT(P35,1),2,1))))) -> 1 | L25: =IF(LEFT(P47,1)="L",0,(IF(P47="","",(IF(LEFT(P47,1)>RIGHT(P47,1),2,1))))) | M25: =IF(RIGHT(P44,1)="L",0,(IF(P44="","",(IF(RIGHT(P44,1)>LEFT(P44,1),2,1))))) -> 1 | N25: =IF(LEFT(P40,1)="L",0,(IF(P40="","",(IF(LEFT(P40,1)>RIGHT(P40,1),2,1))))) -> 2 | O25: =IF(RIGHT(P51,1)="L",0,(IF(P51="","",(IF(RIGHT(P51,1)>LEFT(P51,1),2,1))))) -> 1 | P25: =IF(LEFT(P55,1)="L",0,(IF(P55="","",(IF(LEFT(P55,1)>RIGHT(P55,1),2,1))))) -> 2 | R25: =IF(LEFT(P60,1)="L",0,(IF(P60="","",(IF(LEFT(P60,1)>RIGHT(P60,1),2,1))))) -> 1 | S25: =IF((AND(COUNTIF(J7:J30,">""")>2,COUNTIF(P33:P60,">""")>0)),SUM(K25,L25,M25,N25,O25,P25,Q25,R25),"") -> 8 | U25: 6
B26: 1:3 | K26: =IF(RIGHT(P35,1)="W",$M$4&":0(W)",IF(RIGHT(P35,1)="L","0:"&$M$4&"(L)",IF(P35="","",RIGHT(P35,1)&":"&LEFT(P35,1)))) -> 0:3 | L26: =IF(LEFT(P47)="W",$M$4&":0(W)",IF(LEFT(P47,1)="L","0:"&$M$4&"(L)",IF(P47="","",P47))) | M26: =IF(RIGHT(P44,1)="W",$M$4&":0(W)",IF(RIGHT(P44,1)="L","0:"&$M$4&"(L)",IF(P44="","",RIGHT(P44,1)&":"&LEFT(P44,1)))) -> 0:3 | N26: =IF(LEFT(P40,1)="W",$M$4&":0(W)",IF(LEFT(P40,1)="L","0:"&$M$4&"(L)",IF(P40="","",P40))) -> 3:2 | O26: =IF(RIGHT(P51,1)="W",$M$4&":0(W)",IF(RIGHT(P51,1)="L","0:"&$M$4&"(L)",IF(P51="","",RIGHT(P51,1)&":"&LEFT(P51,1)))) -> 1:3 | P26: =IF(LEFT(P55,1)="W",$M$4&":0(W)",IF(LEFT(P55,1)="L","0:"&$M$4&"(L)",IF(P55="","",P55))) -> 3:0 | R26: =IF(LEFT(P60,1)="W",$M$4&":0(W)",IF(LEFT(P60,1)="L","0:"&$M$4&"(L)",IF(P60="","",P60))) -> 1:3
B27: 2:3 | K27: =IF(P35="","",IF(Q35="","",REPLACE(SUBSTITUTE(SUBSTITUTE(SUBSTITUTE(SUBSTITUTE(","&Q35,",-","#"),",","-"),"#",","),"-",",-"),1,1,""))) | L27: =IF(P47="","",IF(Q47="","",Q47)) | M27: =IF(P44="","",IF(Q44="","",REPLACE(SUBSTITUTE(SUBSTITUTE(SUBSTITUTE(SUBSTITUTE(","&Q44,",-","#"),",","-"),"#",","),"-",",-"),1,1,""))) | N27: =IF(P40="","",IF(Q40="","",Q40)) | O27: =IF(P51="","",IF(Q51="","",REPLACE(SUBSTITUTE(SUBSTITUTE(SUBSTITUTE(SUBSTITUTE(","&Q51,",-","#"),",","-"),"#",","),"-",",-"),1,1,""))) | P27: =IF(P55="","",IF(Q55="","",Q55)) | R27: =IF(P60="","",IF(Q60="","",Q60))
B28: W:L | G28: 8 | H28: КМС | I28: 33 | J28: Токтамыс Нурбол+ | K28: =IF(LEFT(P45,1)="L",0,(IF(P45="","",(IF(LEFT(P45,1)>RIGHT(P45,1),2,1))))) -> 2 | L28: =IF(RIGHT(P42,1)="L",0,(IF(P42="","",(IF(RIGHT(P42,1)>LEFT(P42,1),2,1))))) | M28: =IF(LEFT(P39,1)="L",0,(IF(P39="","",(IF(LEFT(P39,1)>RIGHT(P39,1),2,1))))) -> 1 | N28: =IF(RIGHT(P36,1)="L",0,(IF(P36="","",(IF(RIGHT(P36,1)>LEFT(P36,1),2,1))))) -> 2 | O28: =IF(LEFT(P56,1)="L",0,(IF(P56="","",(IF(LEFT(P56,1)>RIGHT(P56,1),2,1))))) -> 2 | P28: =IF(RIGHT(P52,1)="L",0,(IF(P52="","",(IF(RIGHT(P52,1)>LEFT(P52,1),2,1))))) -> 1 | Q28: =IF(RIGHT(P60,1)="L",0,(IF(P60="","",(IF(RIGHT(P60,1)>LEFT(P60,1),2,1))))) -> 2 | S28: =IF((AND(COUNTIF(J7:J30,">""")>2,COUNTIF(P33:P60,">""")>0)),SUM(K28,L28,M28,N28,O28,P28,Q28,R28),"") -> 10 | U28: 2
B29: L:W | K29: =IF(LEFT(P45,1)="W",$M$4&":0(W)",IF(LEFT(P45,1)="L","0:"&$M$4&"(L)",IF(P45="","",P45))) -> 3:0 | L29: =IF(RIGHT(P42,1)="W",$M$4&":0(W)",IF(RIGHT(P42,1)="L","0:"&$M$4&"(L)",IF(P42="","",RIGHT(P42,1)&":"&LEFT(P42,1)))) | M29: =IF(LEFT(P39,1)="W",$M$4&":0(W)",IF(LEFT(P39,1)="L","0:"&$M$4&"(L)",IF(P39="","",P39))) -> 2:3 | N29: =IF(RIGHT(P36,1)="W",$M$4&":0(W)",IF(RIGHT(P36,1)="L","0:"&$M$4&"(L)",IF(P36="","",RIGHT(P36,1)&":"&LEFT(P36,1)))) -> 3:2 | O29: =IF(LEFT(P56,1)="W",$M$4&":0(W)",IF(LEFT(P56,1)="L","0:"&$M$4&"(L)",IF(P56="","",P56))) -> 3:0 | P29: =IF(RIGHT(P52,1)="W",$M$4&":0(W)",IF(RIGHT(P52,1)="L","0:"&$M$4&"(L)",IF(P52="","",RIGHT(P52,1)&":"&LEFT(P52,1)))) -> 0:3 | Q29: =IF(RIGHT(P60,1)="W",$M$4&":0(W)",IF(RIGHT(P60,1)="L","0:"&$M$4&"(L)",IF(P60="","",RIGHT(P60,1)&":"&LEFT(P60,1)))) -> 3:1
B30: 2:0 | K30: =IF(P45="","",IF(Q45="","",Q45)) | L30: =IF(P42="","",IF(Q42="","",REPLACE(SUBSTITUTE(SUBSTITUTE(SUBSTITUTE(SUBSTITUTE(","&Q42,",-","#"),",","-"),"#",","),"-",",-"),1,1,""))) | M30: =IF(P39="","",IF(Q39="","",Q39)) | N30: =IF(P36="","",IF(Q36="","",REPLACE(SUBSTITUTE(SUBSTITUTE(SUBSTITUTE(SUBSTITUTE(","&Q36,",-","#"),",","-"),"#",","),"-",",-"),1,1,""))) | O30: =IF(P56="","",IF(Q56="","",Q56)) | P30: =IF(P52="","",IF(Q52="","",REPLACE(SUBSTITUTE(SUBSTITUTE(SUBSTITUTE(SUBSTITUTE(","&Q52,",-","#"),",","-"),"#",","),"-",",-"),1,1,""))) | Q30: =IF(P60="","",IF(Q60="","",REPLACE(SUBSTITUTE(SUBSTITUTE(SUBSTITUTE(SUBSTITUTE(","&Q60,",-","#"),",","-"),"#",","),"-",",-"),1,1,"")))
B31: 2:1
B32: 1:2 | I32: ю | P32: счет по сетам | Q32: мячи
B33: 0:2 | G33: 1 круг | J33: =IF(Суперлига!Уч2="","",Суперлига!Уч2) -> Сереке Султан | K33: ="-" -> - | L33: =IF(Суперлига!Уч6="","",Суперлига!Уч6) -> Суртубаев Марат+ | S33: =IF(AND(I33<>"",P33=""),"встреча играется",IF(P33<>"","сыграна",""))
B34: 4:0 | I34: 10 | J34: =IF(Суперлига!Уч3="","",Суперлига!Уч3) -> Кауымбаев Адилет+ | K34: ="-" -> - | L34: =IF(Суперлига!Уч5="","",Суперлига!Уч5) -> Герасименко Геннадий+ | P34: 3:2 | S34: =IF(AND(I34<>"",P34=""),"встреча играется",IF(P34<>"","сыграна","")) -> сыграна
B35: 4:1 | I35: 10 | J35: =IF(Суперлига!Уч1="","",Суперлига!Уч1) -> Гилязов Роман+ | K35: ="-" -> - | L35: =IF(Суперлига!Уч7="","",Суперлига!Уч7) -> Алимбаев Максат+ | P35: 3:0 | S35: =IF(AND(I35<>"",P35=""),"встреча играется",IF(P35<>"","сыграна","")) -> сыграна
B36: 4:2 | I36: 11 | J36: =IF(Суперлига!Уч4="","",Суперлига!Уч4) -> Биятов Ахметбек+ | K36: ="-" -> - | L36: =IF(Суперлига!Уч8="","",Суперлига!Уч8) -> Токтамыс Нурбол+ | P36: 2:3 | S36: =IF(AND(I36<>"",P36=""),"встреча играется",IF(P36<>"","сыграна","")) -> сыграна
B37: 4:3 | G37: 2 круг | J37: =IF(Суперлига!Уч5="","",Суперлига!Уч5) -> Герасименко Геннадий+ | K37: ="-" -> - | L37: =IF(Суперлига!Уч2="","",Суперлига!Уч2) -> Сереке Султан | S37: =IF(AND(I37<>"",P37=""),"встреча играется",IF(P37<>"","сыграна",""))
B38: 0:4 | I38: 11 | J38: =IF(Суперлига!Уч6="","",Суперлига!Уч6) -> Суртубаев Марат+ | K38: ="-" -> - | L38: =IF(Суперлига!Уч1="","",Суперлига!Уч1) -> Гилязов Роман+ | P38: 1:3 | S38: =IF(AND(I38<>"",P38=""),"встреча играется",IF(P38<>"","сыграна","")) -> сыграна
B39: 1:4 | I39: 12 | J39: =IF(Суперлига!Уч8="","",Суперлига!Уч8) -> Токтамыс Нурбол+ | K39: ="-" -> - | L39: =IF(Суперлига!Уч3="","",Суперлига!Уч3) -> Кауымбаев Адилет+ | P39: 2:3 | S39: =IF(AND(I39<>"",P39=""),"встреча играется",IF(P39<>"","сыграна","")) -> сыграна
B40: 2:4 | I40: 11 | J40: =IF(Суперлига!Уч7="","",Суперлига!Уч7) -> Алимбаев Максат+ | K40: ="-" -> - | L40: =IF(Суперлига!Уч4="","",Суперлига!Уч4) -> Биятов Ахметбек+ | P40: 3:2 | S40: =IF(AND(I40<>"",P40=""),"встреча играется",IF(P40<>"","сыграна","")) -> сыграна
B41: 3:4 | G41: 3 круг | I41: 12 | J41: =IF(Суперлига!Уч1="","",Суперлига!Уч1) -> Гилязов Роман+ | K41: ="-" -> - | L41: =IF(Суперлига!Уч5="","",Суперлига!Уч5) -> Герасименко Геннадий+ | P41: 3:0 | S41: =IF(AND(I41<>"",P41=""),"встреча играется",IF(P41<>"","сыграна","")) -> сыграна
J42: =IF(Суперлига!Уч2="","",Суперлига!Уч2) -> Сереке Султан | K42: ="-" -> - | L42: =IF(Суперлига!Уч8="","",Суперлига!Уч8) -> Токтамыс Нурбол+ | S42: =IF(AND(I42<>"",P42=""),"встреча играется",IF(P42<>"","сыграна",""))
I43: 11 | J43: =IF(Суперлига!Уч4="","",Суперлига!Уч4) -> Биятов Ахметбек+ | K43: ="-" -> - | L43: =IF(Суперлига!Уч6="","",Суперлига!Уч6) -> Суртубаев Марат+ | P43: 3:1 | S43: =IF(AND(I43<>"",P43=""),"встреча играется",IF(P43<>"","сыграна","")) -> сыграна
I44: 12 | J44: =IF(Суперлига!Уч3="","",Суперлига!Уч3) -> Кауымбаев Адилет+ | K44: ="-" -> - | L44: =IF(Суперлига!Уч7="","",Суперлига!Уч7) -> Алимбаев Максат+ | P44: 3:0 | S44: =IF(AND(I44<>"",P44=""),"встреча играется",IF(P44<>"","сыграна","")) -> сыграна
G45: 4 круг | I45: 12 | J45: =IF(Суперлига!Уч8="","",Суперлига!Уч8) -> Токтамыс Нурбол+ | K45: ="-" -> - | L45: =IF(Суперлига!Уч1="","",Суперлига!Уч1) -> Гилязов Роман+ | P45: 3:0 | S45: =IF(AND(I45<>"",P45=""),"встреча играется",IF(P45<>"","сыграна","")) -> сыграна
I46: 11 | J46: =IF(Суперлига!Уч5="","",Суперлига!Уч5) -> Герасименко Геннадий+ | K46: ="-" -> - | L46: =IF(Суперлига!Уч4="","",Суперлига!Уч4) -> Биятов Ахметбек+ | P46: 0:3 | S46: =IF(AND(I46<>"",P46=""),"встреча играется",IF(P46<>"","сыграна","")) -> сыграна
J47: =IF(Суперлига!Уч7="","",Суперлига!Уч7) -> Алимбаев Максат+ | K47: ="-" -> - | L47: =IF(Суперлига!Уч2="","",Суперлига!Уч2) -> Сереке Султан | S47: =IF(AND(I47<>"",P47=""),"встреча играется",IF(P47<>"","сыграна",""))
I48: 9 | J48: =IF(Суперлига!Уч6="","",Суперлига!Уч6) -> Суртубаев Марат+ | K48: ="-" -> - | L48: =IF(Суперлига!Уч3="","",Суперлига!Уч3) -> Кауымбаев Адилет+ | P48: 3:1 | S48: =IF(AND(I48<>"",P48=""),"встреча играется",IF(P48<>"","сыграна","")) -> сыграна
G49: 5 круг | I49: 9 | J49: =IF(Суперлига!Уч1="","",Суперлига!Уч1) -> Гилязов Роман+ | K49: ="-" -> - | L49: =IF(Суперлига!Уч3="","",Суперлига!Уч3) -> Кауымбаев Адилет+ | P49: 3:0 | S49: =IF(AND(I49<>"",P49=""),"встреча играется",IF(P49<>"","сыграна","")) -> сыграна
J50: =IF(Суперлига!Уч2="","",Суперлига!Уч2) -> Сереке Султан | K50: ="-" -> - | L50: =IF(Суперлига!Уч4="","",Суперлига!Уч4) -> Биятов Ахметбек+ | S50: =IF(AND(I50<>"",P50=""),"встреча играется",IF(P50<>"","сыграна",""))
I51: 10 | J51: =IF(Суперлига!Уч5="","",Суперлига!Уч5) -> Герасименко Геннадий+ | K51: ="-" -> - | L51: =IF(Суперлига!Уч7="","",Суперлига!Уч7) -> Алимбаев Максат+ | P51: 3:1 | S51: =IF(AND(I51<>"",P51=""),"встреча играется",IF(P51<>"","сыграна","")) -> сыграна
I52: 9 | J52: =IF(Суперлига!Уч6="","",Суперлига!Уч6) -> Суртубаев Марат+ | K52: ="-" -> - | L52: =IF(Суперлига!Уч8="","",Суперлига!Уч8) -> Токтамыс Нурбол+ | P52: 3:0 | S52: =IF(AND(I52<>"",P52=""),"встреча играется",IF(P52<>"","сыграна","")) -> сыграна
G53: 6 круг | I53: 9 | J53: =IF(Суперлига!Уч4="","",Суперлига!Уч4) -> Биятов Ахметбек+ | K53: ="-" -> - | L53: =IF(Суперлига!Уч1="","",Суперлига!Уч1) -> Гилязов Роман+ | P53: 1:3 | S53: =IF(AND(I53<>"",P53=""),"встреча играется",IF(P53<>"","сыграна","")) -> сыграна
J54: =IF(Суперлига!Уч3="","",Суперлига!Уч3) -> Кауымбаев Адилет+ | K54: ="-" -> - | L54: =IF(Суперлига!Уч2="","",Суперлига!Уч2) -> Сереке Султан | S54: =IF(AND(I54<>"",P54=""),"встреча играется",IF(P54<>"","сыграна",""))
I55: 11 | J55: =IF(Суперлига!Уч7="","",Суперлига!Уч7) -> Алимбаев Максат+ | K55: ="-" -> - | L55: =IF(Суперлига!Уч6="","",Суперлига!Уч6) -> Суртубаев Марат+ | P55: 3:0 | S55: =IF(AND(I55<>"",P55=""),"встреча играется",IF(P55<>"","сыграна","")) -> сыграна
I56: 10 | J56: =IF(Суперлига!Уч8="","",Суперлига!Уч8) -> Токтамыс Нурбол+ | K56: ="-" -> - | L56: =IF(Суперлига!Уч5="","",Суперлига!Уч5) -> Герасименко Геннадий+ | P56: 3:0 | S56: =IF(AND(I56<>"",P56=""),"встреча играется",IF(P56<>"","сыграна","")) -> сыграна
G57: 7 круг | J57: =IF(Суперлига!Уч1="","",Суперлига!Уч1) -> Гилязов Роман+ | K57: ="-" -> - | L57: =IF(Суперлига!Уч2="","",Суперлига!Уч2) -> Сереке Султан | S57: =IF(AND(I57<>"",P57=""),"встреча играется",IF(P57<>"","сыграна",""))
I58: 9 | J58: =IF(Суперлига!Уч3="","",Суперлига!Уч3) -> Кауымбаев Адилет+ | K58: ="-" -> - | L58: =IF(Суперлига!Уч4="","",Суперлига!Уч4) -> Биятов Ахметбек+ | P58: 0:3 | S58: =IF(AND(I58<>"",P58=""),"встреча играется",IF(P58<>"","сыграна","")) -> сыграна
I59: 11 | J59: =IF(Суперлига!Уч5="","",Суперлига!Уч5) -> Герасименко Геннадий+ | K59: ="-" -> - | L59: =IF(Суперлига!Уч6="","",Суперлига!Уч6) -> Суртубаев Марат+ | P59: 3:2 | S59: =IF(AND(I59<>"",P59=""),"встреча играется",IF(P59<>"","сыграна","")) -> сыграна
I60: 12 | J60: =IF(Суперлига!Уч7="","",Суперлига!Уч7) -> Алимбаев Максат+ | K60: ="-" -> - | L60: =IF(Суперлига!Уч8="","",Суперлига!Уч8) -> Токтамыс Нурбол+ | P60: 1:3 | S60: =IF(AND(I60<>"",P60=""),"встреча играется",IF(P60<>"","сыграна","")) -> сыграна

Sheet А1
D1: Турнир Открытое первенство города Астана (лиги) | K1: Дата: | L1: =Суперлига!L1 -> 46061
K4: матчи до | M4: 3 | N4: побед
C5: =IF(COUNTIF(D7:D14,"")>0,1,0) -> 0 | E5: =IF((COUNTIF(L33:R60,">""")+COUNTIF(T7:U30,">"""))>0,1,0) -> 1
C6: № | D6: Участники турнира | E6: Рейтинг | G6: № | H6: Разряд | I6: R | J6: Фамилия Имя | K6: 1 | L6: 2 | M6: 3 | N6: 4 | O6: 5 | P6: 6 | Q6: 7 | R6: 8 | S6: Очки | T6: Соотн. | U6: Место
C7: 1 | D7: Забанов Филипп | G7: 1 | H7: КМС | I7: 26 | J7: Забанов Филипп+ | L7: =IF(LEFT(P57,1)="L",0,(IF(P57="","",(IF(LEFT(P57,1)>RIGHT(P57,1),2,1))))) -> 2 | M7: =IF(LEFT(P49,1)="L",0,(IF(P49="","",(IF(LEFT(P49,1)>RIGHT(P49,1),2,1))))) -> 1 | N7: =IF(RIGHT(P53,1)="L",0,(IF(P53="","",(IF(RIGHT(P53,1)>LEFT(P53,1),2,1))))) -> 2 | O7: =IF(LEFT(P41,1)="L",0,(IF(P41="","",(IF(LEFT(P41,1)>RIGHT(P41,1),2,1))))) -> 2 | P7: =IF(RIGHT(P38,1)="L",0,(IF(P38="","",(IF(RIGHT(P38,1)>LEFT(P38,1),2,1))))) -> 2 | Q7: =IF(LEFT(P35,1)="L",0,(IF(P35="","",(IF(LEFT(P35,1)>RIGHT(P35,1),2,1))))) -> 2 | R7: =IF(RIGHT(P45,1)="L",0,(IF(P45="","",(IF(RIGHT(P45,1)>LEFT(P45,1),2,1))))) -> 1 | S7: =IF((AND(COUNTIF(J7:J30,">""")>2,COUNTIF(P33:P60,">""")>0)),SUM(K7,L7,M7,N7,O7,P7,Q7,R7),"") -> 12 | U7: 3
C8: 2 | D8: Болдырев Андрей | L8: =IF(LEFT(P57,1)="W",$M$4&":0(W)",IF(LEFT(P57,1)="L","0:"&$M$4&"(L)",IF(P57="","",P57))) -> 3:1 | M8: =IF(LEFT(P49,1)="W",$M$4&":0(W)",IF(LEFT(P49,1)="L","0:"&$M$4&"(L)",IF(P49="","",P49))) -> 0:3 | N8: =IF(RIGHT(P53,1)="W",$M$4&":0(W)",IF(RIGHT(P53,1)="L","0:"&$M$4&"(L)",IF(P53="","",RIGHT(P53,1)&":"&LEFT(P53,1)))) -> 3:2 | O8: =IF(LEFT(P41,1)="W",$M$4&":0(W)",IF(LEFT(P41,1)="L","0:"&$M$4&"(L)",IF(P41="","",P41))) -> 3:0 | P8: =IF(RIGHT(P38,1)="W",$M$4&":0(W)",IF(RIGHT(P38,1)="L","0:"&$M$4&"(L)",IF(P38="","",RIGHT(P38,1)&":"&LEFT(P38,1)))) -> 3:2 | Q8: =IF(LEFT(P35,1)="W",$M$4&":0(W)",IF(LEFT(P35,1)="L","0:"&$M$4&"(L)",IF(P35="","",P35))) -> 3:1 | R8: =IF(RIGHT(P45,1)="W",$M$4&":0(W)",IF(RIGHT(P45,1)="L","0:"&$M$4&"(L)",IF(P45="","",RIGHT(P45,1)&":"&LEFT(P45,1)))) -> 1:3
C9: 3 | D9: Бекназаров Ермек | L9: =IF(P57="","",IF(Q57="","",Q57)) | M9: =IF(P49="","",IF(Q49="","",Q49)) | N9: =IF(P53="","",IF(Q53="","",REPLACE(SUBSTITUTE(SUBSTITUTE(SUBSTITUTE(SUBSTITUTE(","&Q53,",-","#"),",","-"),"#",","),"-",",-"),1,1,""))) | O9: =IF(P41="","",IF(Q41="","",Q41)) | P9: =IF(P38="","",IF(Q38="","",REPLACE(SUBSTITUTE(SUBSTITUTE(SUBSTITUTE(SUBSTITUTE(","&Q38,",-","#"),",","-"),"#",","),"-",",-"),1,1,""))) | Q9: =IF(P35="","",IF(Q35="","",Q35)) | R9: =IF(P45="","",IF(Q45="","",REPLACE(SUBSTITUTE(SUBSTITUTE(SUBSTITUTE(SUBSTITUTE(","&Q45,",-","#"),",","-"),"#",","),"-",",-"),1,1,"")))
C10: 4 | D10: Тажиев Нурсултан | G10: 2 | I10: 29 | J10: Болдырев Андрей+ | K10: =IF(RIGHT(P57,1)="L",0,(IF(P57="","",(IF(RIGHT(P57,1)>LEFT(P57,1),2,1))))) -> 1 | M10: =IF(RIGHT(P54,1)="L",0,(IF(P54="","",(IF(RIGHT(P54,1)>LEFT(P54,1),2,1))))) -> 1 | N10: =IF(LEFT(P50,1)="L",0,(IF(P50="","",(IF(LEFT(P50,1)>RIGHT(P50,1),2,1))))) -> 2 | O10: =IF(RIGHT(P37,1)="L",0,(IF(P37="","",(IF(RIGHT(P37,1)>LEFT(P37,1),2,1))))) -> 2 | P10: =IF(LEFT(P33,1)="L",0,(IF(P33="","",(IF(LEFT(P33,1)>RIGHT(P33,1),2,1))))) -> 1 | Q10: =IF(RIGHT(P47,1)="L",0,(IF(P47="","",(IF(RIGHT(P47,1)>LEFT(P47,1),2,1))))) -> 2 | R10: =IF(LEFT(P42,1)="L",0,(IF(P42="","",(IF(LEFT(P42,1)>RIGHT(P42,1),2,1))))) -> 1 | S10: =IF((AND(COUNTIF(J7:J30,">""")>2,COUNTIF(P33:P60,">""")>0)),SUM(K10,L10,M10,N10,O10,P10,Q10,R10),"") -> 10 | U10: 5
C11: 5 | D11: Нурмухамет Данияр | K11: =IF(RIGHT(P57,1)="W",$M$4&":0(W)",IF(RIGHT(P57,1)="L","0:"&$M$4&"(L)",IF(P57="","",RIGHT(P57,1)&":"&LEFT(P57,1)))) -> 1:3 | M11: =IF(RIGHT(P54,1)="W",$M$4&":0(W)",IF(RIGHT(P54,1)="L","0:"&$M$4&"(L)",IF(P54="","",RIGHT(P54,1)&":"&LEFT(P54,1)))) -> 0:3 | N11: =IF(LEFT(P50,1)="W",$M$4&":0(W)",IF(LEFT(P50,1)="L","0:"&$M$4&"(L)",IF(P50="","",P50))) -> 3:2 | O11: =IF(RIGHT(P37,1)="W",$M$4&":0(W)",IF(RIGHT(P37,1)="L","0:"&$M$4&"(L)",IF(P37="","",RIGHT(P37,1)&":"&LEFT(P37,1)))) -> 3:1 | P11: =IF(LEFT(P33,1)="W",$M$4&":0(W)",IF(LEFT(P33,1)="L","0:"&$M$4&"(L)",IF(P33="","",P33))) -> 0:3 | Q11: =IF(RIGHT(P47,1)="W",$M$4&":0(W)",IF(RIGHT(P47,1)="L","0:"&$M$4&"(L)",IF(P47="","",RIGHT(P47,1)&":"&LEFT(P47,1)))) -> 3:0 | R11: =IF(LEFT(P42,1)="W",$M$4&":0(W)",IF(LEFT(P42,1)="L","0:"&$M$4&"(L)",IF(P42="","",P42))) -> 0:3
C12: 6 | D12: Садыков Алмаз | K12: =IF(P57="","",IF(Q57="","",REPLACE(SUBSTITUTE(SUBSTITUTE(SUBSTITUTE(SUBSTITUTE(","&Q57,",-","#"),",","-"),"#",","),"-",",-"),1,1,""))) | M12: =IF(P54="","",IF(Q54="","",REPLACE(SUBSTITUTE(SUBSTITUTE(SUBSTITUTE(SUBSTITUTE(","&Q54,",-","#"),",","-"),"#",","),"-",",-"),1,1,""))) | N12: =IF(P50="","",IF(Q50="","",Q50)) | O12: =IF(P37="","",IF(Q37="","",REPLACE(SUBSTITUTE(SUBSTITUTE(SUBSTITUTE(SUBSTITUTE(","&Q37,",-","#"),",","-"),"#",","),"-",",-"),1,1,""))) | P12: =IF(P33="","",IF(Q33="","",Q33)) | Q12: =IF(P47="","",IF(Q47="","",REPLACE(SUBSTITUTE(SUBSTITUTE(SUBSTITUTE(SUBSTITUTE(","&Q47,",-","#"),",","-"),"#",","),"-",",-"),1,1,""))) | R12: =IF(P42="","",IF(Q42="","",Q42))
C13: 7 | D13: Куанышбеков Алмат | G13: 3 | H13: МС | I13: 43 | J13: Бекназаров Ермек+ | K13: =IF(RIGHT(P49,1)="L",0,(IF(P49="","",(IF(RIGHT(P49,1)>LEFT(P49,1),2,1))))) -> 2 | L13: =IF(LEFT(P54,1)="L",0,(IF(P54="","",(IF(LEFT(P54,1)>RIGHT(P54,1),2,1))))) -> 2 | N13: =IF(LEFT(P58,1)="L",0,(IF(P58="","",(IF(LEFT(P58,1)>RIGHT(P58,1),2,1))))) -> 2 | O13: =IF(LEFT(P34,1)="L",0,(IF(P34="","",(IF(LEFT(P34,1)>RIGHT(P34,1),2,1))))) -> 2 | P13: =IF(RIGHT(P48,1)="L",0,(IF(P48="","",(IF(RIGHT(P48,1)>LEFT(P48,1),2,1))))) -> 1 | Q13: =IF(LEFT(P44,1)="L",0,(IF(P44="","",(IF(LEFT(P44,1)>RIGHT(P44,1),2,1))))) -> 2 | R13: =IF(RIGHT(P39,1)="L",0,(IF(P39="","",(IF(RIGHT(P39,1)>LEFT(P39,1),2,1))))) -> 1 | S13: =IF((AND(COUNTIF(J7:J30,">""")>2,COUNTIF(P33:P60,">""")>0)),SUM(K13,L13,M13,N13,O13,P13,Q13,R13),"") -> 12 | U13: 2
C14: 8 | D14: Пак Данил | K14: =IF(RIGHT(P49,1)="W",$M$4&":0(W)",IF(RIGHT(P49,1)="L","0:"&$M$4&"(L)",IF(P49="","",RIGHT(P49,1)&":"&LEFT(P49,1)))) -> 3:0 | L14: =IF(LEFT(P54,1)="W",$M$4&":0(W)",IF(LEFT(P54,1)="L","0:"&$M$4&"(L)",IF(P54="","",P54))) -> 3:0 | N14: =IF(LEFT(P58,1)="W",$M$4&":0(W)",IF(LEFT(P58,1)="L","0:"&$M$4&"(L)",IF(P58="","",P58))) -> 3:1 | O14: =IF(LEFT(P34,1)="W",$M$4&":0(W)",IF(LEFT(P34,1)="L","0:"&$M$4&"(L)",IF(P34="","",P34))) -> 3:2 | P14: =IF(RIGHT(P48,1)="W",$M$4&":0(W)",IF(RIGHT(P48,1)="L","0:"&$M$4&"(L)",IF(P48="","",RIGHT(P48,1)&":"&LEFT(P48,1)))) -> 2:3 | Q14: =IF(LEFT(P44,1)="W",$M$4&":0(W)",IF(LEFT(P44,1)="L","0:"&$M$4&"(L)",IF(P44="","",P44))) -> 3:0 | R14: =IF(RIGHT(P39,1)="W",$M$4&":0(W)",IF(RIGHT(P39,1)="L","0:"&$M$4&"(L)",IF(P39="","",RIGHT(P39,1)&":"&LEFT(P39,1)))) -> 2:3
K15: =IF(P49="","",IF(Q49="","",REPLACE(SUBSTITUTE(SUBSTITUTE(SUBSTITUTE(SUBSTITUTE(","&Q49,",-","#"),",","-"),"#",","),"-",",-"),1,1,""))) | L15: =IF(P54="","",IF(Q54="","",Q54)) | N15: =IF(P58="","",IF(Q58="","",Q58)) | O15: =IF(P34="","",IF(Q34="","",Q34)) | P15: =IF(P48="","",IF(Q48="","",REPLACE(SUBSTITUTE(SUBSTITUTE(SUBSTITUTE(SUBSTITUTE(","&Q48,",-","#"),",","-"),"#",","),"-",",-"),1,1,""))) | Q15: =IF(P44="","",IF(Q44="","",Q44)) | R15: =IF(P39="","",IF(Q39="","",REPLACE(SUBSTITUTE(SUBSTITUTE(SUBSTITUTE(SUBSTITUTE(","&Q39,",-","#"),",","-"),"#",","),"-",",-"),1,1,"")))
G16: 4 | H16: КМС | I16: 28 | J16: Тажиев Нурсултан+ | K16: =IF(LEFT(P53,1)="L",0,(IF(P53="","",(IF(LEFT(P53,1)>RIGHT(P53,1),2,1))))) -> 1 | L16: =IF(RIGHT(P50,1)="L",0,(IF(P50="","",(IF(RIGHT(P50,1)>LEFT(P50,1),2,1))))) -> 1 | M16: =IF(RIGHT(P58,1)="L",0,(IF(P58="","",(IF(RIGHT(P58,1)>LEFT(P58,1),2,1))))) -> 1 | O16: =IF(RIGHT(P46,1)="L",0,(IF(P46="","",(IF(RIGHT(P46,1)>LEFT(P46,1),2,1))))) -> 2 | P16: =IF(LEFT(P43,1)="L",0,(IF(P43="","",(IF(LEFT(P43,1)>RIGHT(P43,1),2,1))))) -> 2 | Q16: =IF(RIGHT(P40,1)="L",0,(IF(P40="","",(IF(RIGHT(P40,1)>LEFT(P40,1),2,1))))) -> 2 | R16: =IF(LEFT(P36,1)="L",0,(IF(P36="","",(IF(LEFT(P36,1)>RIGHT(P36,1),2,1))))) -> 1 | S16: =IF((AND(COUNTIF(J7:J30,">""")>2,COUNTIF(P33:P60,">""")>0)),SUM(K16,L16,M16,N16,O16,P16,Q16,R16),"") -> 10 | U16: 6
K17: =IF(LEFT(P53,1)="W",$M$4&":0(W)",IF(LEFT(P53,1)="L","0:"&$M$4&"(L)",IF(P53="","",P53))) -> 2:3 | L17: =IF(RIGHT(P50,1)="W",$M$4&":0(W)",IF(RIGHT(P50,1)="L","0:"&$M$4&"(L)",IF(P50="","",RIGHT(P50,1)&":"&LEFT(P50,1)))) -> 2:3 | M17: =IF(RIGHT(P58,1)="W",$M$4&":0(W)",IF(RIGHT(P58,1)="L","0:"&$M$4&"(L)",IF(P58="","",RIGHT(P58,1)&":"&LEFT(P58,1)))) -> 1:3 | O17: =IF(RIGHT(P46,1)="W",$M$4&":0(W)",IF(RIGHT(P46,1)="L","0:"&$M$4&"(L)",IF(P46="","",RIGHT(P46,1)&":"&LEFT(P46,1)))) -> 3:0 | P17: =IF(LEFT(P43,1)="W",$M$4&":0(W)",IF(LEFT(P43,1)="L","0:"&$M$4&"(L)",IF(P43="","",P43))) -> 3:2 | Q17: =IF(RIGHT(P40,1)="W",$M$4&":0(W)",IF(RIGHT(P40,1)="L","0:"&$M$4&"(L)",IF(P40="","",RIGHT(P40,1)&":"&LEFT(P40,1)))) -> 3:1 | R17: =IF(LEFT(P36,1)="W",$M$4&":0(W)",IF(LEFT(P36,1)="L","0:"&$M$4&"(L)",IF(P36="","",P36))) -> 2:3
K18: =IF(P53="","",IF(Q53="","",Q53)) | L18: =IF(P50="","",IF(Q50="","",REPLACE(SUBSTITUTE(SUBSTITUTE(SUBSTITUTE(SUBSTITUTE(","&Q50,",-","#"),",","-"),"#",","),"-",",-"),1,1,""))) | M18: =IF(P58="","",IF(Q58="","",REPLACE(SUBSTITUTE(SUBSTITUTE(SUBSTITUTE(SUBSTITUTE(","&Q58,",-","#"),",","-"),"#",","),"-",",-"),1,1,""))) | O18: =IF(P46="","",IF(Q46="","",REPLACE(SUBSTITUTE(SUBSTITUTE(SUBSTITUTE(SUBSTITUTE(","&Q46,",-","#"),",","-"),"#",","),"-",",-"),1,1,""))) | P18: =IF(P43="","",IF(Q43="","",Q43)) | Q18: =IF(P40="","",IF(Q40="","",REPLACE(SUBSTITUTE(SUBSTITUTE(SUBSTITUTE(SUBSTITUTE(","&Q40,",-","#"),",","-"),"#",","),"-",",-"),1,1,""))) | R18: =IF(P36="","",IF(Q36="","",Q36))
G19: 5 | H19: КМС | I19: 21 | J19: Нурмухамет Данияр+ | K19: =IF(RIGHT(P41,1)="L",0,(IF(P41="","",(IF(RIGHT(P41,1)>LEFT(P41,1),2,1))))) -> 1 | L19: =IF(LEFT(P37,1)="L",0,(IF(P37="","",(IF(LEFT(P37,1)>RIGHT(P37,1),2,1))))) -> 1 | M19: =IF(RIGHT(P34,1)="L",0,(IF(P34="","",(IF(RIGHT(P34,1)>LEFT(P34,1),2,1))))) -> 1 | N19: =IF(LEFT(P46,1)="L",0,(IF(P46="","",(IF(LEFT(P46,1)>RIGHT(P46,1),2,1))))) -> 1 | P19: =IF(LEFT(P59,1)="L",0,(IF(P59="","",(IF(LEFT(P59,1)>RIGHT(P59,1),2,1))))) -> 1 | Q19: =IF(LEFT(P51,1)="L",0,(IF(P51="","",(IF(LEFT(P51,1)>RIGHT(P51,1),2,1))))) -> 2 | R19: =IF(RIGHT(P56,1)="L",0,(IF(P56="","",(IF(RIGHT(P56,1)>LEFT(P56,1),2,1))))) -> 1 | S19: =IF((AND(COUNTIF(J7:J30,">""")>2,COUNTIF(P33:P60,">""")>0)),SUM(K19,L19,M19,N19,O19,P19,Q19,R19),"") -> 8 | U19: 7
K20: =IF(RIGHT(P41,1)="W",$M$4&":0(W)",IF(RIGHT(P41,1)="L","0:"&$M$4&"(L)",IF(P41="","",RIGHT(P41,1)&":"&LEFT(P41,1)))) -> 0:3 | L20: =IF(LEFT(P37,1)="W",$M$4&":0(W)",IF(LEFT(P37,1)="L","0:"&$M$4&"(L)",IF(P37="","",P37))) -> 1:3 | M20: =IF(RIGHT(P34,1)="W",$M$4&":0(W)",IF(RIGHT(P34,1)="L","0:"&$M$4&"(L)",IF(P34="","",RIGHT(P34,1)&":"&LEFT(P34,1)))) -> 2:3 | N20: =IF(LEFT(P46,1)="W",$M$4&":0(W)",IF(LEFT(P46,1)="L","0:"&$M$4&"(L)",IF(P46="","",P46))) -> 0:3 | P20: =IF(LEFT(P59,1)="W",$M$4&":0(W)",IF(LEFT(P59,1)="L","0:"&$M$4&"(L)",IF(P59="","",P59))) -> 0:3 | Q20: =IF(LEFT(P51,1)="W",$M$4&":0(W)",IF(LEFT(P51,1)="L","0:"&$M$4&"(L)",IF(P51="","",P51))) -> 3:0 | R20: =IF(RIGHT(P56,1)="W",$M$4&":0(W)",IF(RIGHT(P56,1)="L","0:"&$M$4&"(L)",IF(P56="","",RIGHT(P56,1)&":"&LEFT(P56,1)))) -> 2:3
K21: =IF(P41="","",IF(Q41="","",REPLACE(SUBSTITUTE(SUBSTITUTE(SUBSTITUTE(SUBSTITUTE(","&Q41,",-","#"),",","-"),"#",","),"-",",-"),1,1,""))) | L21: =IF(P37="","",IF(Q37="","",Q37)) | M21: =IF(P34="","",IF(Q34="","",REPLACE(SUBSTITUTE(SUBSTITUTE(SUBSTITUTE(SUBSTITUTE(","&Q34,",-","#"),",","-"),"#",","),"-",",-"),1,1,""))) | N21: =IF(P46="","",IF(Q46="","",Q46)) | P21: =IF(P59="","",IF(Q59="","",Q59)) | Q21: =IF(P51="","",IF(Q51="","",Q51)) | R21: =IF(P56="","",IF(Q56="","",REPLACE(SUBSTITUTE(SUBSTITUTE(SUBSTITUTE(SUBSTITUTE(","&Q56,",-","#"),",","-"),"#",","),"-",",-"),1,1,"")))
B22: 3:0 | G22: 6 | H22: МС | I22: 33 | J22: Садыков Алмаз+ | K22: =IF(LEFT(P38,1)="L",0,(IF(P38="","",(IF(LEFT(P38,1)>RIGHT(P38,1),2,1))))) -> 1 | L22: =IF(RIGHT(P33,1)="L",0,(IF(P33="","",(IF(RIGHT(P33,1)>LEFT(P33,1),2,1))))) -> 2 | M22: =IF(LEFT(P48,1)="L",0,(IF(P48="","",(IF(LEFT(P48,1)>RIGHT(P48,1),2,1))))) -> 2 | N22: =IF(RIGHT(P43,1)="L",0,(IF(P43="","",(IF(RIGHT(P43,1)>LEFT(P43,1),2,1))))) -> 1 | O22: =IF(RIGHT(P59,1)="L",0,(IF(P59="","",(IF(RIGHT(P59,1)>LEFT(P59,1),2,1))))) -> 2 | Q22: =IF(RIGHT(P55,1)="L",0,(IF(P55="","",(IF(RIGHT(P55,1)>LEFT(P55,1),2,1))))) -> 2 | R22: =IF(LEFT(P52,1)="L",0,(IF(P52="","",(IF(LEFT(P52,1)>RIGHT(P52,1),2,1))))) -> 1 | S22: =IF((AND(COUNTIF(J7:J30,">""")>2,COUNTIF(P33:P60,">""")>0)),SUM(K22,L22,M22,N22,O22,P22,Q22,R22),"") -> 11 | U22: 4
B23: 3:1 | K23: =IF(LEFT(P38,1)="W",$M$4&":0(W)",IF(LEFT(P38,1)="L","0:"&$M$4&"(L)",IF(P38="","",P38))) -> 2:3 | L23: =IF(RIGHT(P33,1)="W",$M$4&":0(W)",IF(RIGHT(P33,1)="L","0:"&$M$4&"(L)",IF(P33="","",RIGHT(P33,1)&":"&LEFT(P33,1)))) -> 3:0 | M23: =IF(LEFT(P48,1)="W",$M$4&":0(W)",IF(LEFT(P48,1)="L","0:"&$M$4&"(L)",IF(P48="","",P48))) -> 3:2 | N23: =IF(RIGHT(P43,1)="W",$M$4&":0(W)",IF(RIGHT(P43,1)="L","0:"&$M$4&"(L)",IF(P43="","",RIGHT(P43,1)&":"&LEFT(P43,1)))) -> 2:3 | O23: =IF(RIGHT(P59,1)="W",$M$4&":0(W)",IF(RIGHT(P59,1)="L","0:"&$M$4&"(L)",IF(P59="","",RIGHT(P59,1)&":"&LEFT(P59,1)))) -> 3:0 | Q23: =IF(RIGHT(P55,1)="W",$M$4&":0(W)",IF(RIGHT(P55,1)="L","0:"&$M$4&"(L)",IF(P55="","",RIGHT(P55,1)&":"&LEFT(P55,1)))) -> 3:1 | R23: =IF(LEFT(P52,1)="W",$M$4&":0(W)",IF(LEFT(P52,1)="L","0:"&$M$4&"(L)",IF(P52="","",P52))) -> 2:3
B24: 3:2 | K24: =IF(P38="","",IF(Q38="","",Q38)) | L24: =IF(P33="","",IF(Q33="","",REPLACE(SUBSTITUTE(SUBSTITUTE(SUBSTITUTE(SUBSTITUTE(","&Q33,",-","#"),",","-"),"#",","),"-",",-"),1,1,""))) | M24: =IF(P48="","",IF(Q48="","",Q48)) | N24: =IF(P43="","",IF(Q43="","",REPLACE(SUBSTITUTE(SUBSTITUTE(SUBSTITUTE(SUBSTITUTE(","&Q43,",-","#"),",","-"),"#",","),"-",",-"),1,1,""))) | O24: =IF(P59="","",IF(Q59="","",REPLACE(SUBSTITUTE(SUBSTITUTE(SUBSTITUTE(SUBSTITUTE(","&Q59,",-","#"),",","-"),"#",","),"-",",-"),1,1,""))) | Q24: =IF(P55="","",IF(Q55="","",REPLACE(SUBSTITUTE(SUBSTITUTE(SUBSTITUTE(SUBSTITUTE(","&Q55,",-","#"),",","-"),"#",","),"-",",-"),1,1,""))) | R24: =IF(P52="","",IF(Q52="","",Q52))
B25: 0:3 | G25: 7 | H25: КМС | I25: 22 | J25: Куанышбеков Алмат+ | K25: =IF(RIGHT(P35,1)="L",0,(IF(P35="","",(IF(RIGHT(P35,1)>LEFT(P35,1),2,1))))) -> 1 | L25: =IF(LEFT(P47,1)="L",0,(IF(P47="","",(IF(LEFT(P47,1)>RIGHT(P47,1),2,1))))) -> 1 | M25: =IF(RIGHT(P44,1)="L",0,(IF(P44="","",(IF(RIGHT(P44,1)>LEFT(P44,1),2,1))))) -> 1 | N25: =IF(LEFT(P40,1)="L",0,(IF(P40="","",(IF(LEFT(P40,1)>RIGHT(P40,1),2,1))))) -> 1 | O25: =IF(RIGHT(P51,1)="L",0,(IF(P51="","",(IF(RIGHT(P51,1)>LEFT(P51,1),2,1))))) -> 1 | P25: =IF(LEFT(P55,1)="L",0,(IF(P55="","",(IF(LEFT(P55,1)>RIGHT(P55,1),2,1))))) -> 1 | R25: =IF(LEFT(P60,1)="L",0,(IF(P60="","",(IF(LEFT(P60,1)>RIGHT(P60,1),2,1))))) -> 1 | S25: =IF((AND(COUNTIF(J7:J30,">""")>2,COUNTIF(P33:P60,">""")>0)),SUM(K25,L25,M25,N25,O25,P25,Q25,R25),"") -> 7 | U25: 8
B26: 1:3 | K26: =IF(RIGHT(P35,1)="W",$M$4&":0(W)",IF(RIGHT(P35,1)="L","0:"&$M$4&"(L)",IF(P35="","",RIGHT(P35,1)&":"&LEFT(P35,1)))) -> 1:3 | L26: =IF(LEFT(P47)="W",$M$4&":0(W)",IF(LEFT(P47,1)="L","0:"&$M$4&"(L)",IF(P47="","",P47))) -> 0:3 | M26: =IF(RIGHT(P44,1)="W",$M$4&":0(W)",IF(RIGHT(P44,1)="L","0:"&$M$4&"(L)",IF(P44="","",RIGHT(P44,1)&":"&LEFT(P44,1)))) -> 0:3 | N26: =IF(LEFT(P40,1)="W",$M$4&":0(W)",IF(LEFT(P40,1)="L","0:"&$M$4&"(L)",IF(P40="","",P40))) -> 1:3 | O26: =IF(RIGHT(P51,1)="W",$M$4&":0(W)",IF(RIGHT(P51,1)="L","0:"&$M$4&"(L)",IF(P51="","",RIGHT(P51,1)&":"&LEFT(P51,1)))) -> 0:3 | P26: =IF(LEFT(P55,1)="W",$M$4&":0(W)",IF(LEFT(P55,1)="L","0:"&$M$4&"(L)",IF(P55="","",P55))) -> 1:3 | R26: =IF(LEFT(P60,1)="W",$M$4&":0(W)",IF(LEFT(P60,1)="L","0:"&$M$4&"(L)",IF(P60="","",P60))) -> 1:3
B27: 2:3 | K27: =IF(P35="","",IF(Q35="","",REPLACE(SUBSTITUTE(SUBSTITUTE(SUBSTITUTE(SUBSTITUTE(","&Q35,",-","#"),",","-"),"#",","),"-",",-"),1,1,""))) | L27: =IF(P47="","",IF(Q47="","",Q47)) | M27: =IF(P44="","",IF(Q44="","",REPLACE(SUBSTITUTE(SUBSTITUTE(SUBSTITUTE(SUBSTITUTE(","&Q44,",-","#"),",","-"),"#",","),"-",",-"),1,1,""))) | N27: =IF(P40="","",IF(Q40="","",Q40)) | O27: =IF(P51="","",IF(Q51="","",REPLACE(SUBSTITUTE(SUBSTITUTE(SUBSTITUTE(SUBSTITUTE(","&Q51,",-","#"),",","-"),"#",","),"-",",-"),1,1,""))) | P27: =IF(P55="","",IF(Q55="","",Q55)) | R27: =IF(P60="","",IF(Q60="","",Q60))
B28: W:L | G28: 8 | H28: МС | I28: 31 | J28: Пак Данил+ | K28: =IF(LEFT(P45,1)="L",0,(IF(P45="","",(IF(LEFT(P45,1)>RIGHT(P45,1),2,1))))) -> 2 | L28: =IF(RIGHT(P42,1)="L",0,(IF(P42="","",(IF(RIGHT(P42,1)>LEFT(P42,1),2,1))))) -> 2 | M28: =IF(LEFT(P39,1)="L",0,(IF(P39="","",(IF(LEFT(P39,1)>RIGHT(P39,1),2,1))))) -> 2 | N28: =IF(RIGHT(P36,1)="L",0,(IF(P36="","",(IF(RIGHT(P36,1)>LEFT(P36,1),2,1))))) -> 2 | O28: =IF(LEFT(P56,1)="L",0,(IF(P56="","",(IF(LEFT(P56,1)>RIGHT(P56,1),2,1))))) -> 2 | P28: =IF(RIGHT(P52,1)="L",0,(IF(P52="","",(IF(RIGHT(P52,1)>LEFT(P52,1),2,1))))) -> 2 | Q28: =IF(RIGHT(P60,1)="L",0,(IF(P60="","",(IF(RIGHT(P60,1)>LEFT(P60,1),2,1))))) -> 2 | S28: =IF((AND(COUNTIF(J7:J30,">""")>2,COUNTIF(P33:P60,">""")>0)),SUM(K28,L28,M28,N28,O28,P28,Q28,R28),"") -> 14 | U28: 1
B29: L:W | K29: =IF(LEFT(P45,1)="W",$M$4&":0(W)",IF(LEFT(P45,1)="L","0:"&$M$4&"(L)",IF(P45="","",P45))) -> 3:1 | L29: =IF(RIGHT(P42,1)="W",$M$4&":0(W)",IF(RIGHT(P42,1)="L","0:"&$M$4&"(L)",IF(P42="","",RIGHT(P42,1)&":"&LEFT(P42,1)))) -> 3:0 | M29: =IF(LEFT(P39,1)="W",$M$4&":0(W)",IF(LEFT(P39,1)="L","0:"&$M$4&"(L)",IF(P39="","",P39))) -> 3:2 | N29: =IF(RIGHT(P36,1)="W",$M$4&":0(W)",IF(RIGHT(P36,1)="L","0:"&$M$4&"(L)",IF(P36="","",RIGHT(P36,1)&":"&LEFT(P36,1)))) -> 3:2 | O29: =IF(LEFT(P56,1)="W",$M$4&":0(W)",IF(LEFT(P56,1)="L","0:"&$M$4&"(L)",IF(P56="","",P56))) -> 3:2 | P29: =IF(RIGHT(P52,1)="W",$M$4&":0(W)",IF(RIGHT(P52,1)="L","0:"&$M$4&"(L)",IF(P52="","",RIGHT(P52,1)&":"&LEFT(P52,1)))) -> 3:2 | Q29: =IF(RIGHT(P60,1)="W",$M$4&":0(W)",IF(RIGHT(P60,1)="L","0:"&$M$4&"(L)",IF(P60="","",RIGHT(P60,1)&":"&LEFT(P60,1)))) -> 3:1
B30: 2:0 | K30: =IF(P45="","",IF(Q45="","",Q45)) | L30: =IF(P42="","",IF(Q42="","",REPLACE(SUBSTITUTE(SUBSTITUTE(SUBSTITUTE(SUBSTITUTE(","&Q42,",-","#"),",","-"),"#",","),"-",",-"),1,1,""))) | M30: =IF(P39="","",IF(Q39="","",Q39)) | N30: =IF(P36="","",IF(Q36="","",REPLACE(SUBSTITUTE(SUBSTITUTE(SUBSTITUTE(SUBSTITUTE(","&Q36,",-","#"),",","-"),"#",","),"-",",-"),1,1,""))) | O30: =IF(P56="","",IF(Q56="","",Q56)) | P30: =IF(P52="","",IF(Q52="","",REPLACE(SUBSTITUTE(SUBSTITUTE(SUBSTITUTE(SUBSTITUTE(","&Q52,",-","#"),",","-"),"#",","),"-",",-"),1,1,""))) | Q30: =IF(P60="","",IF(Q60="","",REPLACE(SUBSTITUTE(SUBSTITUTE(SUBSTITUTE(SUBSTITUTE(","&Q60,",-","#"),",","-"),"#",","),"-",",-"),1,1,"")))
B31: 2:1
B32: 1:2 | I32: ю | P32: счет по сетам | Q32: мячи
B33: 0:2 | G33: 1 круг | I33: 9 | J33: =IF(А1!Уч2="","",А1!Уч2) -> Болдырев Андрей+ | K33: ="-" -> - | L33: =IF(А1!Уч6="","",А1!Уч6) -> Садыков Алмаз+ | P33: 0:3 | S33: =IF(AND(I33<>"",P33=""),"встреча играется",IF(P33<>"","сыграна","")) -> сыграна
B34: 4:0 | I34: 12 | J34: =IF(А1!Уч3="","",А1!Уч3) -> Бекназаров Ермек+ | K34: ="-" -> - | L34: =IF(А1!Уч5="","",А1!Уч5) -> Нурмухамет Данияр+ | P34: 3:2 | S34: =IF(AND(I34<>"",P34=""),"встреча играется",IF(P34<>"","сыграна","")) -> сыграна
B35: 4:1 | I35: 9 | J35: =IF(А1!Уч1="","",А1!Уч1) -> Забанов Филипп+ | K35: ="-" -> - | L35: =IF(А1!Уч7="","",А1!Уч7) -> Куанышбеков Алмат+ | P35: 3:1 | S35: =IF(AND(I35<>"",P35=""),"встреча играется",IF(P35<>"","сыграна","")) -> сыграна
B36: 4:2 | I36: 18 | J36: =IF(А1!Уч4="","",А1!Уч4) -> Тажиев Нурсултан+ | K36: ="-" -> - | L36: =IF(А1!Уч8="","",А1!Уч8) -> Пак Данил+ | P36: 2:3 | S36: =IF(AND(I36<>"",P36=""),"встреча играется",IF(P36<>"","сыграна","")) -> сыграна
B37: 4:3 | G37: 2 круг | I37: 12 | J37: =IF(А1!Уч5="","",А1!Уч5) -> Нурмухамет Данияр+ | K37: ="-" -> - | L37: =IF(А1!Уч2="","",А1!Уч2) -> Болдырев Андрей+ | P37: 1:3 | S37: =IF(AND(I37<>"",P37=""),"встреча играется",IF(P37<>"","сыграна","")) -> сыграна
B38: 0:4 | I38: 9 | J38: =IF(А1!Уч6="","",А1!Уч6) -> Садыков Алмаз+ | K38: ="-" -> - | L38: =IF(А1!Уч1="","",А1!Уч1) -> Забанов Филипп+ | P38: 2:3 | S38: =IF(AND(I38<>"",P38=""),"встреча играется",IF(P38<>"","сыграна","")) -> сыграна
B39: 1:4 | I39: 18 | J39: =IF(А1!Уч8="","",А1!Уч8) -> Пак Данил+ | K39: ="-" -> - | L39: =IF(А1!Уч3="","",А1!Уч3) -> Бекназаров Ермек+ | P39: 3:2 | S39: =IF(AND(I39<>"",P39=""),"встреча играется",IF(P39<>"","сыграна","")) -> сыграна
B40: 2:4 | I40: 9 | J40: =IF(А1!Уч7="","",А1!Уч7) -> Куанышбеков Алмат+ | K40: ="-" -> - | L40: =IF(А1!Уч4="","",А1!Уч4) -> Тажиев Нурсултан+ | P40: 1:3 | S40: =IF(AND(I40<>"",P40=""),"встреча играется",IF(P40<>"","сыграна","")) -> сыграна
B41: 3:4 | G41: 3 круг | I41: 9 | J41: =IF(А1!Уч1="","",А1!Уч1) -> Забанов Филипп+ | K41: ="-" -> - | L41: =IF(А1!Уч5="","",А1!Уч5) -> Нурмухамет Данияр+ | P41: 3:0 | S41: =IF(AND(I41<>"",P41=""),"встреча играется",IF(P41<>"","сыграна","")) -> сыграна
I42: 18 | J42: =IF(А1!Уч2="","",А1!Уч2) -> Болдырев Андрей+ | K42: ="-" -> - | L42: =IF(А1!Уч8="","",А1!Уч8) -> Пак Данил+ | P42: 0:3 | S42: =IF(AND(I42<>"",P42=""),"встреча играется",IF(P42<>"","сыграна","")) -> сыграна
I43: 10 | J43: =IF(А1!Уч4="","",А1!Уч4) -> Тажиев Нурсултан+ | K43: ="-" -> - | L43: =IF(А1!Уч6="","",А1!Уч6) -> Садыков Алмаз+ | P43: 3:2 | S43: =IF(AND(I43<>"",P43=""),"встреча играется",IF(P43<>"","сыграна","")) -> сыграна
I44: 14 | J44: =IF(А1!Уч3="","",А1!Уч3) -> Бекназаров Ермек+ | K44: ="-" -> - | L44: =IF(А1!Уч7="","",А1!Уч7) -> Куанышбеков Алмат+ | P44: 3:0 | S44: =IF(AND(I44<>"",P44=""),"встреча играется",IF(P44<>"","сыграна","")) -> сыграна
G45: 4 круг | I45: 18 | J45: =IF(А1!Уч8="","",А1!Уч8) -> Пак Данил+ | K45: ="-" -> - | L45: =IF(А1!Уч1="","",А1!Уч1) -> Забанов Филипп+ | P45: 3:1 | S45: =IF(AND(I45<>"",P45=""),"встреча играется",IF(P45<>"","сыграна","")) -> сыграна
I46: 10 | J46: =IF(А1!Уч5="","",А1!Уч5) -> Нурмухамет Данияр+ | K46: ="-" -> - | L46: =IF(А1!Уч4="","",А1!Уч4) -> Тажиев Нурсултан+ | P46: 0:3 | S46: =IF(AND(I46<>"",P46=""),"встреча играется",IF(P46<>"","сыграна","")) -> сыграна
I47: 9 | J47: =IF(А1!Уч7="","",А1!Уч7) -> Куанышбеков Алмат+ | K47: ="-" -> - | L47: =IF(А1!Уч2="","",А1!Уч2) -> Болдырев Андрей+ | P47: 0:3 | S47: =IF(AND(I47<>"",P47=""),"встреча играется",IF(P47<>"","сыграна","")) -> сыграна
I48: 18 | J48: =IF(А1!Уч6="","",А1!Уч6) -> Садыков Алмаз+ | K48: ="-" -> - | L48: =IF(А1!Уч3="","",А1!Уч3) -> Бекназаров Ермек+ | P48: 3:2 | S48: =IF(AND(I48<>"",P48=""),"встреча играется",IF(P48<>"","сыграна","")) -> сыграна
G49: 5 круг | I49: 10 | J49: =IF(А1!Уч1="","",А1!Уч1) -> Забанов Филипп+ | K49: ="-" -> - | L49: =IF(А1!Уч3="","",А1!Уч3) -> Бекназаров Ермек+ | P49: 0:3 | S49: =IF(AND(I49<>"",P49=""),"встреча играется",IF(P49<>"","сыграна","")) -> сыграна
I50: 10 | J50: =IF(А1!Уч2="","",А1!Уч2) -> Болдырев Андрей+ | K50: ="-" -> - | L50: =IF(А1!Уч4="","",А1!Уч4) -> Тажиев Нурсултан+ | P50: 3:2 | S50: =IF(AND(I50<>"",P50=""),"встреча играется",IF(P50<>"","сыграна","")) -> сыграна
I51: 16 | J51: =IF(А1!Уч5="","",А1!Уч5) -> Нурмухамет Данияр+ | K51: ="-" -> - | L51: =IF(А1!Уч7="","",А1!Уч7) -> Куанышбеков Алмат+ | P51: 3:0 | S51: =IF(AND(I51<>"",P51=""),"встреча играется",IF(P51<>"","сыграна","")) -> сыграна
I52: 18 | J52: =IF(А1!Уч6="","",А1!Уч6) -> Садыков Алмаз+ | K52: ="-" -> - | L52: =IF(А1!Уч8="","",А1!Уч8) -> Пак Данил+ | P52: 2:3 | S52: =IF(AND(I52<>"",P52=""),"встреча играется",IF(P52<>"","сыграна","")) -> сыграна
G53: 6 круг | I53: 10 | J53: =IF(А1!Уч4="","",А1!Уч4) -> Тажиев Нурсултан+ | K53: ="-" -> - | L53: =IF(А1!Уч1="","",А1!Уч1) -> Забанов Филипп+ | P53: 2:3 | S53: =IF(AND(I53<>"",P53=""),"встреча играется",IF(P53<>"","сыграна","")) -> сыграна
I54: 13 | J54: =IF(А1!Уч3="","",А1!Уч3) -> Бекназаров Ермек+ | K54: ="-" -> - | L54: =IF(А1!Уч2="","",А1!Уч2) -> Болдырев Андрей+ | P54: 3:0 | S54: =IF(AND(I54<>"",P54=""),"встреча играется",IF(P54<>"","сыграна","")) -> сыграна
I55: 12 | J55: =IF(А1!Уч7="","",А1!Уч7) -> Куанышбеков Алмат+ | K55: ="-" -> - | L55: =IF(А1!Уч6="","",А1!Уч6) -> Садыков Алмаз+ | P55: 1:3 | S55: =IF(AND(I55<>"",P55=""),"встреча играется",IF(P55<>"","сыграна","")) -> сыграна
I56: 18 | J56: =IF(А1!Уч8="","",А1!Уч8) -> Пак Данил+ | K56: ="-" -> - | L56: =IF(А1!Уч5="","",А1!Уч5) -> Нурмухамет Данияр+ | P56: 3:2 | S56: =IF(AND(I56<>"",P56=""),"встреча играется",IF(P56<>"","сыграна","")) -> сыграна
G57: 7 круг | I57: 12 | J57: =IF(А1!Уч1="","",А1!Уч1) -> Забанов Филипп+ | K57: ="-" -> - | L57: =IF(А1!Уч2="","",А1!Уч2) -> Болдырев Андрей+ | P57: 3:1 | S57: =IF(AND(I57<>"",P57=""),"встреча играется",IF(P57<>"","сыграна","")) -> сыграна
I58: 16 | J58: =IF(А1!Уч3="","",А1!Уч3) -> Бекназаров Ермек+ | K58: ="-" -> - | L58: =IF(А1!Уч4="","",А1!Уч4) -> Тажиев Нурсултан+ | P58: 3:1 | S58: =IF(AND(I58<>"",P58=""),"встреча играется",IF(P58<>"","сыграна","")) -> сыграна
I59: 15 | J59: =IF(А1!Уч5="","",А1!Уч5) -> Нурмухамет Данияр+ | K59: ="-" -> - | L59: =IF(А1!Уч6="","",А1!Уч6) -> Садыков Алмаз+ | P59: 0:3 | S59: =IF(AND(I59<>"",P59=""),"встреча играется",IF(P59<>"","сыграна","")) -> сыграна
I60: 18 | J60: =IF(А1!Уч7="","",А1!Уч7) -> Куанышбеков Алмат+ | K60: ="-" -> - | L60: =IF(А1!Уч8="","",А1!Уч8) -> Пак Данил+ | P60: 1:3 | S60: =IF(AND(I60<>"",P60=""),"встреча играется",IF(P60<>"","сыграна","")) -> сыграна

Sheet А2
D1: Турнир Открытое первенство города Астана (лиги) | K1: Дата: | L1: =Суперлига!L1 -> 46061
K4: матчи до | M4: 3 | N4: побед
C5: =IF(COUNTIF(D7:D14,"")>0,1,0) -> 0 | E5: =IF((COUNTIF(L33:R60,">""")+COUNTIF(T7:U30,">"""))>0,1,0) -> 1
C6: № | D6: Участники турнира | E6: Рейтинг | G6: № | H6: Разряд | I6: R | J6: Фамилия Имя | K6: 1 | L6: 2 | M6: 3 | N6: 4 | O6: 5 | P6: 6 | Q6: 7 | R6: 8 | S6: Очки | T6: Соотн. | U6: Место
C7: 1 | D7: Ибраев Ерлан | G7: 1 | H7: КМС | I7: 27 | J7: Ибраев Ерлан+ | L7: =IF(LEFT(P57,1)="L",0,(IF(P57="","",(IF(LEFT(P57,1)>RIGHT(P57,1),2,1))))) -> 1 | M7: =IF(LEFT(P49,1)="L",0,(IF(P49="","",(IF(LEFT(P49,1)>RIGHT(P49,1),2,1))))) -> 1 | N7: =IF(RIGHT(P53,1)="L",0,(IF(P53="","",(IF(RIGHT(P53,1)>LEFT(P53,1),2,1))))) -> 1 | O7: =IF(LEFT(P41,1)="L",0,(IF(P41="","",(IF(LEFT(P41,1)>RIGHT(P41,1),2,1))))) -> 2 | P7: =IF(RIGHT(P38,1)="L",0,(IF(P38="","",(IF(RIGHT(P38,1)>LEFT(P38,1),2,1))))) -> 0 | Q7: =IF(LEFT(P35,1)="L",0,(IF(P35="","",(IF(LEFT(P35,1)>RIGHT(P35,1),2,1))))) -> 2 | R7: =IF(RIGHT(P45,1)="L",0,(IF(P45="","",(IF(RIGHT(P45,1)>LEFT(P45,1),2,1))))) -> 2 | S7: =IF((AND(COUNTIF(J7:J30,">""")>2,COUNTIF(P33:P60,">""")>0)),SUM(K7,L7,M7,N7,O7,P7,Q7,R7),"") -> 9 | U7: 5
C8: 2 | D8: Утельбеков Ермек | L8: =IF(LEFT(P57,1)="W",$M$4&":0(W)",IF(LEFT(P57,1)="L","0:"&$M$4&"(L)",IF(P57="","",P57))) -> 2:3 | M8: =IF(LEFT(P49,1)="W",$M$4&":0(W)",IF(LEFT(P49,1)="L","0:"&$M$4&"(L)",IF(P49="","",P49))) -> 1:3 | N8: =IF(RIGHT(P53,1)="W",$M$4&":0(W)",IF(RIGHT(P53,1)="L","0:"&$M$4&"(L)",IF(P53="","",RIGHT(P53,1)&":"&LEFT(P53,1)))) -> 0:3 | O8: =IF(LEFT(P41,1)="W",$M$4&":0(W)",IF(LEFT(P41,1)="L","0:"&$M$4&"(L)",IF(P41="","",P41))) -> 3:2 | P8: =IF(RIGHT(P38,1)="W",$M$4&":0(W)",IF(RIGHT(P38,1)="L","0:"&$M$4&"(L)",IF(P38="","",RIGHT(P38,1)&":"&LEFT(P38,1)))) -> 0:3(L) | Q8: =IF(LEFT(P35,1)="W",$M$4&":0(W)",IF(LEFT(P35,1)="L","0:"&$M$4&"(L)",IF(P35="","",P35))) -> 3:0 | R8: =IF(RIGHT(P45,1)="W",$M$4&":0(W)",IF(RIGHT(P45,1)="L","0:"&$M$4&"(L)",IF(P45="","",RIGHT(P45,1)&":"&LEFT(P45,1)))) -> 3:0
C9: 3 | D9: Дуйсенбай Есенали | L9: =IF(P57="","",IF(Q57="","",Q57)) | M9: =IF(P49="","",IF(Q49="","",Q49)) | N9: =IF(P53="","",IF(Q53="","",REPLACE(SUBSTITUTE(SUBSTITUTE(SUBSTITUTE(SUBSTITUTE(","&Q53,",-","#"),",","-"),"#",","),"-",",-"),1,1,""))) | O9: =IF(P41="","",IF(Q41="","",Q41)) | P9: =IF(P38="","",IF(Q38="","",REPLACE(SUBSTITUTE(SUBSTITUTE(SUBSTITUTE(SUBSTITUTE(","&Q38,",-","#"),",","-"),"#",","),"-",",-"),1,1,""))) | Q9: =IF(P35="","",IF(Q35="","",Q35)) | R9: =IF(P45="","",IF(Q45="","",REPLACE(SUBSTITUTE(SUBSTITUTE(SUBSTITUTE(SUBSTITUTE(","&Q45,",-","#"),",","-"),"#",","),"-",",-"),1,1,"")))
C10: 4 | D10: Овчинников Евгений | G10: 2 | I10: 20 | J10: Утельбеков Ермек+ | K10: =IF(RIGHT(P57,1)="L",0,(IF(P57="","",(IF(RIGHT(P57,1)>LEFT(P57,1),2,1))))) -> 2 | M10: =IF(RIGHT(P54,1)="L",0,(IF(P54="","",(IF(RIGHT(P54,1)>LEFT(P54,1),2,1))))) -> 1 | N10: =IF(LEFT(P50,1)="L",0,(IF(P50="","",(IF(LEFT(P50,1)>RIGHT(P50,1),2,1))))) -> 2 | O10: =IF(RIGHT(P37,1)="L",0,(IF(P37="","",(IF(RIGHT(P37,1)>LEFT(P37,1),2,1))))) -> 2 | P10: =IF(LEFT(P33,1)="L",0,(IF(P33="","",(IF(LEFT(P33,1)>RIGHT(P33,1),2,1))))) -> 2 | Q10: =IF(RIGHT(P47,1)="L",0,(IF(P47="","",(IF(RIGHT(P47,1)>LEFT(P47,1),2,1))))) -> 2 | R10: =IF(LEFT(P42,1)="L",0,(IF(P42="","",(IF(LEFT(P42,1)>RIGHT(P42,1),2,1))))) -> 2 | S10: =IF((AND(COUNTIF(J7:J30,">""")>2,COUNTIF(P33:P60,">""")>0)),SUM(K10,L10,M10,N10,O10,P10,Q10,R10),"") -> 13 | U10: 2
C11: 5 | D11: Боченин Игорь | K11: =IF(RIGHT(P57,1)="W",$M$4&":0(W)",IF(RIGHT(P57,1)="L","0:"&$M$4&"(L)",IF(P57="","",RIGHT(P57,1)&":"&LEFT(P57,1)))) -> 3:2 | M11: =IF(RIGHT(P54,1)="W",$M$4&":0(W)",IF(RIGHT(P54,1)="L","0:"&$M$4&"(L)",IF(P54="","",RIGHT(P54,1)&":"&LEFT(P54,1)))) -> 2:3 | N11: =IF(LEFT(P50,1)="W",$M$4&":0(W)",IF(LEFT(P50,1)="L","0:"&$M$4&"(L)",IF(P50="","",P50))) -> 3:1 | O11: =IF(RIGHT(P37,1)="W",$M$4&":0(W)",IF(RIGHT(P37,1)="L","0:"&$M$4&"(L)",IF(P37="","",RIGHT(P37,1)&":"&LEFT(P37,1)))) -> 3:2 | P11: =IF(LEFT(P33,1)="W",$M$4&":0(W)",IF(LEFT(P33,1)="L","0:"&$M$4&"(L)",IF(P33="","",P33))) -> 3:0 | Q11: =IF(RIGHT(P47,1)="W",$M$4&":0(W)",IF(RIGHT(P47,1)="L","0:"&$M$4&"(L)",IF(P47="","",RIGHT(P47,1)&":"&LEFT(P47,1)))) -> 3:0 | R11: =IF(LEFT(P42,1)="W",$M$4&":0(W)",IF(LEFT(P42,1)="L","0:"&$M$4&"(L)",IF(P42="","",P42))) -> 3:0
C12: 6 | D12: Швайдюк Андрей | K12: =IF(P57="","",IF(Q57="","",REPLACE(SUBSTITUTE(SUBSTITUTE(SUBSTITUTE(SUBSTITUTE(","&Q57,",-","#"),",","-"),"#",","),"-",",-"),1,1,""))) | M12: =IF(P54="","",IF(Q54="","",REPLACE(SUBSTITUTE(SUBSTITUTE(SUBSTITUTE(SUBSTITUTE(","&Q54,",-","#"),",","-"),"#",","),"-",",-"),1,1,""))) | N12: =IF(P50="","",IF(Q50="","",Q50)) | O12: =IF(P37="","",IF(Q37="","",REPLACE(SUBSTITUTE(SUBSTITUTE(SUBSTITUTE(SUBSTITUTE(","&Q37,",-","#"),",","-"),"#",","),"-",",-"),1,1,""))) | P12: =IF(P33="","",IF(Q33="","",Q33)) | Q12: =IF(P47="","",IF(Q47="","",REPLACE(SUBSTITUTE(SUBSTITUTE(SUBSTITUTE(SUBSTITUTE(","&Q47,",-","#"),",","-"),"#",","),"-",",-"),1,1,""))) | R12: =IF(P42="","",IF(Q42="","",Q42))
C13: 7 | D13: Шакар Файзолла | G13: 3 | H13: КМС | I13: 27 | J13: Дуйсенбай Есенали+ | K13: =IF(RIGHT(P49,1)="L",0,(IF(P49="","",(IF(RIGHT(P49,1)>LEFT(P49,1),2,1))))) -> 2 | L13: =IF(LEFT(P54,1)="L",0,(IF(P54="","",(IF(LEFT(P54,1)>RIGHT(P54,1),2,1))))) -> 2 | N13: =IF(LEFT(P58,1)="L",0,(IF(P58="","",(IF(LEFT(P58,1)>RIGHT(P58,1),2,1))))) -> 2 | O13: =IF(LEFT(P34,1)="L",0,(IF(P34="","",(IF(LEFT(P34,1)>RIGHT(P34,1),2,1))))) -> 2 | P13: =IF(RIGHT(P48,1)="L",0,(IF(P48="","",(IF(RIGHT(P48,1)>LEFT(P48,1),2,1))))) -> 2 | Q13: =IF(LEFT(P44,1)="L",0,(IF(P44="","",(IF(LEFT(P44,1)>RIGHT(P44,1),2,1))))) -> 2 | R13: =IF(RIGHT(P39,1)="L",0,(IF(P39="","",(IF(RIGHT(P39,1)>LEFT(P39,1),2,1))))) -> 2 | S13: =IF((AND(COUNTIF(J7:J30,">""")>2,COUNTIF(P33:P60,">""")>0)),SUM(K13,L13,M13,N13,O13,P13,Q13,R13),"") -> 14 | U13: 1
C14: 8 | D14: Джаманбаев Жасулан | K14: =IF(RIGHT(P49,1)="W",$M$4&":0(W)",IF(RIGHT(P49,1)="L","0:"&$M$4&"(L)",IF(P49="","",RIGHT(P49,1)&":"&LEFT(P49,1)))) -> 3:1 | L14: =IF(LEFT(P54,1)="W",$M$4&":0(W)",IF(LEFT(P54,1)="L","0:"&$M$4&"(L)",IF(P54="","",P54))) -> 3:2 | N14: =IF(LEFT(P58,1)="W",$M$4&":0(W)",IF(LEFT(P58,1)="L","0:"&$M$4&"(L)",IF(P58="","",P58))) -> 3:1 | O14: =IF(LEFT(P34,1)="W",$M$4&":0(W)",IF(LEFT(P34,1)="L","0:"&$M$4&"(L)",IF(P34="","",P34))) -> 3:0 | P14: =IF(RIGHT(P48,1)="W",$M$4&":0(W)",IF(RIGHT(P48,1)="L","0:"&$M$4&"(L)",IF(P48="","",RIGHT(P48,1)&":"&LEFT(P48,1)))) -> 3:2 | Q14: =IF(LEFT(P44,1)="W",$M$4&":0(W)",IF(LEFT(P44,1)="L","0:"&$M$4&"(L)",IF(P44="","",P44))) -> 3:1 | R14: =IF(RIGHT(P39,1)="W",$M$4&":0(W)",IF(RIGHT(P39,1)="L","0:"&$M$4&"(L)",IF(P39="","",RIGHT(P39,1)&":"&LEFT(P39,1)))) -> 3:1
K15: =IF(P49="","",IF(Q49="","",REPLACE(SUBSTITUTE(SUBSTITUTE(SUBSTITUTE(SUBSTITUTE(","&Q49,",-","#"),",","-"),"#",","),"-",",-"),1,1,""))) | L15: =IF(P54="","",IF(Q54="","",Q54)) | N15: =IF(P58="","",IF(Q58="","",Q58)) | O15: =IF(P34="","",IF(Q34="","",Q34)) | P15: =IF(P48="","",IF(Q48="","",REPLACE(SUBSTITUTE(SUBSTITUTE(SUBSTITUTE(SUBSTITUTE(","&Q48,",-","#"),",","-"),"#",","),"-",",-"),1,1,""))) | Q15: =IF(P44="","",IF(Q44="","",Q44)) | R15: =IF(P39="","",IF(Q39="","",REPLACE(SUBSTITUTE(SUBSTITUTE(SUBSTITUTE(SUBSTITUTE(","&Q39,",-","#"),",","-"),"#",","),"-",",-"),1,1,"")))
G16: 4 | H16: КМС | I16: 22 | J16: Овчинников Евгений+ | K16: =IF(LEFT(P53,1)="L",0,(IF(P53="","",(IF(LEFT(P53,1)>RIGHT(P53,1),2,1))))) -> 2 | L16: =IF(RIGHT(P50,1)="L",0,(IF(P50="","",(IF(RIGHT(P50,1)>LEFT(P50,1),2,1))))) -> 1 | M16: =IF(RIGHT(P58,1)="L",0,(IF(P58="","",(IF(RIGHT(P58,1)>LEFT(P58,1),2,1))))) -> 1 | O16: =IF(RIGHT(P46,1)="L",0,(IF(P46="","",(IF(RIGHT(P46,1)>LEFT(P46,1),2,1))))) -> 2 | P16: =IF(LEFT(P43,1)="L",0,(IF(P43="","",(IF(LEFT(P43,1)>RIGHT(P43,1),2,1))))) -> 2 | Q16: =IF(RIGHT(P40,1)="L",0,(IF(P40="","",(IF(RIGHT(P40,1)>LEFT(P40,1),2,1))))) -> 1 | R16: =IF(LEFT(P36,1)="L",0,(IF(P36="","",(IF(LEFT(P36,1)>RIGHT(P36,1),2,1))))) -> 2 | S16: =IF((AND(COUNTIF(J7:J30,">""")>2,COUNTIF(P33:P60,">""")>0)),SUM(K16,L16,M16,N16,O16,P16,Q16,R16),"") -> 11 | U16: 3
K17: =IF(LEFT(P53,1)="W",$M$4&":0(W)",IF(LEFT(P53,1)="L","0:"&$M$4&"(L)",IF(P53="","",P53))) -> 3:0 | L17: =IF(RIGHT(P50,1)="W",$M$4&":0(W)",IF(RIGHT(P50,1)="L","0:"&$M$4&"(L)",IF(P50="","",RIGHT(P50,1)&":"&LEFT(P50,1)))) -> 1:3 | M17: =IF(RIGHT(P58,1)="W",$M$4&":0(W)",IF(RIGHT(P58,1)="L","0:"&$M$4&"(L)",IF(P58="","",RIGHT(P58,1)&":"&LEFT(P58,1)))) -> 1:3 | O17: =IF(RIGHT(P46,1)="W",$M$4&":0(W)",IF(RIGHT(P46,1)="L","0:"&$M$4&"(L)",IF(P46="","",RIGHT(P46,1)&":"&LEFT(P46,1)))) -> 3:1 | P17: =IF(LEFT(P43,1)="W",$M$4&":0(W)",IF(LEFT(P43,1)="L","0:"&$M$4&"(L)",IF(P43="","",P43))) -> 3:2 | Q17: =IF(RIGHT(P40,1)="W",$M$4&":0(W)",IF(RIGHT(P40,1)="L","0:"&$M$4&"(L)",IF(P40="","",RIGHT(P40,1)&":"&LEFT(P40,1)))) -> 0:3 | R17: =IF(LEFT(P36,1)="W",$M$4&":0(W)",IF(LEFT(P36,1)="L","0:"&$M$4&"(L)",IF(P36="","",P36))) -> 3:0
K18: =IF(P53="","",IF(Q53="","",Q53)) | L18: =IF(P50="","",IF(Q50="","",REPLACE(SUBSTITUTE(SUBSTITUTE(SUBSTITUTE(SUBSTITUTE(","&Q50,",-","#"),",","-"),"#",","),"-",",-"),1,1,""))) | M18: =IF(P58="","",IF(Q58="","",REPLACE(SUBSTITUTE(SUBSTITUTE(SUBSTITUTE(SUBSTITUTE(","&Q58,",-","#"),",","-"),"#",","),"-",",-"),1,1,""))) | O18: =IF(P46="","",IF(Q46="","",REPLACE(SUBSTITUTE(SUBSTITUTE(SUBSTITUTE(SUBSTITUTE(","&Q46,",-","#"),",","-"),"#",","),"-",",-"),1,1,""))) | P18: =IF(P43="","",IF(Q43="","",Q43)) | Q18: =IF(P40="","",IF(Q40="","",REPLACE(SUBSTITUTE(SUBSTITUTE(SUBSTITUTE(SUBSTITUTE(","&Q40,",-","#"),",","-"),"#",","),"-",",-"),1,1,""))) | R18: =IF(P36="","",IF(Q36="","",Q36))
G19: 5 | I19: 19 | J19: Боченин Игорь+ | K19: =IF(RIGHT(P41,1)="L",0,(IF(P41="","",(IF(RIGHT(P41,1)>LEFT(P41,1),2,1))))) -> 1 | L19: =IF(LEFT(P37,1)="L",0,(IF(P37="","",(IF(LEFT(P37,1)>RIGHT(P37,1),2,1))))) -> 1 | M19: =IF(RIGHT(P34,1)="L",0,(IF(P34="","",(IF(RIGHT(P34,1)>LEFT(P34,1),2,1))))) -> 1 | N19: =IF(LEFT(P46,1)="L",0,(IF(P46="","",(IF(LEFT(P46,1)>RIGHT(P46,1),2,1))))) -> 1 | P19: =IF(LEFT(P59,1)="L",0,(IF(P59="","",(IF(LEFT(P59,1)>RIGHT(P59,1),2,1))))) -> 2 | Q19: =IF(LEFT(P51,1)="L",0,(IF(P51="","",(IF(LEFT(P51,1)>RIGHT(P51,1),2,1))))) -> 2 | R19: =IF(RIGHT(P56,1)="L",0,(IF(P56="","",(IF(RIGHT(P56,1)>LEFT(P56,1),2,1))))) -> 1 | S19: =IF((AND(COUNTIF(J7:J30,">""")>2,COUNTIF(P33:P60,">""")>0)),SUM(K19,L19,M19,N19,O19,P19,Q19,R19),"") -> 9 | U19: 6
K20: =IF(RIGHT(P41,1)="W",$M$4&":0(W)",IF(RIGHT(P41,1)="L","0:"&$M$4&"(L)",IF(P41="","",RIGHT(P41,1)&":"&LEFT(P41,1)))) -> 2:3 | L20: =IF(LEFT(P37,1)="W",$M$4&":0(W)",IF(LEFT(P37,1)="L","0:"&$M$4&"(L)",IF(P37="","",P37))) -> 2:3 | M20: =IF(RIGHT(P34,1)="W",$M$4&":0(W)",IF(RIGHT(P34,1)="L","0:"&$M$4&"(L)",IF(P34="","",RIGHT(P34,1)&":"&LEFT(P34,1)))) -> 0:3 | N20: =IF(LEFT(P46,1)="W",$M$4&":0(W)",IF(LEFT(P46,1)="L","0:"&$M$4&"(L)",IF(P46="","",P46))) -> 1:3 | P20: =IF(LEFT(P59,1)="W",$M$4&":0(W)",IF(LEFT(P59,1)="L","0:"&$M$4&"(L)",IF(P59="","",P59))) -> 3:2 | Q20: =IF(LEFT(P51,1)="W",$M$4&":0(W)",IF(LEFT(P51,1)="L","0:"&$M$4&"(L)",IF(P51="","",P51))) -> 3:0 | R20: =IF(RIGHT(P56,1)="W",$M$4&":0(W)",IF(RIGHT(P56,1)="L","0:"&$M$4&"(L)",IF(P56="","",RIGHT(P56,1)&":"&LEFT(P56,1)))) -> 0:3
K21: =IF(P41="","",IF(Q41="","",REPLACE(SUBSTITUTE(SUBSTITUTE(SUBSTITUTE(SUBSTITUTE(","&Q41,",-","#"),",","-"),"#",","),"-",",-"),1,1,""))) | L21: =IF(P37="","",IF(Q37="","",Q37)) | M21: =IF(P34="","",IF(Q34="","",REPLACE(SUBSTITUTE(SUBSTITUTE(SUBSTITUTE(SUBSTITUTE(","&Q34,",-","#"),",","-"),"#",","),"-",",-"),1,1,""))) | N21: =IF(P46="","",IF(Q46="","",Q46)) | P21: =IF(P59="","",IF(Q59="","",Q59)) | Q21: =IF(P51="","",IF(Q51="","",Q51)) | R21: =IF(P56="","",IF(Q56="","",REPLACE(SUBSTITUTE(SUBSTITUTE(SUBSTITUTE(SUBSTITUTE(","&Q56,",-","#"),",","-"),"#",","),"-",",-"),1,1,"")))
B22: 3:0 | G22: 6 | H22: КМС | I22: 21 | J22: Швайдюк Андрей+ | K22: =IF(LEFT(P38,1)="L",0,(IF(P38="","",(IF(LEFT(P38,1)>RIGHT(P38,1),2,1))))) -> 2 | L22: =IF(RIGHT(P33,1)="L",0,(IF(P33="","",(IF(RIGHT(P33,1)>LEFT(P33,1),2,1))))) -> 1 | M22: =IF(LEFT(P48,1)="L",0,(IF(P48="","",(IF(LEFT(P48,1)>RIGHT(P48,1),2,1))))) -> 1 | N22: =IF(RIGHT(P43,1)="L",0,(IF(P43="","",(IF(RIGHT(P43,1)>LEFT(P43,1),2,1))))) -> 1 | O22: =IF(RIGHT(P59,1)="L",0,(IF(P59="","",(IF(RIGHT(P59,1)>LEFT(P59,1),2,1))))) -> 1 | Q22: =IF(RIGHT(P55,1)="L",0,(IF(P55="","",(IF(RIGHT(P55,1)>LEFT(P55,1),2,1))))) -> 2 | R22: =IF(LEFT(P52,1)="L",0,(IF(P52="","",(IF(LEFT(P52,1)>RIGHT(P52,1),2,1))))) -> 2 | S22: =IF((AND(COUNTIF(J7:J30,">""")>2,COUNTIF(P33:P60,">""")>0)),SUM(K22,L22,M22,N22,O22,P22,Q22,R22),"") -> 10 | U22: 4
B23: 3:1 | K23: =IF(LEFT(P38,1)="W",$M$4&":0(W)",IF(LEFT(P38,1)="L","0:"&$M$4&"(L)",IF(P38="","",P38))) -> 3:0(W) | L23: =IF(RIGHT(P33,1)="W",$M$4&":0(W)",IF(RIGHT(P33,1)="L","0:"&$M$4&"(L)",IF(P33="","",RIGHT(P33,1)&":"&LEFT(P33,1)))) -> 0:3 | M23: =IF(LEFT(P48,1)="W",$M$4&":0(W)",IF(LEFT(P48,1)="L","0:"&$M$4&"(L)",IF(P48="","",P48))) -> 2:3 | N23: =IF(RIGHT(P43,1)="W",$M$4&":0(W)",IF(RIGHT(P43,1)="L","0:"&$M$4&"(L)",IF(P43="","",RIGHT(P43,1)&":"&LEFT(P43,1)))) -> 2:3 | O23: =IF(RIGHT(P59,1)="W",$M$4&":0(W)",IF(RIGHT(P59,1)="L","0:"&$M$4&"(L)",IF(P59="","",RIGHT(P59,1)&":"&LEFT(P59,1)))) -> 2:3 | Q23: =IF(RIGHT(P55,1)="W",$M$4&":0(W)",IF(RIGHT(P55,1)="L","0:"&$M$4&"(L)",IF(P55="","",RIGHT(P55,1)&":"&LEFT(P55,1)))) -> 3:2 | R23: =IF(LEFT(P52,1)="W",$M$4&":0(W)",IF(LEFT(P52,1)="L","0:"&$M$4&"(L)",IF(P52="","",P52))) -> 3:1
B24: 3:2 | K24: =IF(P38="","",IF(Q38="","",Q38)) | L24: =IF(P33="","",IF(Q33="","",REPLACE(SUBSTITUTE(SUBSTITUTE(SUBSTITUTE(SUBSTITUTE(","&Q33,",-","#"),",","-"),"#",","),"-",",-"),1,1,""))) | M24: =IF(P48="","",IF(Q48="","",Q48)) | N24: =IF(P43="","",IF(Q43="","",REPLACE(SUBSTITUTE(SUBSTITUTE(SUBSTITUTE(SUBSTITUTE(","&Q43,",-","#"),",","-"),"#",","),"-",",-"),1,1,""))) | O24: =IF(P59="","",IF(Q59="","",REPLACE(SUBSTITUTE(SUBSTITUTE(SUBSTITUTE(SUBSTITUTE(","&Q59,",-","#"),",","-"),"#",","),"-",",-"),1,1,""))) | Q24: =IF(P55="","",IF(Q55="","",REPLACE(SUBSTITUTE(SUBSTITUTE(SUBSTITUTE(SUBSTITUTE(","&Q55,",-","#"),",","-"),"#",","),"-",",-"),1,1,""))) | R24: =IF(P52="","",IF(Q52="","",Q52))
B25: 0:3 | G25: 7 | I25: 15 | J25: Шакар Файзолла+ | K25: =IF(RIGHT(P35,1)="L",0,(IF(P35="","",(IF(RIGHT(P35,1)>LEFT(P35,1),2,1))))) -> 1 | L25: =IF(LEFT(P47,1)="L",0,(IF(P47="","",(IF(LEFT(P47,1)>RIGHT(P47,1),2,1))))) -> 1 | M25: =IF(RIGHT(P44,1)="L",0,(IF(P44="","",(IF(RIGHT(P44,1)>LEFT(P44,1),2,1))))) -> 1 | N25: =IF(LEFT(P40,1)="L",0,(IF(P40="","",(IF(LEFT(P40,1)>RIGHT(P40,1),2,1))))) -> 2 | O25: =IF(RIGHT(P51,1)="L",0,(IF(P51="","",(IF(RIGHT(P51,1)>LEFT(P51,1),2,1))))) -> 1 | P25: =IF(LEFT(P55,1)="L",0,(IF(P55="","",(IF(LEFT(P55,1)>RIGHT(P55,1),2,1))))) -> 1 | R25: =IF(LEFT(P60,1)="L",0,(IF(P60="","",(IF(LEFT(P60,1)>RIGHT(P60,1),2,1))))) -> 2 | S25: =IF((AND(COUNTIF(J7:J30,">""")>2,COUNTIF(P33:P60,">""")>0)),SUM(K25,L25,M25,N25,O25,P25,Q25,R25),"") -> 9 | U25: 7
B26: 1:3 | K26: =IF(RIGHT(P35,1)="W",$M$4&":0(W)",IF(RIGHT(P35,1)="L","0:"&$M$4&"(L)",IF(P35="","",RIGHT(P35,1)&":"&LEFT(P35,1)))) -> 0:3 | L26: =IF(LEFT(P47)="W",$M$4&":0(W)",IF(LEFT(P47,1)="L","0:"&$M$4&"(L)",IF(P47="","",P47))) -> 0:3 | M26: =IF(RIGHT(P44,1)="W",$M$4&":0(W)",IF(RIGHT(P44,1)="L","0:"&$M$4&"(L)",IF(P44="","",RIGHT(P44,1)&":"&LEFT(P44,1)))) -> 1:3 | N26: =IF(LEFT(P40,1)="W",$M$4&":0(W)",IF(LEFT(P40,1)="L","0:"&$M$4&"(L)",IF(P40="","",P40))) -> 3:0 | O26: =IF(RIGHT(P51,1)="W",$M$4&":0(W)",IF(RIGHT(P51,1)="L","0:"&$M$4&"(L)",IF(P51="","",RIGHT(P51,1)&":"&LEFT(P51,1)))) -> 0:3 | P26: =IF(LEFT(P55,1)="W",$M$4&":0(W)",IF(LEFT(P55,1)="L","0:"&$M$4&"(L)",IF(P55="","",P55))) -> 2:3 | R26: =IF(LEFT(P60,1)="W",$M$4&":0(W)",IF(LEFT(P60,1)="L","0:"&$M$4&"(L)",IF(P60="","",P60))) -> 3:0
B27: 2:3 | K27: =IF(P35="","",IF(Q35="","",REPLACE(SUBSTITUTE(SUBSTITUTE(SUBSTITUTE(SUBSTITUTE(","&Q35,",-","#"),",","-"),"#",","),"-",",-"),1,1,""))) | L27: =IF(P47="","",IF(Q47="","",Q47)) | M27: =IF(P44="","",IF(Q44="","",REPLACE(SUBSTITUTE(SUBSTITUTE(SUBSTITUTE(SUBSTITUTE(","&Q44,",-","#"),",","-"),"#",","),"-",",-"),1,1,""))) | N27: =IF(P40="","",IF(Q40="","",Q40)) | O27: =IF(P51="","",IF(Q51="","",REPLACE(SUBSTITUTE(SUBSTITUTE(SUBSTITUTE(SUBSTITUTE(","&Q51,",-","#"),",","-"),"#",","),"-",",-"),1,1,""))) | P27: =IF(P55="","",IF(Q55="","",Q55)) | R27: =IF(P60="","",IF(Q60="","",Q60))
B28: W:L | G28: 8 | I28: 17 | J28: Джаманбаев Жасулан+ | K28: =IF(LEFT(P45,1)="L",0,(IF(P45="","",(IF(LEFT(P45,1)>RIGHT(P45,1),2,1))))) -> 1 | L28: =IF(RIGHT(P42,1)="L",0,(IF(P42="","",(IF(RIGHT(P42,1)>LEFT(P42,1),2,1))))) -> 1 | M28: =IF(LEFT(P39,1)="L",0,(IF(P39="","",(IF(LEFT(P39,1)>RIGHT(P39,1),2,1))))) -> 1 | N28: =IF(RIGHT(P36,1)="L",0,(IF(P36="","",(IF(RIGHT(P36,1)>LEFT(P36,1),2,1))))) -> 1 | O28: =IF(LEFT(P56,1)="L",0,(IF(P56="","",(IF(LEFT(P56,1)>RIGHT(P56,1),2,1))))) -> 2 | P28: =IF(RIGHT(P52,1)="L",0,(IF(P52="","",(IF(RIGHT(P52,1)>LEFT(P52,1),2,1))))) -> 1 | Q28: =IF(RIGHT(P60,1)="L",0,(IF(P60="","",(IF(RIGHT(P60,1)>LEFT(P60,1),2,1))))) -> 1 | S28: =IF((AND(COUNTIF(J7:J30,">""")>2,COUNTIF(P33:P60,">""")>0)),SUM(K28,L28,M28,N28,O28,P28,Q28,R28),"") -> 8 | U28: 8
B29: L:W | K29: =IF(LEFT(P45,1)="W",$M$4&":0(W)",IF(LEFT(P45,1)="L","0:"&$M$4&"(L)",IF(P45="","",P45))) -> 0:3 | L29: =IF(RIGHT(P42,1)="W",$M$4&":0(W)",IF(RIGHT(P42,1)="L","0:"&$M$4&"(L)",IF(P42="","",RIGHT(P42,1)&":"&LEFT(P42,1)))) -> 0:3 | M29: =IF(LEFT(P39,1)="W",$M$4&":0(W)",IF(LEFT(P39,1)="L","0:"&$M$4&"(L)",IF(P39="","",P39))) -> 1:3 | N29: =IF(RIGHT(P36,1)="W",$M$4&":0(W)",IF(RIGHT(P36,1)="L","0:"&$M$4&"(L)",IF(P36="","",RIGHT(P36,1)&":"&LEFT(P36,1)))) -> 0:3 | O29: =IF(LEFT(P56,1)="W",$M$4&":0(W)",IF(LEFT(P56,1)="L","0:"&$M$4&"(L)",IF(P56="","",P56))) -> 3:0 | P29: =IF(RIGHT(P52,1)="W",$M$4&":0(W)",IF(RIGHT(P52,1)="L","0:"&$M$4&"(L)",IF(P52="","",RIGHT(P52,1)&":"&LEFT(P52,1)))) -> 1:3 | Q29: =IF(RIGHT(P60,1)="W",$M$4&":0(W)",IF(RIGHT(P60,1)="L","0:"&$M$4&"(L)",IF(P60="","",RIGHT(P60,1)&":"&LEFT(P60,1)))) -> 0:3
B30: 2:0 | K30: =IF(P45="","",IF(Q45="","",Q45)) | L30: =IF(P42="","",IF(Q42="","",REPLACE(SUBSTITUTE(SUBSTITUTE(SUBSTITUTE(SUBSTITUTE(","&Q42,",-","#"),",","-"),"#",","),"-",",-"),1,1,""))) | M30: =IF(P39="","",IF(Q39="","",Q39)) | N30: =IF(P36="","",IF(Q36="","",REPLACE(SUBSTITUTE(SUBSTITUTE(SUBSTITUTE(SUBSTITUTE(","&Q36,",-","#"),",","-"),"#",","),"-",",-"),1,1,""))) | O30: =IF(P56="","",IF(Q56="","",Q56)) | P30: =IF(P52="","",IF(Q52="","",REPLACE(SUBSTITUTE(SUBSTITUTE(SUBSTITUTE(SUBSTITUTE(","&Q52,",-","#"),",","-"),"#",","),"-",",-"),1,1,""))) | Q30: =IF(P60="","",IF(Q60="","",REPLACE(SUBSTITUTE(SUBSTITUTE(SUBSTITUTE(SUBSTITUTE(","&Q60,",-","#"),",","-"),"#",","),"-",",-"),1,1,"")))
B31: 2:1
B32: 1:2 | I32: ю | P32: счет по сетам | Q32: мячи
B33: 0:2 | G33: 1 круг | I33: 13 | J33: =IF(Уч2="","",Уч2) -> Утельбеков Ермек+ | K33: ="-" -> - | L33: =IF(Уч6="","",Уч6) -> Швайдюк Андрей+ | P33: 3:0 | S33: =IF(AND(I33<>"",P33=""),"встреча играется",IF(P33<>"","сыграна","")) -> сыграна
B34: 4:0 | I34: 13 | J34: =IF(Уч3="","",Уч3) -> Дуйсенбай Есенали+ | K34: ="-" -> - | L34: =IF(Уч5="","",Уч5) -> Боченин Игорь+ | P34: 3:0 | S34: =IF(AND(I34<>"",P34=""),"встреча играется",IF(P34<>"","сыграна","")) -> сыграна
B35: 4:1 | I35: 13 | J35: =IF(Уч1="","",Уч1) -> Ибраев Ерлан+ | K35: ="-" -> - | L35: =IF(Уч7="","",Уч7) -> Шакар Файзолла+ | P35: 3:0 | S35: =IF(AND(I35<>"",P35=""),"встреча играется",IF(P35<>"","сыграна","")) -> сыграна
B36: 4:2 | I36: 14 | J36: =IF(Уч4="","",Уч4) -> Овчинников Евгений+ | K36: ="-" -> - | L36: =IF(Уч8="","",Уч8) -> Джаманбаев Жасулан+ | P36: 3:0 | S36: =IF(AND(I36<>"",P36=""),"встреча играется",IF(P36<>"","сыграна","")) -> сыграна
B37: 4:3 | G37: 2 круг | I37: 14 | J37: =IF(Уч5="","",Уч5) -> Боченин Игорь+ | K37: ="-" -> - | L37: =IF(Уч2="","",Уч2) -> Утельбеков Ермек+ | P37: 2:3 | S37: =IF(AND(I37<>"",P37=""),"встреча играется",IF(P37<>"","сыграна","")) -> сыграна
B38: 0:4 | J38: =IF(Уч6="","",Уч6) -> Швайдюк Андрей+ | K38: ="-" -> - | L38: =IF(Уч1="","",Уч1) -> Ибраев Ерлан+ | P38: W:L | S38: =IF(AND(I38<>"",P38=""),"встреча играется",IF(P38<>"","сыграна","")) -> сыграна
B39: 1:4 | I39: 15 | J39: =IF(Уч8="","",Уч8) -> Джаманбаев Жасулан+ | K39: ="-" -> - | L39: =IF(Уч3="","",Уч3) -> Дуйсенбай Есенали+ | P39: 1:3 | S39: =IF(AND(I39<>"",P39=""),"встреча играется",IF(P39<>"","сыграна","")) -> сыграна
B40: 2:4 | I40: 13 | J40: =IF(Уч7="","",Уч7) -> Шакар Файзолла+ | K40: ="-" -> - | L40: =IF(Уч4="","",Уч4) -> Овчинников Евгений+ | P40: 3:0 | S40: =IF(AND(I40<>"",P40=""),"встреча играется",IF(P40<>"","сыграна","")) -> сыграна
B41: 3:4 | G41: 3 круг | I41: 14 | J41: =IF(Уч1="","",Уч1) -> Ибраев Ерлан+ | K41: ="-" -> - | L41: =IF(Уч5="","",Уч5) -> Боченин Игорь+ | P41: 3:2 | S41: =IF(AND(I41<>"",P41=""),"встреча играется",IF(P41<>"","сыграна","")) -> сыграна
I42: 15 | J42: =IF(Уч2="","",Уч2) -> Утельбеков Ермек+ | K42: ="-" -> - | L42: =IF(Уч8="","",Уч8) -> Джаманбаев Жасулан+ | P42: 3:0 | S42: =IF(AND(I42<>"",P42=""),"встреча играется",IF(P42<>"","сыграна","")) -> сыграна
I43: 14 | J43: =IF(Уч4="","",Уч4) -> Овчинников Евгений+ | K43: ="-" -> - | L43: =IF(Уч6="","",Уч6) -> Швайдюк Андрей+ | P43: 3:2 | S43: =IF(AND(I43<>"",P43=""),"встреча играется",IF(P43<>"","сыграна","")) -> сыграна
I44: 9 | J44: =IF(Уч3="","",Уч3) -> Дуйсенбай Есенали+ | K44: ="-" -> - | L44: =IF(Уч7="","",Уч7) -> Шакар Файзолла+ | P44: 3:1 | S44: =IF(AND(I44<>"",P44=""),"встреча играется",IF(P44<>"","сыграна","")) -> сыграна
G45: 4 круг | I45: 15 | J45: =IF(Уч8="","",Уч8) -> Джаманбаев Жасулан+ | K45: ="-" -> - | L45: =IF(Уч1="","",Уч1) -> Ибраев Ерлан+ | P45: 0:3 | S45: =IF(AND(I45<>"",P45=""),"встреча играется",IF(P45<>"","сыграна","")) -> сыграна
I46: 15 | J46: =IF(Уч5="","",Уч5) -> Боченин Игорь+ | K46: ="-" -> - | L46: =IF(Уч4="","",Уч4) -> Овчинников Евгений+ | P46: 1:3 | S46: =IF(AND(I46<>"",P46=""),"встреча играется",IF(P46<>"","сыграна","")) -> сыграна
I47: 9 | J47: =IF(Уч7="","",Уч7) -> Шакар Файзолла+ | K47: ="-" -> - | L47: =IF(Уч2="","",Уч2) -> Утельбеков Ермек+ | P47: 0:3 | S47: =IF(AND(I47<>"",P47=""),"встреча играется",IF(P47<>"","сыграна","")) -> сыграна
I48: 15 | J48: =IF(Уч6="","",Уч6) -> Швайдюк Андрей+ | K48: ="-" -> - | L48: =IF(Уч3="","",Уч3) -> Дуйсенбай Есенали+ | P48: 2:3 | S48: =IF(AND(I48<>"",P48=""),"встреча играется",IF(P48<>"","сыграна","")) -> сыграна
I49: 15 | J49: =IF(Уч1="","",Уч1) -> Ибраев Ерлан+ | K49: ="-" -> - | L49: =IF(Уч3="","",Уч3) -> Дуйсенбай Есенали+ | P49: 1:3 | S49: =IF(AND(I49<>"",P49=""),"встреча играется",IF(P49<>"","сыграна","")) -> сыграна
I50: 15 | J50: =IF(Уч2="","",Уч2) -> Утельбеков Ермек+ | K50: ="-" -> - | L50: =IF(Уч4="","",Уч4) -> Овчинников Евгений+ | P50: 3:1 | S50: =IF(AND(I50<>"",P50=""),"встреча играется",IF(P50<>"","сыграна","")) -> сыграна
I51: 14 | J51: =IF(Уч5="","",Уч5) -> Боченин Игорь+ | K51: ="-" -> - | L51: =IF(Уч7="","",Уч7) -> Шакар Файзолла+ | P51: 3:0 | S51: =IF(AND(I51<>"",P51=""),"встреча играется",IF(P51<>"","сыграна","")) -> сыграна
I52: 15 | J52: =IF(Уч6="","",Уч6) -> Швайдюк Андрей+ | K52: ="-" -> - | L52: =IF(Уч8="","",Уч8) -> Джаманбаев Жасулан+ | P52: 3:1 | S52: =IF(AND(I52<>"",P52=""),"встреча играется",IF(P52<>"","сыграна","")) -> сыграна
G53: 6 круг | J53: =IF(Уч4="","",Уч4) -> Овчинников Евгений+ | K53: ="-" -> - | L53: =IF(Уч1="","",Уч1) -> Ибраев Ерлан+ | P53: 3:0 | S53: =IF(AND(I53<>"",P53=""),"встреча играется",IF(P53<>"","сыграна","")) -> сыграна
I54: 20 | J54: =IF(Уч3="","",Уч3) -> Дуйсенбай Есенали+ | K54: ="-" -> - | L54: =IF(Уч2="","",Уч2) -> Утельбеков Ермек+ | P54: 3:2 | S54: =IF(AND(I54<>"",P54=""),"встреча играется",IF(P54<>"","сыграна","")) -> сыграна
I55: 14 | J55: =IF(Уч7="","",Уч7) -> Шакар Файзолла+ | K55: ="-" -> - | L55: =IF(Уч6="","",Уч6) -> Швайдюк Андрей+ | P55: 2:3 | S55: =IF(AND(I55<>"",P55=""),"встреча играется",IF(P55<>"","сыграна","")) -> сыграна
I56: 16 | J56: =IF(Уч8="","",Уч8) -> Джаманбаев Жасулан+ | K56: ="-" -> - | L56: =IF(Уч5="","",Уч5) -> Боченин Игорь+ | P56: 3:0 | S56: =IF(AND(I56<>"",P56=""),"встреча играется",IF(P56<>"","сыграна","")) -> сыграна
G57: 7 круг | I57: 15 | J57: =IF(Уч1="","",Уч1) -> Ибраев Ерлан+ | K57: ="-" -> - | L57: =IF(Уч2="","",Уч2) -> Утельбеков Ермек+ | P57: 2:3 | S57: =IF(AND(I57<>"",P57=""),"встреча играется",IF(P57<>"","сыграна","")) -> сыграна
I58: 14 | J58: =IF(Уч3="","",Уч3) -> Дуйсенбай Есенали+ | K58: ="-" -> - | L58: =IF(Уч4="","",Уч4) -> Овчинников Евгений+ | P58: 3:1 | S58: =IF(AND(I58<>"",P58=""),"встреча играется",IF(P58<>"","сыграна","")) -> сыграна
J59: =IF(Уч5="","",Уч5) -> Боченин Игорь+ | K59: ="-" -> - | L59: =IF(Уч6="","",Уч6) -> Швайдюк Андрей+ | P59: 3:2 | S59: =IF(AND(I59<>"",P59=""),"встреча играется",IF(P59<>"","сыграна","")) -> сыграна
I60: 14 | J60: =IF(Уч7="","",Уч7) -> Шакар Файзолла+ | K60: ="-" -> - | L60: =IF(Уч8="","",Уч8) -> Джаманбаев Жасулан+ | P60: 3:0 | S60: =IF(AND(I60<>"",P60=""),"встреча играется",IF(P60<>"","сыграна","")) -> сыграна

Sheet А3
D1: Турнир Открытое первенство города Астана (лиги) | K1: Дата: | L1: =Суперлига!L1 -> 46061
K4: матчи до | M4: 3 | N4: побед
C5: =IF(COUNTIF(D7:D14,"")>0,1,0) -> 0 | E5: =IF((COUNTIF(L33:R60,">""")+COUNTIF(T7:U30,">"""))>0,1,0) -> 1
C6: № | D6: Участники турнира | E6: Рейтинг | G6: № | H6: Разряд | I6: R | J6: Фамилия Имя | K6: 1 | L6: 2 | M6: 3 | N6: 4 | O6: 5 | P6: 6 | Q6: 7 | R6: 8 | S6: Очки | T6: Соотн. | U6: Место
C7: 1 | D7: Шакар Ерасыл | G7: 1 | H7: КМС | I7: 18 | J7: Шакар Ерасыл+ | L7: =IF(LEFT(P57,1)="L",0,(IF(P57="","",(IF(LEFT(P57,1)>RIGHT(P57,1),2,1))))) -> 2 | M7: =IF(LEFT(P49,1)="L",0,(IF(P49="","",(IF(LEFT(P49,1)>RIGHT(P49,1),2,1))))) | N7: =IF(RIGHT(P53,1)="L",0,(IF(P53="","",(IF(RIGHT(P53,1)>LEFT(P53,1),2,1))))) -> 2 | O7: =IF(LEFT(P41,1)="L",0,(IF(P41="","",(IF(LEFT(P41,1)>RIGHT(P41,1),2,1))))) -> 2 | P7: =IF(RIGHT(P38,1)="L",0,(IF(P38="","",(IF(RIGHT(P38,1)>LEFT(P38,1),2,1))))) -> 1 | Q7: =IF(LEFT(P35,1)="L",0,(IF(P35="","",(IF(LEFT(P35,1)>RIGHT(P35,1),2,1))))) -> 2 | R7: =IF(RIGHT(P45,1)="L",0,(IF(P45="","",(IF(RIGHT(P45,1)>LEFT(P45,1),2,1))))) | S7: =IF((AND(COUNTIF(J7:J30,">""")>2,COUNTIF(P33:P60,">""")>0)),SUM(K7,L7,M7,N7,O7,P7,Q7,R7),"") -> 9 | U7: 2
C8: 2 | D8: Ердяков Роман | L8: =IF(LEFT(P57,1)="W",$M$4&":0(W)",IF(LEFT(P57,1)="L","0:"&$M$4&"(L)",IF(P57="","",P57))) -> 3:1 | M8: =IF(LEFT(P49,1)="W",$M$4&":0(W)",IF(LEFT(P49,1)="L","0:"&$M$4&"(L)",IF(P49="","",P49))) | N8: =IF(RIGHT(P53,1)="W",$M$4&":0(W)",IF(RIGHT(P53,1)="L","0:"&$M$4&"(L)",IF(P53="","",RIGHT(P53,1)&":"&LEFT(P53,1)))) -> 3:2 | O8: =IF(LEFT(P41,1)="W",$M$4&":0(W)",IF(LEFT(P41,1)="L","0:"&$M$4&"(L)",IF(P41="","",P41))) -> 3:0 | P8: =IF(RIGHT(P38,1)="W",$M$4&":0(W)",IF(RIGHT(P38,1)="L","0:"&$M$4&"(L)",IF(P38="","",RIGHT(P38,1)&":"&LEFT(P38,1)))) -> 2:3 | Q8: =IF(LEFT(P35,1)="W",$M$4&":0(W)",IF(LEFT(P35,1)="L","0:"&$M$4&"(L)",IF(P35="","",P35))) -> 3:0 | R8: =IF(RIGHT(P45,1)="W",$M$4&":0(W)",IF(RIGHT(P45,1)="L","0:"&$M$4&"(L)",IF(P45="","",RIGHT(P45,1)&":"&LEFT(P45,1))))
C9: 3 | D9: Капышев Нуржан | L9: =IF(P57="","",IF(Q57="","",Q57)) | M9: =IF(P49="","",IF(Q49="","",Q49)) | N9: =IF(P53="","",IF(Q53="","",REPLACE(SUBSTITUTE(SUBSTITUTE(SUBSTITUTE(SUBSTITUTE(","&Q53,",-","#"),",","-"),"#",","),"-",",-"),1,1,""))) | O9: =IF(P41="","",IF(Q41="","",Q41)) | P9: =IF(P38="","",IF(Q38="","",REPLACE(SUBSTITUTE(SUBSTITUTE(SUBSTITUTE(SUBSTITUTE(","&Q38,",-","#"),",","-"),"#",","),"-",",-"),1,1,""))) | Q9: =IF(P35="","",IF(Q35="","",Q35)) | R9: =IF(P45="","",IF(Q45="","",REPLACE(SUBSTITUTE(SUBSTITUTE(SUBSTITUTE(SUBSTITUTE(","&Q45,",-","#"),",","-"),"#",","),"-",",-"),1,1,"")))
C10: 4 | D10: Мукушев Нурлан | G10: 2 | I10: 15 | J10: Ердяков Роман+ | K10: =IF(RIGHT(P57,1)="L",0,(IF(P57="","",(IF(RIGHT(P57,1)>LEFT(P57,1),2,1))))) -> 1 | M10: =IF(RIGHT(P54,1)="L",0,(IF(P54="","",(IF(RIGHT(P54,1)>LEFT(P54,1),2,1))))) | N10: =IF(LEFT(P50,1)="L",0,(IF(P50="","",(IF(LEFT(P50,1)>RIGHT(P50,1),2,1))))) -> 1 | O10: =IF(RIGHT(P37,1)="L",0,(IF(P37="","",(IF(RIGHT(P37,1)>LEFT(P37,1),2,1))))) -> 2 | P10: =IF(LEFT(P33,1)="L",0,(IF(P33="","",(IF(LEFT(P33,1)>RIGHT(P33,1),2,1))))) -> 1 | Q10: =IF(RIGHT(P47,1)="L",0,(IF(P47="","",(IF(RIGHT(P47,1)>LEFT(P47,1),2,1))))) -> 2 | R10: =IF(LEFT(P42,1)="L",0,(IF(P42="","",(IF(LEFT(P42,1)>RIGHT(P42,1),2,1))))) | S10: =IF((AND(COUNTIF(J7:J30,">""")>2,COUNTIF(P33:P60,">""")>0)),SUM(K10,L10,M10,N10,O10,P10,Q10,R10),"") -> 7 | U10: 4
C11: 5 | D11: Бермагамбетов Ильяс | K11: =IF(RIGHT(P57,1)="W",$M$4&":0(W)",IF(RIGHT(P57,1)="L","0:"&$M$4&"(L)",IF(P57="","",RIGHT(P57,1)&":"&LEFT(P57,1)))) -> 1:3 | M11: =IF(RIGHT(P54,1)="W",$M$4&":0(W)",IF(RIGHT(P54,1)="L","0:"&$M$4&"(L)",IF(P54="","",RIGHT(P54,1)&":"&LEFT(P54,1)))) | N11: =IF(LEFT(P50,1)="W",$M$4&":0(W)",IF(LEFT(P50,1)="L","0:"&$M$4&"(L)",IF(P50="","",P50))) -> 0:3 | O11: =IF(RIGHT(P37,1)="W",$M$4&":0(W)",IF(RIGHT(P37,1)="L","0:"&$M$4&"(L)",IF(P37="","",RIGHT(P37,1)&":"&LEFT(P37,1)))) -> 3:2 | P11: =IF(LEFT(P33,1)="W",$M$4&":0(W)",IF(LEFT(P33,1)="L","0:"&$M$4&"(L)",IF(P33="","",P33))) -> 1:3 | Q11: =IF(RIGHT(P47,1)="W",$M$4&":0(W)",IF(RIGHT(P47,1)="L","0:"&$M$4&"(L)",IF(P47="","",RIGHT(P47,1)&":"&LEFT(P47,1)))) -> 3:2 | R11: =IF(LEFT(P42,1)="W",$M$4&":0(W)",IF(LEFT(P42,1)="L","0:"&$M$4&"(L)",IF(P42="","",P42)))
C12: 6 | D12: Бекбулатов Ернур | K12: =IF(P57="","",IF(Q57="","",REPLACE(SUBSTITUTE(SUBSTITUTE(SUBSTITUTE(SUBSTITUTE(","&Q57,",-","#"),",","-"),"#",","),"-",",-"),1,1,""))) | M12: =IF(P54="","",IF(Q54="","",REPLACE(SUBSTITUTE(SUBSTITUTE(SUBSTITUTE(SUBSTITUTE(","&Q54,",-","#"),",","-"),"#",","),"-",",-"),1,1,""))) | N12: =IF(P50="","",IF(Q50="","",Q50)) | O12: =IF(P37="","",IF(Q37="","",REPLACE(SUBSTITUTE(SUBSTITUTE(SUBSTITUTE(SUBSTITUTE(","&Q37,",-","#"),",","-"),"#",","),"-",",-"),1,1,""))) | P12: =IF(P33="","",IF(Q33="","",Q33)) | Q12: =IF(P47="","",IF(Q47="","",REPLACE(SUBSTITUTE(SUBSTITUTE(SUBSTITUTE(SUBSTITUTE(","&Q47,",-","#"),",","-"),"#",","),"-",",-"),1,1,""))) | R12: =IF(P42="","",IF(Q42="","",Q42))
C13: 7 | D13: Саламатов Кобеген | G13: 3 | I13: 17 | J13: Капышев Нуржан | K13: =IF(RIGHT(P49,1)="L",0,(IF(P49="","",(IF(RIGHT(P49,1)>LEFT(P49,1),2,1))))) | L13: =IF(LEFT(P54,1)="L",0,(IF(P54="","",(IF(LEFT(P54,1)>RIGHT(P54,1),2,1))))) | N13: =IF(LEFT(P58,1)="L",0,(IF(P58="","",(IF(LEFT(P58,1)>RIGHT(P58,1),2,1))))) | O13: =IF(LEFT(P34,1)="L",0,(IF(P34="","",(IF(LEFT(P34,1)>RIGHT(P34,1),2,1))))) | P13: =IF(RIGHT(P48,1)="L",0,(IF(P48="","",(IF(RIGHT(P48,1)>LEFT(P48,1),2,1))))) | Q13: =IF(LEFT(P44,1)="L",0,(IF(P44="","",(IF(LEFT(P44,1)>RIGHT(P44,1),2,1))))) | R13: =IF(RIGHT(P39,1)="L",0,(IF(P39="","",(IF(RIGHT(P39,1)>LEFT(P39,1),2,1))))) | S13: =IF((AND(COUNTIF(J7:J30,">""")>2,COUNTIF(P33:P60,">""")>0)),SUM(K13,L13,M13,N13,O13,P13,Q13,R13),"") -> 0 | U13: 7
C14: 8 | D14: Литвиненко Максим | K14: =IF(RIGHT(P49,1)="W",$M$4&":0(W)",IF(RIGHT(P49,1)="L","0:"&$M$4&"(L)",IF(P49="","",RIGHT(P49,1)&":"&LEFT(P49,1)))) | L14: =IF(LEFT(P54,1)="W",$M$4&":0(W)",IF(LEFT(P54,1)="L","0:"&$M$4&"(L)",IF(P54="","",P54))) | N14: =IF(LEFT(P58,1)="W",$M$4&":0(W)",IF(LEFT(P58,1)="L","0:"&$M$4&"(L)",IF(P58="","",P58))) | O14: =IF(LEFT(P34,1)="W",$M$4&":0(W)",IF(LEFT(P34,1)="L","0:"&$M$4&"(L)",IF(P34="","",P34))) | P14: =IF(RIGHT(P48,1)="W",$M$4&":0(W)",IF(RIGHT(P48,1)="L","0:"&$M$4&"(L)",IF(P48="","",RIGHT(P48,1)&":"&LEFT(P48,1)))) | Q14: =IF(LEFT(P44,1)="W",$M$4&":0(W)",IF(LEFT(P44,1)="L","0:"&$M$4&"(L)",IF(P44="","",P44))) | R14: =IF(RIGHT(P39,1)="W",$M$4&":0(W)",IF(RIGHT(P39,1)="L","0:"&$M$4&"(L)",IF(P39="","",RIGHT(P39,1)&":"&LEFT(P39,1))))
K15: =IF(P49="","",IF(Q49="","",REPLACE(SUBSTITUTE(SUBSTITUTE(SUBSTITUTE(SUBSTITUTE(","&Q49,",-","#"),",","-"),"#",","),"-",",-"),1,1,""))) | L15: =IF(P54="","",IF(Q54="","",Q54)) | N15: =IF(P58="","",IF(Q58="","",Q58)) | O15: =IF(P34="","",IF(Q34="","",Q34)) | P15: =IF(P48="","",IF(Q48="","",REPLACE(SUBSTITUTE(SUBSTITUTE(SUBSTITUTE(SUBSTITUTE(","&Q48,",-","#"),",","-"),"#",","),"-",",-"),1,1,""))) | Q15: =IF(P44="","",IF(Q44="","",Q44)) | R15: =IF(P39="","",IF(Q39="","",REPLACE(SUBSTITUTE(SUBSTITUTE(SUBSTITUTE(SUBSTITUTE(","&Q39,",-","#"),",","-"),"#",","),"-",",-"),1,1,"")))
G16: 4 | I16: 13 | J16: Мукушев Нурлан+ | K16: =IF(LEFT(P53,1)="L",0,(IF(P53="","",(IF(LEFT(P53,1)>RIGHT(P53,1),2,1))))) -> 1 | L16: =IF(RIGHT(P50,1)="L",0,(IF(P50="","",(IF(RIGHT(P50,1)>LEFT(P50,1),2,1))))) -> 2 | M16: =IF(RIGHT(P58,1)="L",0,(IF(P58="","",(IF(RIGHT(P58,1)>LEFT(P58,1),2,1))))) | O16: =IF(RIGHT(P46,1)="L",0,(IF(P46="","",(IF(RIGHT(P46,1)>LEFT(P46,1),2,1))))) -> 2 | P16: =IF(LEFT(P43,1)="L",0,(IF(P43="","",(IF(LEFT(P43,1)>RIGHT(P43,1),2,1))))) -> 1 | Q16: =IF(RIGHT(P40,1)="L",0,(IF(P40="","",(IF(RIGHT(P40,1)>LEFT(P40,1),2,1))))) -> 2 | R16: =IF(LEFT(P36,1)="L",0,(IF(P36="","",(IF(LEFT(P36,1)>RIGHT(P36,1),2,1))))) | S16: =IF((AND(COUNTIF(J7:J30,">""")>2,COUNTIF(P33:P60,">""")>0)),SUM(K16,L16,M16,N16,O16,P16,Q16,R16),"") -> 8 | U16: 3
K17: =IF(LEFT(P53,1)="W",$M$4&":0(W)",IF(LEFT(P53,1)="L","0:"&$M$4&"(L)",IF(P53="","",P53))) -> 2:3 | L17: =IF(RIGHT(P50,1)="W",$M$4&":0(W)",IF(RIGHT(P50,1)="L","0:"&$M$4&"(L)",IF(P50="","",RIGHT(P50,1)&":"&LEFT(P50,1)))) -> 3:0 | M17: =IF(RIGHT(P58,1)="W",$M$4&":0(W)",IF(RIGHT(P58,1)="L","0:"&$M$4&"(L)",IF(P58="","",RIGHT(P58,1)&":"&LEFT(P58,1)))) | O17: =IF(RIGHT(P46,1)="W",$M$4&":0(W)",IF(RIGHT(P46,1)="L","0:"&$M$4&"(L)",IF(P46="","",RIGHT(P46,1)&":"&LEFT(P46,1)))) -> 3:2 | P17: =IF(LEFT(P43,1)="W",$M$4&":0(W)",IF(LEFT(P43,1)="L","0:"&$M$4&"(L)",IF(P43="","",P43))) -> 1:3 | Q17: =IF(RIGHT(P40,1)="W",$M$4&":0(W)",IF(RIGHT(P40,1)="L","0:"&$M$4&"(L)",IF(P40="","",RIGHT(P40,1)&":"&LEFT(P40,1)))) -> 3:0 | R17: =IF(LEFT(P36,1)="W",$M$4&":0(W)",IF(LEFT(P36,1)="L","0:"&$M$4&"(L)",IF(P36="","",P36)))
K18: =IF(P53="","",IF(Q53="","",Q53)) | L18: =IF(P50="","",IF(Q50="","",REPLACE(SUBSTITUTE(SUBSTITUTE(SUBSTITUTE(SUBSTITUTE(","&Q50,",-","#"),",","-"),"#",","),"-",",-"),1,1,""))) | M18: =IF(P58="","",IF(Q58="","",REPLACE(SUBSTITUTE(SUBSTITUTE(SUBSTITUTE(SUBSTITUTE(","&Q58,",-","#"),",","-"),"#",","),"-",",-"),1,1,""))) | O18: =IF(P46="","",IF(Q46="","",REPLACE(SUBSTITUTE(SUBSTITUTE(SUBSTITUTE(SUBSTITUTE(","&Q46,",-","#"),",","-"),"#",","),"-",",-"),1,1,""))) | P18: =IF(P43="","",IF(Q43="","",Q43)) | Q18: =IF(P40="","",IF(Q40="","",REPLACE(SUBSTITUTE(SUBSTITUTE(SUBSTITUTE(SUBSTITUTE(","&Q40,",-","#"),",","-"),"#",","),"-",",-"),1,1,""))) | R18: =IF(P36="","",IF(Q36="","",Q36))
G19: 5 | I19: 13 | J19: Бермагамбетов Ильяс+ | K19: =IF(RIGHT(P41,1)="L",0,(IF(P41="","",(IF(RIGHT(P41,1)>LEFT(P41,1),2,1))))) -> 1 | L19: =IF(LEFT(P37,1)="L",0,(IF(P37="","",(IF(LEFT(P37,1)>RIGHT(P37,1),2,1))))) -> 1 | M19: =IF(RIGHT(P34,1)="L",0,(IF(P34="","",(IF(RIGHT(P34,1)>LEFT(P34,1),2,1))))) | N19: =IF(LEFT(P46,1)="L",0,(IF(P46="","",(IF(LEFT(P46,1)>RIGHT(P46,1),2,1))))) -> 1 | P19: =IF(LEFT(P59,1)="L",0,(IF(P59="","",(IF(LEFT(P59,1)>RIGHT(P59,1),2,1))))) -> 1 | Q19: =IF(LEFT(P51,1)="L",0,(IF(P51="","",(IF(LEFT(P51,1)>RIGHT(P51,1),2,1))))) -> 2 | R19: =IF(RIGHT(P56,1)="L",0,(IF(P56="","",(IF(RIGHT(P56,1)>LEFT(P56,1),2,1))))) | S19: =IF((AND(COUNTIF(J7:J30,">""")>2,COUNTIF(P33:P60,">""")>0)),SUM(K19,L19,M19,N19,O19,P19,Q19,R19),"") -> 6 | U19: 5
K20: =IF(RIGHT(P41,1)="W",$M$4&":0(W)",IF(RIGHT(P41,1)="L","0:"&$M$4&"(L)",IF(P41="","",RIGHT(P41,1)&":"&LEFT(P41,1)))) -> 0:3 | L20: =IF(LEFT(P37,1)="W",$M$4&":0(W)",IF(LEFT(P37,1)="L","0:"&$M$4&"(L)",IF(P37="","",P37))) -> 2:3 | M20: =IF(RIGHT(P34,1)="W",$M$4&":0(W)",IF(RIGHT(P34,1)="L","0:"&$M$4&"(L)",IF(P34="","",RIGHT(P34,1)&":"&LEFT(P34,1)))) | N20: =IF(LEFT(P46,1)="W",$M$4&":0(W)",IF(LEFT(P46,1)="L","0:"&$M$4&"(L)",IF(P46="","",P46))) -> 2:3 | P20: =IF(LEFT(P59,1)="W",$M$4&":0(W)",IF(LEFT(P59,1)="L","0:"&$M$4&"(L)",IF(P59="","",P59))) -> 1:3 | Q20: =IF(LEFT(P51,1)="W",$M$4&":0(W)",IF(LEFT(P51,1)="L","0:"&$M$4&"(L)",IF(P51="","",P51))) -> 3:0 | R20: =IF(RIGHT(P56,1)="W",$M$4&":0(W)",IF(RIGHT(P56,1)="L","0:"&$M$4&"(L)",IF(P56="","",RIGHT(P56,1)&":"&LEFT(P56,1))))
K21: =IF(P41="","",IF(Q41="","",REPLACE(SUBSTITUTE(SUBSTITUTE(SUBSTITUTE(SUBSTITUTE(","&Q41,",-","#"),",","-"),"#",","),"-",",-"),1,1,""))) | L21: =IF(P37="","",IF(Q37="","",Q37)) | M21: =IF(P34="","",IF(Q34="","",REPLACE(SUBSTITUTE(SUBSTITUTE(SUBSTITUTE(SUBSTITUTE(","&Q34,",-","#"),",","-"),"#",","),"-",",-"),1,1,""))) | N21: =IF(P46="","",IF(Q46="","",Q46)) | P21: =IF(P59="","",IF(Q59="","",Q59)) | Q21: =IF(P51="","",IF(Q51="","",Q51)) | R21: =IF(P56="","",IF(Q56="","",REPLACE(SUBSTITUTE(SUBSTITUTE(SUBSTITUTE(SUBSTITUTE(","&Q56,",-","#"),",","-"),"#",","),"-",",-"),1,1,"")))
B22: 3:0 | G22: 6 | H22: КМС | I22: 21 | J22: Бекбулатов Ернур+ | K22: =IF(LEFT(P38,1)="L",0,(IF(P38="","",(IF(LEFT(P38,1)>RIGHT(P38,1),2,1))))) -> 2 | L22: =IF(RIGHT(P33,1)="L",0,(IF(P33="","",(IF(RIGHT(P33,1)>LEFT(P33,1),2,1))))) -> 2 | M22: =IF(LEFT(P48,1)="L",0,(IF(P48="","",(IF(LEFT(P48,1)>RIGHT(P48,1),2,1))))) | N22: =IF(RIGHT(P43,1)="L",0,(IF(P43="","",(IF(RIGHT(P43,1)>LEFT(P43,1),2,1))))) -> 2 | O22: =IF(RIGHT(P59,1)="L",0,(IF(P59="","",(IF(RIGHT(P59,1)>LEFT(P59,1),2,1))))) -> 2 | Q22: =IF(RIGHT(P55,1)="L",0,(IF(P55="","",(IF(RIGHT(P55,1)>LEFT(P55,1),2,1))))) -> 2 | R22: =IF(LEFT(P52,1)="L",0,(IF(P52="","",(IF(LEFT(P52,1)>RIGHT(P52,1),2,1))))) | S22: =IF((AND(COUNTIF(J7:J30,">""")>2,COUNTIF(P33:P60,">""")>0)),SUM(K22,L22,M22,N22,O22,P22,Q22,R22),"") -> 10 | U22: 1
B23: 3:1 | K23: =IF(LEFT(P38,1)="W",$M$4&":0(W)",IF(LEFT(P38,1)="L","0:"&$M$4&"(L)",IF(P38="","",P38))) -> 3:2 | L23: =IF(RIGHT(P33,1)="W",$M$4&":0(W)",IF(RIGHT(P33,1)="L","0:"&$M$4&"(L)",IF(P33="","",RIGHT(P33,1)&":"&LEFT(P33,1)))) -> 3:1 | M23: =IF(LEFT(P48,1)="W",$M$4&":0(W)",IF(LEFT(P48,1)="L","0:"&$M$4&"(L)",IF(P48="","",P48))) | N23: =IF(RIGHT(P43,1)="W",$M$4&":0(W)",IF(RIGHT(P43,1)="L","0:"&$M$4&"(L)",IF(P43="","",RIGHT(P43,1)&":"&LEFT(P43,1)))) -> 3:1 | O23: =IF(RIGHT(P59,1)="W",$M$4&":0(W)",IF(RIGHT(P59,1)="L","0:"&$M$4&"(L)",IF(P59="","",RIGHT(P59,1)&":"&LEFT(P59,1)))) -> 3:1 | Q23: =IF(RIGHT(P55,1)="W",$M$4&":0(W)",IF(RIGHT(P55,1)="L","0:"&$M$4&"(L)",IF(P55="","",RIGHT(P55,1)&":"&LEFT(P55,1)))) -> 3:1 | R23: =IF(LEFT(P52,1)="W",$M$4&":0(W)",IF(LEFT(P52,1)="L","0:"&$M$4&"(L)",IF(P52="","",P52)))
B24: 3:2 | K24: =IF(P38="","",IF(Q38="","",Q38)) | L24: =IF(P33="","",IF(Q33="","",REPLACE(SUBSTITUTE(SUBSTITUTE(SUBSTITUTE(SUBSTITUTE(","&Q33,",-","#"),",","-"),"#",","),"-",",-"),1,1,""))) | M24: =IF(P48="","",IF(Q48="","",Q48)) | N24: =IF(P43="","",IF(Q43="","",REPLACE(SUBSTITUTE(SUBSTITUTE(SUBSTITUTE(SUBSTITUTE(","&Q43,",-","#"),",","-"),"#",","),"-",",-"),1,1,""))) | O24: =IF(P59="","",IF(Q59="","",REPLACE(SUBSTITUTE(SUBSTITUTE(SUBSTITUTE(SUBSTITUTE(","&Q59,",-","#"),",","-"),"#",","),"-",",-"),1,1,""))) | Q24: =IF(P55="","",IF(Q55="","",REPLACE(SUBSTITUTE(SUBSTITUTE(SUBSTITUTE(SUBSTITUTE(","&Q55,",-","#"),",","-"),"#",","),"-",",-"),1,1,""))) | R24: =IF(P52="","",IF(Q52="","",Q52))
B25: 0:3 | G25: 7 | H25: КМС | I25: 21 | J25: Саламатов Кобеген+ | K25: =IF(RIGHT(P35,1)="L",0,(IF(P35="","",(IF(RIGHT(P35,1)>LEFT(P35,1),2,1))))) -> 1 | L25: =IF(LEFT(P47,1)="L",0,(IF(P47="","",(IF(LEFT(P47,1)>RIGHT(P47,1),2,1))))) -> 1 | M25: =IF(RIGHT(P44,1)="L",0,(IF(P44="","",(IF(RIGHT(P44,1)>LEFT(P44,1),2,1))))) | N25: =IF(LEFT(P40,1)="L",0,(IF(P40="","",(IF(LEFT(P40,1)>RIGHT(P40,1),2,1))))) -> 1 | O25: =IF(RIGHT(P51,1)="L",0,(IF(P51="","",(IF(RIGHT(P51,1)>LEFT(P51,1),2,1))))) -> 1 | P25: =IF(LEFT(P55,1)="L",0,(IF(P55="","",(IF(LEFT(P55,1)>RIGHT(P55,1),2,1))))) -> 1 | R25: =IF(LEFT(P60,1)="L",0,(IF(P60="","",(IF(LEFT(P60,1)>RIGHT(P60,1),2,1))))) | S25: =IF((AND(COUNTIF(J7:J30,">""")>2,COUNTIF(P33:P60,">""")>0)),SUM(K25,L25,M25,N25,O25,P25,Q25,R25),"") -> 5 | U25: 6
B26: 1:3 | K26: =IF(RIGHT(P35,1)="W",$M$4&":0(W)",IF(RIGHT(P35,1)="L","0:"&$M$4&"(L)",IF(P35="","",RIGHT(P35,1)&":"&LEFT(P35,1)))) -> 0:3 | L26: =IF(LEFT(P47)="W",$M$4&":0(W)",IF(LEFT(P47,1)="L","0:"&$M$4&"(L)",IF(P47="","",P47))) -> 2:3 | M26: =IF(RIGHT(P44,1)="W",$M$4&":0(W)",IF(RIGHT(P44,1)="L","0:"&$M$4&"(L)",IF(P44="","",RIGHT(P44,1)&":"&LEFT(P44,1)))) | N26: =IF(LEFT(P40,1)="W",$M$4&":0(W)",IF(LEFT(P40,1)="L","0:"&$M$4&"(L)",IF(P40="","",P40))) -> 0:3 | O26: =IF(RIGHT(P51,1)="W",$M$4&":0(W)",IF(RIGHT(P51,1)="L","0:"&$M$4&"(L)",IF(P51="","",RIGHT(P51,1)&":"&LEFT(P51,1)))) -> 0:3 | P26: =IF(LEFT(P55,1)="W",$M$4&":0(W)",IF(LEFT(P55,1)="L","0:"&$M$4&"(L)",IF(P55="","",P55))) -> 1:3 | R26: =IF(LEFT(P60,1)="W",$M$4&":0(W)",IF(LEFT(P60,1)="L","0:"&$M$4&"(L)",IF(P60="","",P60)))
B27: 2:3 | K27: =IF(P35="","",IF(Q35="","",REPLACE(SUBSTITUTE(SUBSTITUTE(SUBSTITUTE(SUBSTITUTE(","&Q35,",-","#"),",","-"),"#",","),"-",",-"),1,1,""))) | L27: =IF(P47="","",IF(Q47="","",Q47)) | M27: =IF(P44="","",IF(Q44="","",REPLACE(SUBSTITUTE(SUBSTITUTE(SUBSTITUTE(SUBSTITUTE(","&Q44,",-","#"),",","-"),"#",","),"-",",-"),1,1,""))) | N27: =IF(P40="","",IF(Q40="","",Q40)) | O27: =IF(P51="","",IF(Q51="","",REPLACE(SUBSTITUTE(SUBSTITUTE(SUBSTITUTE(SUBSTITUTE(","&Q51,",-","#"),",","-"),"#",","),"-",",-"),1,1,""))) | P27: =IF(P55="","",IF(Q55="","",Q55)) | R27: =IF(P60="","",IF(Q60="","",Q60))
B28: W:L | G28: 8 | I28: 16 | J28: Литвиненко Максим | K28: =IF(LEFT(P45,1)="L",0,(IF(P45="","",(IF(LEFT(P45,1)>RIGHT(P45,1),2,1))))) | L28: =IF(RIGHT(P42,1)="L",0,(IF(P42="","",(IF(RIGHT(P42,1)>LEFT(P42,1),2,1))))) | M28: =IF(LEFT(P39,1)="L",0,(IF(P39="","",(IF(LEFT(P39,1)>RIGHT(P39,1),2,1))))) | N28: =IF(RIGHT(P36,1)="L",0,(IF(P36="","",(IF(RIGHT(P36,1)>LEFT(P36,1),2,1))))) | O28: =IF(LEFT(P56,1)="L",0,(IF(P56="","",(IF(LEFT(P56,1)>RIGHT(P56,1),2,1))))) | P28: =IF(RIGHT(P52,1)="L",0,(IF(P52="","",(IF(RIGHT(P52,1)>LEFT(P52,1),2,1))))) | Q28: =IF(RIGHT(P60,1)="L",0,(IF(P60="","",(IF(RIGHT(P60,1)>LEFT(P60,1),2,1))))) | S28: =IF((AND(COUNTIF(J7:J30,">""")>2,COUNTIF(P33:P60,">""")>0)),SUM(K28,L28,M28,N28,O28,P28,Q28,R28),"") -> 0 | U28: 8
B29: L:W | K29: =IF(LEFT(P45,1)="W",$M$4&":0(W)",IF(LEFT(P45,1)="L","0:"&$M$4&"(L)",IF(P45="","",P45))) | L29: =IF(RIGHT(P42,1)="W",$M$4&":0(W)",IF(RIGHT(P42,1)="L","0:"&$M$4&"(L)",IF(P42="","",RIGHT(P42,1)&":"&LEFT(P42,1)))) | M29: =IF(LEFT(P39,1)="W",$M$4&":0(W)",IF(LEFT(P39,1)="L","0:"&$M$4&"(L)",IF(P39="","",P39))) | N29: =IF(RIGHT(P36,1)="W",$M$4&":0(W)",IF(RIGHT(P36,1)="L","0:"&$M$4&"(L)",IF(P36="","",RIGHT(P36,1)&":"&LEFT(P36,1)))) | O29: =IF(LEFT(P56,1)="W",$M$4&":0(W)",IF(LEFT(P56,1)="L","0:"&$M$4&"(L)",IF(P56="","",P56))) | P29: =IF(RIGHT(P52,1)="W",$M$4&":0(W)",IF(RIGHT(P52,1)="L","0:"&$M$4&"(L)",IF(P52="","",RIGHT(P52,1)&":"&LEFT(P52,1)))) | Q29: =IF(RIGHT(P60,1)="W",$M$4&":0(W)",IF(RIGHT(P60,1)="L","0:"&$M$4&"(L)",IF(P60="","",RIGHT(P60,1)&":"&LEFT(P60,1))))
B30: 2:0 | K30: =IF(P45="","",IF(Q45="","",Q45)) | L30: =IF(P42="","",IF(Q42="","",REPLACE(SUBSTITUTE(SUBSTITUTE(SUBSTITUTE(SUBSTITUTE(","&Q42,",-","#"),",","-"),"#",","),"-",",-"),1,1,""))) | M30: =IF(P39="","",IF(Q39="","",Q39)) | N30: =IF(P36="","",IF(Q36="","",REPLACE(SUBSTITUTE(SUBSTITUTE(SUBSTITUTE(SUBSTITUTE(","&Q36,",-","#"),",","-"),"#",","),"-",",-"),1,1,""))) | O30: =IF(P56="","",IF(Q56="","",Q56)) | P30: =IF(P52="","",IF(Q52="","",REPLACE(SUBSTITUTE(SUBSTITUTE(SUBSTITUTE(SUBSTITUTE(","&Q52,",-","#"),",","-"),"#",","),"-",",-"),1,1,""))) | Q30: =IF(P60="","",IF(Q60="","",REPLACE(SUBSTITUTE(SUBSTITUTE(SUBSTITUTE(SUBSTITUTE(","&Q60,",-","#"),",","-"),"#",","),"-",",-"),1,1,"")))
B31: 2:1
B32: 1:2 | I32: ю | P32: счет по сетам | Q32: мячи
B33: 0:2 | G33: 1 круг | I33: 15 | J33: =IF(А3!Уч2="","",А3!Уч2) -> Ердяков Роман+ | K33: ="-" -> - | L33: =IF(А3!Уч6="","",А3!Уч6) -> Бекбулатов Ернур+ | P33: 1:3 | S33: =IF(AND(I33<>"",P33=""),"встреча играется",IF(P33<>"","сыграна","")) -> сыграна
B34: 4:0 | J34: =IF(А3!Уч3="","",А3!Уч3) -> Капышев Нуржан | K34: ="-" -> - | L34: =IF(А3!Уч5="","",А3!Уч5) -> Бермагамбетов Ильяс+ | S34: =IF(AND(I34<>"",P34=""),"встреча играется",IF(P34<>"","сыграна",""))
B35: 4:1 | I35: 16 | J35: =IF(А3!Уч1="","",А3!Уч1) -> Шакар Ерасыл+ | K35: ="-" -> - | L35: =IF(А3!Уч7="","",А3!Уч7) -> Саламатов Кобеген+ | P35: 3:0 | S35: =IF(AND(I35<>"",P35=""),"встреча играется",IF(P35<>"","сыграна","")) -> сыграна
B36: 4:2 | J36: =IF(А3!Уч4="","",А3!Уч4) -> Мукушев Нурлан+ | K36: ="-" -> - | L36: =IF(А3!Уч8="","",А3!Уч8) -> Литвиненко Максим | S36: =IF(AND(I36<>"",P36=""),"встреча играется",IF(P36<>"","сыграна",""))
B37: 4:3 | G37: 2 круг | I37: 20 | J37: =IF(А3!Уч5="","",А3!Уч5) -> Бермагамбетов Ильяс+ | K37: ="-" -> - | L37: =IF(А3!Уч2="","",А3!Уч2) -> Ердяков Роман+ | P37: 2:3 | S37: =IF(AND(I37<>"",P37=""),"встреча играется",IF(P37<>"","сыграна","")) -> сыграна
B38: 0:4 | I38: 16 | J38: =IF(А3!Уч6="","",А3!Уч6) -> Бекбулатов Ернур+ | K38: ="-" -> - | L38: =IF(А3!Уч1="","",А3!Уч1) -> Шакар Ерасыл+ | P38: 3:2 | S38: =IF(AND(I38<>"",P38=""),"встреча играется",IF(P38<>"","сыграна","")) -> сыграна
B39: 1:4 | J39: =IF(А3!Уч8="","",А3!Уч8) -> Литвиненко Максим | K39: ="-" -> - | L39: =IF(А3!Уч3="","",А3!Уч3) -> Капышев Нуржан | S39: =IF(AND(I39<>"",P39=""),"встреча играется",IF(P39<>"","сыграна",""))
B40: 2:4 | I40: 20 | J40: =IF(А3!Уч7="","",А3!Уч7) -> Саламатов Кобеген+ | K40: ="-" -> - | L40: =IF(А3!Уч4="","",А3!Уч4) -> Мукушев Нурлан+ | P40: 0:3 | S40: =IF(AND(I40<>"",P40=""),"встреча играется",IF(P40<>"","сыграна","")) -> сыграна
B41: 3:4 | G41: 3 круг | I41: 16 | J41: =IF(А3!Уч1="","",А3!Уч1) -> Шакар Ерасыл+ | K41: ="-" -> - | L41: =IF(А3!Уч5="","",А3!Уч5) -> Бермагамбетов Ильяс+ | P41: 3:0 | S41: =IF(AND(I41<>"",P41=""),"встреча играется",IF(P41<>"","сыграна","")) -> сыграна
J42: =IF(А3!Уч2="","",А3!Уч2) -> Ердяков Роман+ | K42: ="-" -> - | L42: =IF(А3!Уч8="","",А3!Уч8) -> Литвиненко Максим | S42: =IF(AND(I42<>"",P42=""),"встреча играется",IF(P42<>"","сыграна",""))
I43: 20 | J43: =IF(А3!Уч4="","",А3!Уч4) -> Мукушев Нурлан+ | K43: ="-" -> - | L43: =IF(А3!Уч6="","",А3!Уч6) -> Бекбулатов Ернур+ | P43: 1:3 | S43: =IF(AND(I43<>"",P43=""),"встреча играется",IF(P43<>"","сыграна","")) -> сыграна
J44: =IF(А3!Уч3="","",А3!Уч3) -> Капышев Нуржан | K44: ="-" -> - | L44: =IF(А3!Уч7="","",А3!Уч7) -> Саламатов Кобеген+ | S44: =IF(AND(I44<>"",P44=""),"встреча играется",IF(P44<>"","сыграна",""))
G45: 4 круг | J45: =IF(А3!Уч8="","",А3!Уч8) -> Литвиненко Максим | K45: ="-" -> - | L45: =IF(А3!Уч1="","",А3!Уч1) -> Шакар Ерасыл+ | S45: =IF(AND(I45<>"",P45=""),"встреча играется",IF(P45<>"","сыграна",""))
I46: 14 | J46: =IF(А3!Уч5="","",А3!Уч5) -> Бермагамбетов Ильяс+ | K46: ="-" -> - | L46: =IF(А3!Уч4="","",А3!Уч4) -> Мукушев Нурлан+ | P46: 2:3 | S46: =IF(AND(I46<>"",P46=""),"встреча играется",IF(P46<>"","сыграна","")) -> сыграна
I47: 16 | J47: =IF(А3!Уч7="","",А3!Уч7) -> Саламатов Кобеген+ | K47: ="-" -> - | L47: =IF(А3!Уч2="","",А3!Уч2) -> Ердяков Роман+ | P47: 2:3 | S47: =IF(AND(I47<>"",P47=""),"встреча играется",IF(P47<>"","сыграна","")) -> сыграна
J48: =IF(А3!Уч6="","",А3!Уч6) -> Бекбулатов Ернур+ | K48: ="-" -> - | L48: =IF(А3!Уч3="","",А3!Уч3) -> Капышев Нуржан | S48: =IF(AND(I48<>"",P48=""),"встреча играется",IF(P48<>"","сыграна",""))
G49: 5 круг | J49: =IF(А3!Уч1="","",А3!Уч1) -> Шакар Ерасыл+ | K49: ="-" -> - | L49: =IF(А3!Уч3="","",А3!Уч3) -> Капышев Нуржан | S49: =IF(AND(I49<>"",P49=""),"встреча играется",IF(P49<>"","сыграна",""))
I50: 20 | J50: =IF(А3!Уч2="","",А3!Уч2) -> Ердяков Роман+ | K50: ="-" -> - | L50: =IF(А3!Уч4="","",А3!Уч4) -> Мукушев Нурлан+ | P50: 0:3 | S50: =IF(AND(I50<>"",P50=""),"встреча играется",IF(P50<>"","сыграна","")) -> сыграна
I51: 16 | J51: =IF(А3!Уч5="","",А3!Уч5) -> Бермагамбетов Ильяс+ | K51: ="-" -> - | L51: =IF(А3!Уч7="","",А3!Уч7) -> Саламатов Кобеген+ | P51: 3:0 | S51: =IF(AND(I51<>"",P51=""),"встреча играется",IF(P51<>"","сыграна","")) -> сыграна
J52: =IF(А3!Уч6="","",А3!Уч6) -> Бекбулатов Ернур+ | K52: ="-" -> - | L52: =IF(А3!Уч8="","",А3!Уч8) -> Литвиненко Максим | S52: =IF(AND(I52<>"",P52=""),"встреча играется",IF(P52<>"","сыграна",""))
G53: 6 круг | I53: 25 | J53: =IF(А3!Уч4="","",А3!Уч4) -> Мукушев Нурлан+ | K53: ="-" -> - | L53: =IF(А3!Уч1="","",А3!Уч1) -> Шакар Ерасыл+ | P53: 2:3 | S53: =IF(AND(I53<>"",P53=""),"встреча играется",IF(P53<>"","сыграна","")) -> сыграна
J54: =IF(А3!Уч3="","",А3!Уч3) -> Капышев Нуржан | K54: ="-" -> - | L54: =IF(А3!Уч2="","",А3!Уч2) -> Ердяков Роман+ | S54: =IF(AND(I54<>"",P54=""),"встреча играется",IF(P54<>"","сыграна",""))
I55: 20 | J55: =IF(А3!Уч7="","",А3!Уч7) -> Саламатов Кобеген+ | K55: ="-" -> - | L55: =IF(А3!Уч6="","",А3!Уч6) -> Бекбулатов Ернур+ | P55: 1:3 | S55: =IF(AND(I55<>"",P55=""),"встреча играется",IF(P55<>"","сыграна","")) -> сыграна
J56: =IF(А3!Уч8="","",А3!Уч8) -> Литвиненко Максим | K56: ="-" -> - | L56: =IF(А3!Уч5="","",А3!Уч5) -> Бермагамбетов Ильяс+ | S56: =IF(AND(I56<>"",P56=""),"встреча играется",IF(P56<>"","сыграна",""))
G57: 7 круг | I57: 25 | J57: =IF(А3!Уч1="","",А3!Уч1) -> Шакар Ерасыл+ | K57: ="-" -> - | L57: =IF(А3!Уч2="","",А3!Уч2) -> Ердяков Роман+ | P57: 3:1 | S57: =IF(AND(I57<>"",P57=""),"встреча играется",IF(P57<>"","сыграна","")) -> сыграна
J58: =IF(А3!Уч3="","",А3!Уч3) -> Капышев Нуржан | K58: ="-" -> - | L58: =IF(А3!Уч4="","",А3!Уч4) -> Мукушев Нурлан+ | S58: =IF(AND(I58<>"",P58=""),"встреча играется",IF(P58<>"","сыграна",""))
I59: 16 | J59: =IF(А3!Уч5="","",А3!Уч5) -> Бермагамбетов Ильяс+ | K59: ="-" -> - | L59: =IF(А3!Уч6="","",А3!Уч6) -> Бекбулатов Ернур+ | P59: 1:3 | S59: =IF(AND(I59<>"",P59=""),"встреча играется",IF(P59<>"","сыграна","")) -> сыграна
J60: =IF(А3!Уч7="","",А3!Уч7) -> Саламатов Кобеген+ | K60: ="-" -> - | L60: =IF(А3!Уч8="","",А3!Уч8) -> Литвиненко Максим | S60: =IF(AND(I60<>"",P60=""),"встреча играется",IF(P60<>"","сыграна",""))

Sheet А4
D1: Турнир Открытое первенство города Астана (лиги) | K1: Дата: | L1: =Суперлига!L1 -> 46061
K4: матчи до | M4: 3 | N4: побед
C5: =IF(COUNTIF(D7:D14,"")>0,1,0) -> 0 | E5: =IF((COUNTIF(L33:R60,">""")+COUNTIF(T7:U30,">"""))>0,1,0) -> 1
C6: № | D6: Участники турнира | E6: Рейтинг | G6: № | H6: Разряд | I6: R | J6: Фамилия Имя | K6: 1 | L6: 2 | M6: 3 | N6: 4 | O6: 5 | P6: 6 | Q6: 7 | R6: 8 | S6: Очки | T6: Соотн. | U6: Место
C7: 1 | D7: Омурбаев Нурбек | G7: 1 | I7: 10 | J7: Омурбаев Нурбек+ | L7: =IF(LEFT(P57,1)="L",0,(IF(P57="","",(IF(LEFT(P57,1)>RIGHT(P57,1),2,1))))) -> 2 | M7: =IF(LEFT(P49,1)="L",0,(IF(P49="","",(IF(LEFT(P49,1)>RIGHT(P49,1),2,1))))) -> 1 | N7: =IF(RIGHT(P53,1)="L",0,(IF(P53="","",(IF(RIGHT(P53,1)>LEFT(P53,1),2,1))))) -> 1 | O7: =IF(LEFT(P41,1)="L",0,(IF(P41="","",(IF(LEFT(P41,1)>RIGHT(P41,1),2,1))))) -> 1 | P7: =IF(RIGHT(P38,1)="L",0,(IF(P38="","",(IF(RIGHT(P38,1)>LEFT(P38,1),2,1))))) -> 1 | Q7: =IF(LEFT(P35,1)="L",0,(IF(P35="","",(IF(LEFT(P35,1)>RIGHT(P35,1),2,1))))) -> 1 | R7: =IF(RIGHT(P45,1)="L",0,(IF(P45="","",(IF(RIGHT(P45,1)>LEFT(P45,1),2,1))))) -> 1 | S7: =IF((AND(COUNTIF(J7:J30,">""")>2,COUNTIF(P33:P60,">""")>0)),SUM(K7,L7,M7,N7,O7,P7,Q7,R7),"") -> 8 | U7: 8
C8: 2 | D8: Ахметов Данияр | L8: =IF(LEFT(P57,1)="W",$M$4&":0(W)",IF(LEFT(P57,1)="L","0:"&$M$4&"(L)",IF(P57="","",P57))) -> 3:2 | M8: =IF(LEFT(P49,1)="W",$M$4&":0(W)",IF(LEFT(P49,1)="L","0:"&$M$4&"(L)",IF(P49="","",P49))) -> 1:3 | N8: =IF(RIGHT(P53,1)="W",$M$4&":0(W)",IF(RIGHT(P53,1)="L","0:"&$M$4&"(L)",IF(P53="","",RIGHT(P53,1)&":"&LEFT(P53,1)))) -> 0:3 | O8: =IF(LEFT(P41,1)="W",$M$4&":0(W)",IF(LEFT(P41,1)="L","0:"&$M$4&"(L)",IF(P41="","",P41))) -> 1:3 | P8: =IF(RIGHT(P38,1)="W",$M$4&":0(W)",IF(RIGHT(P38,1)="L","0:"&$M$4&"(L)",IF(P38="","",RIGHT(P38,1)&":"&LEFT(P38,1)))) -> 1:3 | Q8: =IF(LEFT(P35,1)="W",$M$4&":0(W)",IF(LEFT(P35,1)="L","0:"&$M$4&"(L)",IF(P35="","",P35))) -> 1:3 | R8: =IF(RIGHT(P45,1)="W",$M$4&":0(W)",IF(RIGHT(P45,1)="L","0:"&$M$4&"(L)",IF(P45="","",RIGHT(P45,1)&":"&LEFT(P45,1)))) -> 1:3
C9: 3 | D9: Кужунтаев Кайрат | L9: =IF(P57="","",IF(Q57="","",Q57)) | M9: =IF(P49="","",IF(Q49="","",Q49)) | N9: =IF(P53="","",IF(Q53="","",REPLACE(SUBSTITUTE(SUBSTITUTE(SUBSTITUTE(SUBSTITUTE(","&Q53,",-","#"),",","-"),"#",","),"-",",-"),1,1,""))) | O9: =IF(P41="","",IF(Q41="","",Q41)) | P9: =IF(P38="","",IF(Q38="","",REPLACE(SUBSTITUTE(SUBSTITUTE(SUBSTITUTE(SUBSTITUTE(","&Q38,",-","#"),",","-"),"#",","),"-",",-"),1,1,""))) | Q9: =IF(P35="","",IF(Q35="","",Q35)) | R9: =IF(P45="","",IF(Q45="","",REPLACE(SUBSTITUTE(SUBSTITUTE(SUBSTITUTE(SUBSTITUTE(","&Q45,",-","#"),",","-"),"#",","),"-",",-"),1,1,"")))
C10: 4 | D10: Ярмухамедов Елдос | G10: 2 | I10: 2 | J10: Ахметов Данияр+ | K10: =IF(RIGHT(P57,1)="L",0,(IF(P57="","",(IF(RIGHT(P57,1)>LEFT(P57,1),2,1))))) -> 1 | M10: =IF(RIGHT(P54,1)="L",0,(IF(P54="","",(IF(RIGHT(P54,1)>LEFT(P54,1),2,1))))) -> 1 | N10: =IF(LEFT(P50,1)="L",0,(IF(P50="","",(IF(LEFT(P50,1)>RIGHT(P50,1),2,1))))) -> 2 | O10: =IF(RIGHT(P37,1)="L",0,(IF(P37="","",(IF(RIGHT(P37,1)>LEFT(P37,1),2,1))))) -> 2 | P10: =IF(LEFT(P33,1)="L",0,(IF(P33="","",(IF(LEFT(P33,1)>RIGHT(P33,1),2,1))))) -> 1 | Q10: =IF(RIGHT(P47,1)="L",0,(IF(P47="","",(IF(RIGHT(P47,1)>LEFT(P47,1),2,1))))) -> 1 | R10: =IF(LEFT(P42,1)="L",0,(IF(P42="","",(IF(LEFT(P42,1)>RIGHT(P42,1),2,1))))) -> 1 | S10: =IF((AND(COUNTIF(J7:J30,">""")>2,COUNTIF(P33:P60,">""")>0)),SUM(K10,L10,M10,N10,O10,P10,Q10,R10),"") -> 9 | U10: 7
C11: 5 | D11: Демьянов Павел | K11: =IF(RIGHT(P57,1)="W",$M$4&":0(W)",IF(RIGHT(P57,1)="L","0:"&$M$4&"(L)",IF(P57="","",RIGHT(P57,1)&":"&LEFT(P57,1)))) -> 2:3 | M11: =IF(RIGHT(P54,1)="W",$M$4&":0(W)",IF(RIGHT(P54,1)="L","0:"&$M$4&"(L)",IF(P54="","",RIGHT(P54,1)&":"&LEFT(P54,1)))) -> 2:3 | N11: =IF(LEFT(P50,1)="W",$M$4&":0(W)",IF(LEFT(P50,1)="L","0:"&$M$4&"(L)",IF(P50="","",P50))) -> 3:0 | O11: =IF(RIGHT(P37,1)="W",$M$4&":0(W)",IF(RIGHT(P37,1)="L","0:"&$M$4&"(L)",IF(P37="","",RIGHT(P37,1)&":"&LEFT(P37,1)))) -> 3:1 | P11: =IF(LEFT(P33,1)="W",$M$4&":0(W)",IF(LEFT(P33,1)="L","0:"&$M$4&"(L)",IF(P33="","",P33))) -> 2:3 | Q11: =IF(RIGHT(P47,1)="W",$M$4&":0(W)",IF(RIGHT(P47,1)="L","0:"&$M$4&"(L)",IF(P47="","",RIGHT(P47,1)&":"&LEFT(P47,1)))) -> 0:3 | R11: =IF(LEFT(P42,1)="W",$M$4&":0(W)",IF(LEFT(P42,1)="L","0:"&$M$4&"(L)",IF(P42="","",P42))) -> 2:3
C12: 6 | D12: Байкуатов Чингиз | K12: =IF(P57="","",IF(Q57="","",REPLACE(SUBSTITUTE(SUBSTITUTE(SUBSTITUTE(SUBSTITUTE(","&Q57,",-","#"),",","-"),"#",","),"-",",-"),1,1,""))) | M12: =IF(P54="","",IF(Q54="","",REPLACE(SUBSTITUTE(SUBSTITUTE(SUBSTITUTE(SUBSTITUTE(","&Q54,",-","#"),",","-"),"#",","),"-",",-"),1,1,""))) | N12: =IF(P50="","",IF(Q50="","",Q50)) | O12: =IF(P37="","",IF(Q37="","",REPLACE(SUBSTITUTE(SUBSTITUTE(SUBSTITUTE(SUBSTITUTE(","&Q37,",-","#"),",","-"),"#",","),"-",",-"),1,1,""))) | P12: =IF(P33="","",IF(Q33="","",Q33)) | Q12: =IF(P47="","",IF(Q47="","",REPLACE(SUBSTITUTE(SUBSTITUTE(SUBSTITUTE(SUBSTITUTE(","&Q47,",-","#"),",","-"),"#",","),"-",",-"),1,1,""))) | R12: =IF(P42="","",IF(Q42="","",Q42))
C13: 7 | D13: Раков Денис | G13: 3 | I13: 12 | J13: Кужунтаев Кайрат+ | K13: =IF(RIGHT(P49,1)="L",0,(IF(P49="","",(IF(RIGHT(P49,1)>LEFT(P49,1),2,1))))) -> 2 | L13: =IF(LEFT(P54,1)="L",0,(IF(P54="","",(IF(LEFT(P54,1)>RIGHT(P54,1),2,1))))) -> 2 | N13: =IF(LEFT(P58,1)="L",0,(IF(P58="","",(IF(LEFT(P58,1)>RIGHT(P58,1),2,1))))) -> 1 | O13: =IF(LEFT(P34,1)="L",0,(IF(P34="","",(IF(LEFT(P34,1)>RIGHT(P34,1),2,1))))) -> 2 | P13: =IF(RIGHT(P48,1)="L",0,(IF(P48="","",(IF(RIGHT(P48,1)>LEFT(P48,1),2,1))))) -> 1 | Q13: =IF(LEFT(P44,1)="L",0,(IF(P44="","",(IF(LEFT(P44,1)>RIGHT(P44,1),2,1))))) -> 1 | R13: =IF(RIGHT(P39,1)="L",0,(IF(P39="","",(IF(RIGHT(P39,1)>LEFT(P39,1),2,1))))) -> 1 | S13: =IF((AND(COUNTIF(J7:J30,">""")>2,COUNTIF(P33:P60,">""")>0)),SUM(K13,L13,M13,N13,O13,P13,Q13,R13),"") -> 10 | T13: =5/7 -> 0.71428571 | U13: 6
C14: 8 | D14: Тищенко Сергей | K14: =IF(RIGHT(P49,1)="W",$M$4&":0(W)",IF(RIGHT(P49,1)="L","0:"&$M$4&"(L)",IF(P49="","",RIGHT(P49,1)&":"&LEFT(P49,1)))) -> 3:1 | L14: =IF(LEFT(P54,1)="W",$M$4&":0(W)",IF(LEFT(P54,1)="L","0:"&$M$4&"(L)",IF(P54="","",P54))) -> 3:2 | N14: =IF(LEFT(P58,1)="W",$M$4&":0(W)",IF(LEFT(P58,1)="L","0:"&$M$4&"(L)",IF(P58="","",P58))) -> 1:3 | O14: =IF(LEFT(P34,1)="W",$M$4&":0(W)",IF(LEFT(P34,1)="L","0:"&$M$4&"(L)",IF(P34="","",P34))) -> 3:1 | P14: =IF(RIGHT(P48,1)="W",$M$4&":0(W)",IF(RIGHT(P48,1)="L","0:"&$M$4&"(L)",IF(P48="","",RIGHT(P48,1)&":"&LEFT(P48,1)))) -> 0:3 | Q14: =IF(LEFT(P44,1)="W",$M$4&":0(W)",IF(LEFT(P44,1)="L","0:"&$M$4&"(L)",IF(P44="","",P44))) -> 2:3 | R14: =IF(RIGHT(P39,1)="W",$M$4&":0(W)",IF(RIGHT(P39,1)="L","0:"&$M$4&"(L)",IF(P39="","",RIGHT(P39,1)&":"&LEFT(P39,1)))) -> 1:3
K15: =IF(P49="","",IF(Q49="","",REPLACE(SUBSTITUTE(SUBSTITUTE(SUBSTITUTE(SUBSTITUTE(","&Q49,",-","#"),",","-"),"#",","),"-",",-"),1,1,""))) | L15: =IF(P54="","",IF(Q54="","",Q54)) | N15: =IF(P58="","",IF(Q58="","",Q58)) | O15: =IF(P34="","",IF(Q34="","",Q34)) | P15: =IF(P48="","",IF(Q48="","",REPLACE(SUBSTITUTE(SUBSTITUTE(SUBSTITUTE(SUBSTITUTE(","&Q48,",-","#"),",","-"),"#",","),"-",",-"),1,1,""))) | Q15: =IF(P44="","",IF(Q44="","",Q44)) | R15: =IF(P39="","",IF(Q39="","",REPLACE(SUBSTITUTE(SUBSTITUTE(SUBSTITUTE(SUBSTITUTE(","&Q39,",-","#"),",","-"),"#",","),"-",",-"),1,1,"")))
G16: 4 | I16: 16 | J16: Ярмухамедов Елдос+ | K16: =IF(LEFT(P53,1)="L",0,(IF(P53="","",(IF(LEFT(P53,1)>RIGHT(P53,1),2,1))))) -> 2 | L16: =IF(RIGHT(P50,1)="L",0,(IF(P50="","",(IF(RIGHT(P50,1)>LEFT(P50,1),2,1))))) -> 1 | M16: =IF(RIGHT(P58,1)="L",0,(IF(P58="","",(IF(RIGHT(P58,1)>LEFT(P58,1),2,1))))) -> 2 | O16: =IF(RIGHT(P46,1)="L",0,(IF(P46="","",(IF(RIGHT(P46,1)>LEFT(P46,1),2,1))))) -> 1 | P16: =IF(LEFT(P43,1)="L",0,(IF(P43="","",(IF(LEFT(P43,1)>RIGHT(P43,1),2,1))))) -> 1 | Q16: =IF(RIGHT(P40,1)="L",0,(IF(P40="","",(IF(RIGHT(P40,1)>LEFT(P40,1),2,1))))) -> 1 | R16: =IF(LEFT(P36,1)="L",0,(IF(P36="","",(IF(LEFT(P36,1)>RIGHT(P36,1),2,1))))) -> 2 | S16: =IF((AND(COUNTIF(J7:J30,">""")>2,COUNTIF(P33:P60,">""")>0)),SUM(K16,L16,M16,N16,O16,P16,Q16,R16),"") -> 10 | T16: =7/6 -> 1.1666667 | U16: 4
K17: =IF(LEFT(P53,1)="W",$M$4&":0(W)",IF(LEFT(P53,1)="L","0:"&$M$4&"(L)",IF(P53="","",P53))) -> 3:0 | L17: =IF(RIGHT(P50,1)="W",$M$4&":0(W)",IF(RIGHT(P50,1)="L","0:"&$M$4&"(L)",IF(P50="","",RIGHT(P50,1)&":"&LEFT(P50,1)))) -> 0:3 | M17: =IF(RIGHT(P58,1)="W",$M$4&":0(W)",IF(RIGHT(P58,1)="L","0:"&$M$4&"(L)",IF(P58="","",RIGHT(P58,1)&":"&LEFT(P58,1)))) -> 3:1 | O17: =IF(RIGHT(P46,1)="W",$M$4&":0(W)",IF(RIGHT(P46,1)="L","0:"&$M$4&"(L)",IF(P46="","",RIGHT(P46,1)&":"&LEFT(P46,1)))) -> 1:3 | P17: =IF(LEFT(P43,1)="W",$M$4&":0(W)",IF(LEFT(P43,1)="L","0:"&$M$4&"(L)",IF(P43="","",P43))) -> 0:3 | Q17: =IF(RIGHT(P40,1)="W",$M$4&":0(W)",IF(RIGHT(P40,1)="L","0:"&$M$4&"(L)",IF(P40="","",RIGHT(P40,1)&":"&LEFT(P40,1)))) -> 1:3 | R17: =IF(LEFT(P36,1)="W",$M$4&":0(W)",IF(LEFT(P36,1)="L","0:"&$M$4&"(L)",IF(P36="","",P36))) -> 3:2
K18: =IF(P53="","",IF(Q53="","",Q53)) | L18: =IF(P50="","",IF(Q50="","",REPLACE(SUBSTITUTE(SUBSTITUTE(SUBSTITUTE(SUBSTITUTE(","&Q50,",-","#"),",","-"),"#",","),"-",",-"),1,1,""))) | M18: =IF(P58="","",IF(Q58="","",REPLACE(SUBSTITUTE(SUBSTITUTE(SUBSTITUTE(SUBSTITUTE(","&Q58,",-","#"),",","-"),"#",","),"-",",-"),1,1,""))) | O18: =IF(P46="","",IF(Q46="","",REPLACE(SUBSTITUTE(SUBSTITUTE(SUBSTITUTE(SUBSTITUTE(","&Q46,",-","#"),",","-"),"#",","),"-",",-"),1,1,""))) | P18: =IF(P43="","",IF(Q43="","",Q43)) | Q18: =IF(P40="","",IF(Q40="","",REPLACE(SUBSTITUTE(SUBSTITUTE(SUBSTITUTE(SUBSTITUTE(","&Q40,",-","#"),",","-"),"#",","),"-",",-"),1,1,""))) | R18: =IF(P36="","",IF(Q36="","",Q36))
G19: 5 | I19: 13 | J19: Демьянов Павел+ | K19: =IF(RIGHT(P41,1)="L",0,(IF(P41="","",(IF(RIGHT(P41,1)>LEFT(P41,1),2,1))))) -> 2 | L19: =IF(LEFT(P37,1)="L",0,(IF(P37="","",(IF(LEFT(P37,1)>RIGHT(P37,1),2,1))))) -> 1 | M19: =IF(RIGHT(P34,1)="L",0,(IF(P34="","",(IF(RIGHT(P34,1)>LEFT(P34,1),2,1))))) -> 1 | N19: =IF(LEFT(P46,1)="L",0,(IF(P46="","",(IF(LEFT(P46,1)>RIGHT(P46,1),2,1))))) -> 2 | P19: =IF(LEFT(P59,1)="L",0,(IF(P59="","",(IF(LEFT(P59,1)>RIGHT(P59,1),2,1))))) -> 1 | Q19: =IF(LEFT(P51,1)="L",0,(IF(P51="","",(IF(LEFT(P51,1)>RIGHT(P51,1),2,1))))) -> 1 | R19: =IF(RIGHT(P56,1)="L",0,(IF(P56="","",(IF(RIGHT(P56,1)>LEFT(P56,1),2,1))))) -> 2 | S19: =IF((AND(COUNTIF(J7:J30,">""")>2,COUNTIF(P33:P60,">""")>0)),SUM(K19,L19,M19,N19,O19,P19,Q19,R19),"") -> 10 | T19: =7/5 -> 1.4 | U19: 3
K20: =IF(RIGHT(P41,1)="W",$M$4&":0(W)",IF(RIGHT(P41,1)="L","0:"&$M$4&"(L)",IF(P41="","",RIGHT(P41,1)&":"&LEFT(P41,1)))) -> 3:1 | L20: =IF(LEFT(P37,1)="W",$M$4&":0(W)",IF(LEFT(P37,1)="L","0:"&$M$4&"(L)",IF(P37="","",P37))) -> 1:3 | M20: =IF(RIGHT(P34,1)="W",$M$4&":0(W)",IF(RIGHT(P34,1)="L","0:"&$M$4&"(L)",IF(P34="","",RIGHT(P34,1)&":"&LEFT(P34,1)))) -> 1:3 | N20: =IF(LEFT(P46,1)="W",$M$4&":0(W)",IF(LEFT(P46,1)="L","0:"&$M$4&"(L)",IF(P46="","",P46))) -> 3:1 | P20: =IF(LEFT(P59,1)="W",$M$4&":0(W)",IF(LEFT(P59,1)="L","0:"&$M$4&"(L)",IF(P59="","",P59))) -> 2:3 | Q20: =IF(LEFT(P51,1)="W",$M$4&":0(W)",IF(LEFT(P51,1)="L","0:"&$M$4&"(L)",IF(P51="","",P51))) -> 1:3 | R20: =IF(RIGHT(P56,1)="W",$M$4&":0(W)",IF(RIGHT(P56,1)="L","0:"&$M$4&"(L)",IF(P56="","",RIGHT(P56,1)&":"&LEFT(P56,1)))) -> 3:1
K21: =IF(P41="","",IF(Q41="","",REPLACE(SUBSTITUTE(SUBSTITUTE(SUBSTITUTE(SUBSTITUTE(","&Q41,",-","#"),",","-"),"#",","),"-",",-"),1,1,""))) | L21: =IF(P37="","",IF(Q37="","",Q37)) | M21: =IF(P34="","",IF(Q34="","",REPLACE(SUBSTITUTE(SUBSTITUTE(SUBSTITUTE(SUBSTITUTE(","&Q34,",-","#"),",","-"),"#",","),"-",",-"),1,1,""))) | N21: =IF(P46="","",IF(Q46="","",Q46)) | P21: =IF(P59="","",IF(Q59="","",Q59)) | Q21: =IF(P51="","",IF(Q51="","",Q51)) | R21: =IF(P56="","",IF(Q56="","",REPLACE(SUBSTITUTE(SUBSTITUTE(SUBSTITUTE(SUBSTITUTE(","&Q56,",-","#"),",","-"),"#",","),"-",",-"),1,1,"")))
B22: 3:0 | G22: 6 | H22: КМС | I22: 19 | J22: Байкуатов Чингиз+ | K22: =IF(LEFT(P38,1)="L",0,(IF(P38="","",(IF(LEFT(P38,1)>RIGHT(P38,1),2,1))))) -> 2 | L22: =IF(RIGHT(P33,1)="L",0,(IF(P33="","",(IF(RIGHT(P33,1)>LEFT(P33,1),2,1))))) -> 2 | M22: =IF(LEFT(P48,1)="L",0,(IF(P48="","",(IF(LEFT(P48,1)>RIGHT(P48,1),2,1))))) -> 2 | N22: =IF(RIGHT(P43,1)="L",0,(IF(P43="","",(IF(RIGHT(P43,1)>LEFT(P43,1),2,1))))) -> 2 | O22: =IF(RIGHT(P59,1)="L",0,(IF(P59="","",(IF(RIGHT(P59,1)>LEFT(P59,1),2,1))))) -> 2 | Q22: =IF(RIGHT(P55,1)="L",0,(IF(P55="","",(IF(RIGHT(P55,1)>LEFT(P55,1),2,1))))) -> 2 | R22: =IF(LEFT(P52,1)="L",0,(IF(P52="","",(IF(LEFT(P52,1)>RIGHT(P52,1),2,1))))) -> 2 | S22: =IF((AND(COUNTIF(J7:J30,">""")>2,COUNTIF(P33:P60,">""")>0)),SUM(K22,L22,M22,N22,O22,P22,Q22,R22),"") -> 14 | U22: 1
B23: 3:1 | K23: =IF(LEFT(P38,1)="W",$M$4&":0(W)",IF(LEFT(P38,1)="L","0:"&$M$4&"(L)",IF(P38="","",P38))) -> 3:1 | L23: =IF(RIGHT(P33,1)="W",$M$4&":0(W)",IF(RIGHT(P33,1)="L","0:"&$M$4&"(L)",IF(P33="","",RIGHT(P33,1)&":"&LEFT(P33,1)))) -> 3:2 | M23: =IF(LEFT(P48,1)="W",$M$4&":0(W)",IF(LEFT(P48,1)="L","0:"&$M$4&"(L)",IF(P48="","",P48))) -> 3:0 | N23: =IF(RIGHT(P43,1)="W",$M$4&":0(W)",IF(RIGHT(P43,1)="L","0:"&$M$4&"(L)",IF(P43="","",RIGHT(P43,1)&":"&LEFT(P43,1)))) -> 3:0 | O23: =IF(RIGHT(P59,1)="W",$M$4&":0(W)",IF(RIGHT(P59,1)="L","0:"&$M$4&"(L)",IF(P59="","",RIGHT(P59,1)&":"&LEFT(P59,1)))) -> 3:2 | Q23: =IF(RIGHT(P55,1)="W",$M$4&":0(W)",IF(RIGHT(P55,1)="L","0:"&$M$4&"(L)",IF(P55="","",RIGHT(P55,1)&":"&LEFT(P55,1)))) -> 3:1 | R23: =IF(LEFT(P52,1)="W",$M$4&":0(W)",IF(LEFT(P52,1)="L","0:"&$M$4&"(L)",IF(P52="","",P52))) -> 3:0
B24: 3:2 | K24: =IF(P38="","",IF(Q38="","",Q38)) | L24: =IF(P33="","",IF(Q33="","",REPLACE(SUBSTITUTE(SUBSTITUTE(SUBSTITUTE(SUBSTITUTE(","&Q33,",-","#"),",","-"),"#",","),"-",",-"),1,1,""))) | M24: =IF(P48="","",IF(Q48="","",Q48)) | N24: =IF(P43="","",IF(Q43="","",REPLACE(SUBSTITUTE(SUBSTITUTE(SUBSTITUTE(SUBSTITUTE(","&Q43,",-","#"),",","-"),"#",","),"-",",-"),1,1,""))) | O24: =IF(P59="","",IF(Q59="","",REPLACE(SUBSTITUTE(SUBSTITUTE(SUBSTITUTE(SUBSTITUTE(","&Q59,",-","#"),",","-"),"#",","),"-",",-"),1,1,""))) | Q24: =IF(P55="","",IF(Q55="","",REPLACE(SUBSTITUTE(SUBSTITUTE(SUBSTITUTE(SUBSTITUTE(","&Q55,",-","#"),",","-"),"#",","),"-",",-"),1,1,""))) | R24: =IF(P52="","",IF(Q52="","",Q52))
B25: 0:3 | G25: 7 | H25: КМС | I25: 15 | J25: Раков Денис+ | K25: =IF(RIGHT(P35,1)="L",0,(IF(P35="","",(IF(RIGHT(P35,1)>LEFT(P35,1),2,1))))) -> 2 | L25: =IF(LEFT(P47,1)="L",0,(IF(P47="","",(IF(LEFT(P47,1)>RIGHT(P47,1),2,1))))) -> 2 | M25: =IF(RIGHT(P44,1)="L",0,(IF(P44="","",(IF(RIGHT(P44,1)>LEFT(P44,1),2,1))))) -> 2 | N25: =IF(LEFT(P40,1)="L",0,(IF(P40="","",(IF(LEFT(P40,1)>RIGHT(P40,1),2,1))))) -> 2 | O25: =IF(RIGHT(P51,1)="L",0,(IF(P51="","",(IF(RIGHT(P51,1)>LEFT(P51,1),2,1))))) -> 2 | P25: =IF(LEFT(P55,1)="L",0,(IF(P55="","",(IF(LEFT(P55,1)>RIGHT(P55,1),2,1))))) -> 1 | R25: =IF(LEFT(P60,1)="L",0,(IF(P60="","",(IF(LEFT(P60,1)>RIGHT(P60,1),2,1))))) -> 2 | S25: =IF((AND(COUNTIF(J7:J30,">""")>2,COUNTIF(P33:P60,">""")>0)),SUM(K25,L25,M25,N25,O25,P25,Q25,R25),"") -> 13 | U25: 2
B26: 1:3 | K26: =IF(RIGHT(P35,1)="W",$M$4&":0(W)",IF(RIGHT(P35,1)="L","0:"&$M$4&"(L)",IF(P35="","",RIGHT(P35,1)&":"&LEFT(P35,1)))) -> 3:1 | L26: =IF(LEFT(P47)="W",$M$4&":0(W)",IF(LEFT(P47,1)="L","0:"&$M$4&"(L)",IF(P47="","",P47))) -> 3:0 | M26: =IF(RIGHT(P44,1)="W",$M$4&":0(W)",IF(RIGHT(P44,1)="L","0:"&$M$4&"(L)",IF(P44="","",RIGHT(P44,1)&":"&LEFT(P44,1)))) -> 3:2 | N26: =IF(LEFT(P40,1)="W",$M$4&":0(W)",IF(LEFT(P40,1)="L","0:"&$M$4&"(L)",IF(P40="","",P40))) -> 3:1 | O26: =IF(RIGHT(P51,1)="W",$M$4&":0(W)",IF(RIGHT(P51,1)="L","0:"&$M$4&"(L)",IF(P51="","",RIGHT(P51,1)&":"&LEFT(P51,1)))) -> 3:1 | P26: =IF(LEFT(P55,1)="W",$M$4&":0(W)",IF(LEFT(P55,1)="L","0:"&$M$4&"(L)",IF(P55="","",P55))) -> 1:3 | R26: =IF(LEFT(P60,1)="W",$M$4&":0(W)",IF(LEFT(P60,1)="L","0:"&$M$4&"(L)",IF(P60="","",P60))) -> 3:2
B27: 2:3 | K27: =IF(P35="","",IF(Q35="","",REPLACE(SUBSTITUTE(SUBSTITUTE(SUBSTITUTE(SUBSTITUTE(","&Q35,",-","#"),",","-"),"#",","),"-",",-"),1,1,""))) | L27: =IF(P47="","",IF(Q47="","",Q47)) | M27: =IF(P44="","",IF(Q44="","",REPLACE(SUBSTITUTE(SUBSTITUTE(SUBSTITUTE(SUBSTITUTE(","&Q44,",-","#"),",","-"),"#",","),"-",",-"),1,1,""))) | N27: =IF(P40="","",IF(Q40="","",Q40)) | O27: =IF(P51="","",IF(Q51="","",REPLACE(SUBSTITUTE(SUBSTITUTE(SUBSTITUTE(SUBSTITUTE(","&Q51,",-","#"),",","-"),"#",","),"-",",-"),1,1,""))) | P27: =IF(P55="","",IF(Q55="","",Q55)) | R27: =IF(P60="","",IF(Q60="","",Q60))
B28: W:L | G28: 8 | I28: 9 | J28: Тищенко Сергей+ | K28: =IF(LEFT(P45,1)="L",0,(IF(P45="","",(IF(LEFT(P45,1)>RIGHT(P45,1),2,1))))) -> 2 | L28: =IF(RIGHT(P42,1)="L",0,(IF(P42="","",(IF(RIGHT(P42,1)>LEFT(P42,1),2,1))))) -> 2 | M28: =IF(LEFT(P39,1)="L",0,(IF(P39="","",(IF(LEFT(P39,1)>RIGHT(P39,1),2,1))))) -> 2 | N28: =IF(RIGHT(P36,1)="L",0,(IF(P36="","",(IF(RIGHT(P36,1)>LEFT(P36,1),2,1))))) -> 1 | O28: =IF(LEFT(P56,1)="L",0,(IF(P56="","",(IF(LEFT(P56,1)>RIGHT(P56,1),2,1))))) -> 1 | P28: =IF(RIGHT(P52,1)="L",0,(IF(P52="","",(IF(RIGHT(P52,1)>LEFT(P52,1),2,1))))) -> 1 | Q28: =IF(RIGHT(P60,1)="L",0,(IF(P60="","",(IF(RIGHT(P60,1)>LEFT(P60,1),2,1))))) -> 1 | S28: =IF((AND(COUNTIF(J7:J30,">""")>2,COUNTIF(P33:P60,">""")>0)),SUM(K28,L28,M28,N28,O28,P28,Q28,R28),"") -> 10 | T28: =6/7 -> 0.85714286 | U28: 5
B29: L:W | K29: =IF(LEFT(P45,1)="W",$M$4&":0(W)",IF(LEFT(P45,1)="L","0:"&$M$4&"(L)",IF(P45="","",P45))) -> 3:1 | L29: =IF(RIGHT(P42,1)="W",$M$4&":0(W)",IF(RIGHT(P42,1)="L","0:"&$M$4&"(L)",IF(P42="","",RIGHT(P42,1)&":"&LEFT(P42,1)))) -> 3:2 | M29: =IF(LEFT(P39,1)="W",$M$4&":0(W)",IF(LEFT(P39,1)="L","0:"&$M$4&"(L)",IF(P39="","",P39))) -> 3:1 | N29: =IF(RIGHT(P36,1)="W",$M$4&":0(W)",IF(RIGHT(P36,1)="L","0:"&$M$4&"(L)",IF(P36="","",RIGHT(P36,1)&":"&LEFT(P36,1)))) -> 2:3 | O29: =IF(LEFT(P56,1)="W",$M$4&":0(W)",IF(LEFT(P56,1)="L","0:"&$M$4&"(L)",IF(P56="","",P56))) -> 1:3 | P29: =IF(RIGHT(P52,1)="W",$M$4&":0(W)",IF(RIGHT(P52,1)="L","0:"&$M$4&"(L)",IF(P52="","",RIGHT(P52,1)&":"&LEFT(P52,1)))) -> 0:3 | Q29: =IF(RIGHT(P60,1)="W",$M$4&":0(W)",IF(RIGHT(P60,1)="L","0:"&$M$4&"(L)",IF(P60="","",RIGHT(P60,1)&":"&LEFT(P60,1)))) -> 2:3
B30: 2:0 | K30: =IF(P45="","",IF(Q45="","",Q45)) | L30: =IF(P42="","",IF(Q42="","",REPLACE(SUBSTITUTE(SUBSTITUTE(SUBSTITUTE(SUBSTITUTE(","&Q42,",-","#"),",","-"),"#",","),"-",",-"),1,1,""))) | M30: =IF(P39="","",IF(Q39="","",Q39)) | N30: =IF(P36="","",IF(Q36="","",REPLACE(SUBSTITUTE(SUBSTITUTE(SUBSTITUTE(SUBSTITUTE(","&Q36,",-","#"),",","-"),"#",","),"-",",-"),1,1,""))) | O30: =IF(P56="","",IF(Q56="","",Q56)) | P30: =IF(P52="","",IF(Q52="","",REPLACE(SUBSTITUTE(SUBSTITUTE(SUBSTITUTE(SUBSTITUTE(","&Q52,",-","#"),",","-"),"#",","),"-",",-"),1,1,""))) | Q30: =IF(P60="","",IF(Q60="","",REPLACE(SUBSTITUTE(SUBSTITUTE(SUBSTITUTE(SUBSTITUTE(","&Q60,",-","#"),",","-"),"#",","),"-",",-"),1,1,"")))
B31: 2:1
B32: 1:2 | I32: ю | P32: счет по сетам | Q32: мячи
B33: 0:2 | G33: 1 круг | I33: 17 | J33: =IF(А4!Уч2="","",А4!Уч2) -> Ахметов Данияр+ | K33: ="-" -> - | L33: =IF(А4!Уч6="","",А4!Уч6) -> Байкуатов Чингиз+ | P33: 2:3 | S33: =IF(AND(I33<>"",P33=""),"встреча играется",IF(P33<>"","сыграна","")) -> сыграна
B34: 4:0 | I34: 18 | J34: =IF(А4!Уч3="","",А4!Уч3) -> Кужунтаев Кайрат+ | K34: ="-" -> - | L34: =IF(А4!Уч5="","",А4!Уч5) -> Демьянов Павел+ | P34: 3:1 | S34: =IF(AND(I34<>"",P34=""),"встреча играется",IF(P34<>"","сыграна","")) -> сыграна
B35: 4:1 | I35: 19 | J35: =IF(А4!Уч1="","",А4!Уч1) -> Омурбаев Нурбек+ | K35: ="-" -> - | L35: =IF(А4!Уч7="","",А4!Уч7) -> Раков Денис+ | P35: 1:3 | S35: =IF(AND(I35<>"",P35=""),"встреча играется",IF(P35<>"","сыграна","")) -> сыграна
B36: 4:2 | I36: 20 | J36: =IF(А4!Уч4="","",А4!Уч4) -> Ярмухамедов Елдос+ | K36: ="-" -> - | L36: =IF(А4!Уч8="","",А4!Уч8) -> Тищенко Сергей+ | P36: 3:2 | S36: =IF(AND(I36<>"",P36=""),"встреча играется",IF(P36<>"","сыграна","")) -> сыграна
B37: 4:3 | G37: 2 круг | I37: 17 | J37: =IF(А4!Уч5="","",А4!Уч5) -> Демьянов Павел+ | K37: ="-" -> - | L37: =IF(А4!Уч2="","",А4!Уч2) -> Ахметов Данияр+ | P37: 1:3 | S37: =IF(AND(I37<>"",P37=""),"встреча играется",IF(P37<>"","сыграна","")) -> сыграна
B38: 0:4 | I38: 19 | J38: =IF(А4!Уч6="","",А4!Уч6) -> Байкуатов Чингиз+ | K38: ="-" -> - | L38: =IF(А4!Уч1="","",А4!Уч1) -> Омурбаев Нурбек+ | P38: 3:1 | S38: =IF(AND(I38<>"",P38=""),"встреча играется",IF(P38<>"","сыграна","")) -> сыграна
B39: 1:4 | I39: 19 | J39: =IF(А4!Уч8="","",А4!Уч8) -> Тищенко Сергей+ | K39: ="-" -> - | L39: =IF(А4!Уч3="","",А4!Уч3) -> Кужунтаев Кайрат+ | P39: 3:1 | S39: =IF(AND(I39<>"",P39=""),"встреча играется",IF(P39<>"","сыграна","")) -> сыграна
B40: 2:4 | I40: 20 | J40: =IF(А4!Уч7="","",А4!Уч7) -> Раков Денис+ | K40: ="-" -> - | L40: =IF(А4!Уч4="","",А4!Уч4) -> Ярмухамедов Елдос+ | P40: 3:1 | S40: =IF(AND(I40<>"",P40=""),"встреча играется",IF(P40<>"","сыграна","")) -> сыграна
B41: 3:4 | G41: 3 круг | I41: 19 | J41: =IF(А4!Уч1="","",А4!Уч1) -> Омурбаев Нурбек+ | K41: ="-" -> - | L41: =IF(А4!Уч5="","",А4!Уч5) -> Демьянов Павел+ | P41: 1:3 | S41: =IF(AND(I41<>"",P41=""),"встреча играется",IF(P41<>"","сыграна","")) -> сыграна
I42: 13 | J42: =IF(А4!Уч2="","",А4!Уч2) -> Ахметов Данияр+ | K42: ="-" -> - | L42: =IF(А4!Уч8="","",А4!Уч8) -> Тищенко Сергей+ | P42: 2:3 | S42: =IF(AND(I42<>"",P42=""),"встреча играется",IF(P42<>"","сыграна","")) -> сыграна
I43: 19 | J43: =IF(А4!Уч4="","",А4!Уч4) -> Ярмухамедов Елдос+ | K43: ="-" -> - | L43: =IF(А4!Уч6="","",А4!Уч6) -> Байкуатов Чингиз+ | P43: 0:3 | S43: =IF(AND(I43<>"",P43=""),"встреча играется",IF(P43<>"","сыграна","")) -> сыграна
I44: 17 | J44: =IF(А4!Уч3="","",А4!Уч3) -> Кужунтаев Кайрат+ | K44: ="-" -> - | L44: =IF(А4!Уч7="","",А4!Уч7) -> Раков Денис+ | P44: 2:3 | S44: =IF(AND(I44<>"",P44=""),"встреча играется",IF(P44<>"","сыграна","")) -> сыграна
G45: 4 круг | I45: 17 | J45: =IF(А4!Уч8="","",А4!Уч8) -> Тищенко Сергей+ | K45: ="-" -> - | L45: =IF(А4!Уч1="","",А4!Уч1) -> Омурбаев Нурбек+ | P45: 3:1 | S45: =IF(AND(I45<>"",P45=""),"встреча играется",IF(P45<>"","сыграна","")) -> сыграна
I46: 19 | J46: =IF(А4!Уч5="","",А4!Уч5) -> Демьянов Павел+ | K46: ="-" -> - | L46: =IF(А4!Уч4="","",А4!Уч4) -> Ярмухамедов Елдос+ | P46: 3:1 | S46: =IF(AND(I46<>"",P46=""),"встреча играется",IF(P46<>"","сыграна","")) -> сыграна
I47: 13 | J47: =IF(А4!Уч7="","",А4!Уч7) -> Раков Денис+ | K47: ="-" -> - | L47: =IF(А4!Уч2="","",А4!Уч2) -> Ахметов Данияр+ | P47: 3:0 | S47: =IF(AND(I47<>"",P47=""),"встреча играется",IF(P47<>"","сыграна","")) -> сыграна
I48: 17 | J48: =IF(А4!Уч6="","",А4!Уч6) -> Байкуатов Чингиз+ | K48: ="-" -> - | L48: =IF(А4!Уч3="","",А4!Уч3) -> Кужунтаев Кайрат+ | P48: 3:0 | S48: =IF(AND(I48<>"",P48=""),"встреча играется",IF(P48<>"","сыграна","")) -> сыграна
G49: 5 круг | I49: 17 | J49: =IF(А4!Уч1="","",А4!Уч1) -> Омурбаев Нурбек+ | K49: ="-" -> - | L49: =IF(А4!Уч3="","",А4!Уч3) -> Кужунтаев Кайрат+ | P49: 1:3 | S49: =IF(AND(I49<>"",P49=""),"встреча играется",IF(P49<>"","сыграна","")) -> сыграна
I50: 19 | J50: =IF(А4!Уч2="","",А4!Уч2) -> Ахметов Данияр+ | K50: ="-" -> - | L50: =IF(А4!Уч4="","",А4!Уч4) -> Ярмухамедов Елдос+ | P50: 3:0 | S50: =IF(AND(I50<>"",P50=""),"встреча играется",IF(P50<>"","сыграна","")) -> сыграна
I51: 13 | J51: =IF(А4!Уч5="","",А4!Уч5) -> Демьянов Павел+ | K51: ="-" -> - | L51: =IF(А4!Уч7="","",А4!Уч7) -> Раков Денис+ | P51: 1:3 | S51: =IF(AND(I51<>"",P51=""),"встреча играется",IF(P51<>"","сыграна","")) -> сыграна
I52: 17 | J52: =IF(А4!Уч6="","",А4!Уч6) -> Байкуатов Чингиз+ | K52: ="-" -> - | L52: =IF(А4!Уч8="","",А4!Уч8) -> Тищенко Сергей+ | P52: 3:0 | S52: =IF(AND(I52<>"",P52=""),"встреча играется",IF(P52<>"","сыграна","")) -> сыграна
G53: 6 круг | I53: 16 | J53: =IF(А4!Уч4="","",А4!Уч4) -> Ярмухамедов Елдос+ | K53: ="-" -> - | L53: =IF(А4!Уч1="","",А4!Уч1) -> Омурбаев Нурбек+ | P53: 3:0 | S53: =IF(AND(I53<>"",P53=""),"встреча играется",IF(P53<>"","сыграна","")) -> сыграна
I54: 17 | J54: =IF(А4!Уч3="","",А4!Уч3) -> Кужунтаев Кайрат+ | K54: ="-" -> - | L54: =IF(А4!Уч2="","",А4!Уч2) -> Ахметов Данияр+ | P54: 3:2 | S54: =IF(AND(I54<>"",P54=""),"встреча играется",IF(P54<>"","сыграна","")) -> сыграна
I55: 17 | J55: =IF(А4!Уч7="","",А4!Уч7) -> Раков Денис+ | K55: ="-" -> - | L55: =IF(А4!Уч6="","",А4!Уч6) -> Байкуатов Чингиз+ | P55: 1:3 | S55: =IF(AND(I55<>"",P55=""),"встреча играется",IF(P55<>"","сыграна","")) -> сыграна
I56: 19 | J56: =IF(А4!Уч8="","",А4!Уч8) -> Тищенко Сергей+ | K56: ="-" -> - | L56: =IF(А4!Уч5="","",А4!Уч5) -> Демьянов Павел+ | P56: 1:3 | S56: =IF(AND(I56<>"",P56=""),"встреча играется",IF(P56<>"","сыграна","")) -> сыграна
G57: 7 круг | I57: 17 | J57: =IF(А4!Уч1="","",А4!Уч1) -> Омурбаев Нурбек+ | K57: ="-" -> - | L57: =IF(А4!Уч2="","",А4!Уч2) -> Ахметов Данияр+ | P57: 3:2 | S57: =IF(AND(I57<>"",P57=""),"встреча играется",IF(P57<>"","сыграна","")) -> сыграна
I58: 19 | J58: =IF(А4!Уч3="","",А4!Уч3) -> Кужунтаев Кайрат+ | K58: ="-" -> - | L58: =IF(А4!Уч4="","",А4!Уч4) -> Ярмухамедов Елдос+ | P58: 1:3 | S58: =IF(AND(I58<>"",P58=""),"встреча играется",IF(P58<>"","сыграна","")) -> сыграна
I59: 19 | J59: =IF(А4!Уч5="","",А4!Уч5) -> Демьянов Павел+ | K59: ="-" -> - | L59: =IF(А4!Уч6="","",А4!Уч6) -> Байкуатов Чингиз+ | P59: 2:3 | S59: =IF(AND(I59<>"",P59=""),"встреча играется",IF(P59<>"","сыграна","")) -> сыграна
I60: 13 | J60: =IF(А4!Уч7="","",А4!Уч7) -> Раков Денис+ | K60: ="-" -> - | L60: =IF(А4!Уч8="","",А4!Уч8) -> Тищенко Сергей+ | P60: 3:2 | S60: =IF(AND(I60<>"",P60=""),"встреча играется",IF(P60<>"","сыграна","")) -> сыграна

Sheet А5
D1: Турнир Открытое первенство города Астана (лиги) | K1: Дата: | L1: =Суперлига!L1 -> 46061
K4: матчи до | M4: 3 | N4: побед
C5: =IF(COUNTIF(D7:D14,"")>0,1,0) -> 0 | E5: =IF((COUNTIF(L33:R60,">""")+COUNTIF(T7:U30,">"""))>0,1,0) -> 1
C6: № | D6: Участники турнира | E6: Рейтинг | G6: № | H6: Разряд | I6: R | J6: Фамилия Имя | K6: 1 | L6: 2 | M6: 3 | N6: 4 | O6: 5 | P6: 6 | Q6: 7 | R6: 8 | S6: Очки | T6: Соотн. | U6: Место
C7: 1 | D7: Сидельников Евгений | G7: 1 | H7: 1 р | I7: 11 | J7: Сидельников Евгений+ | L7: =IF(LEFT(P57,1)="L",0,(IF(P57="","",(IF(LEFT(P57,1)>RIGHT(P57,1),2,1))))) -> 2 | M7: =IF(LEFT(P49,1)="L",0,(IF(P49="","",(IF(LEFT(P49,1)>RIGHT(P49,1),2,1))))) -> 2 | N7: =IF(RIGHT(P53,1)="L",0,(IF(P53="","",(IF(RIGHT(P53,1)>LEFT(P53,1),2,1))))) -> 2 | O7: =IF(LEFT(P41,1)="L",0,(IF(P41="","",(IF(LEFT(P41,1)>RIGHT(P41,1),2,1))))) -> 1 | P7: =IF(RIGHT(P38,1)="L",0,(IF(P38="","",(IF(RIGHT(P38,1)>LEFT(P38,1),2,1))))) -> 1 | Q7: =IF(LEFT(P35,1)="L",0,(IF(P35="","",(IF(LEFT(P35,1)>RIGHT(P35,1),2,1))))) -> 2 | R7: =IF(RIGHT(P45,1)="L",0,(IF(P45="","",(IF(RIGHT(P45,1)>LEFT(P45,1),2,1))))) -> 2 | S7: =IF((AND(COUNTIF(J7:J30,">""")>2,COUNTIF(P33:P60,">""")>0)),SUM(K7,L7,M7,N7,O7,P7,Q7,R7),"") -> 12 | U7: 3
C8: 2 | D8: Кадыралы Жандос | L8: =IF(LEFT(P57,1)="W",$M$4&":0(W)",IF(LEFT(P57,1)="L","0:"&$M$4&"(L)",IF(P57="","",P57))) -> 3:1 | M8: =IF(LEFT(P49,1)="W",$M$4&":0(W)",IF(LEFT(P49,1)="L","0:"&$M$4&"(L)",IF(P49="","",P49))) -> 3:2 | N8: =IF(RIGHT(P53,1)="W",$M$4&":0(W)",IF(RIGHT(P53,1)="L","0:"&$M$4&"(L)",IF(P53="","",RIGHT(P53,1)&":"&LEFT(P53,1)))) -> 3:2 | O8: =IF(LEFT(P41,1)="W",$M$4&":0(W)",IF(LEFT(P41,1)="L","0:"&$M$4&"(L)",IF(P41="","",P41))) -> 1:3 | P8: =IF(RIGHT(P38,1)="W",$M$4&":0(W)",IF(RIGHT(P38,1)="L","0:"&$M$4&"(L)",IF(P38="","",RIGHT(P38,1)&":"&LEFT(P38,1)))) -> 1:3 | Q8: =IF(LEFT(P35,1)="W",$M$4&":0(W)",IF(LEFT(P35,1)="L","0:"&$M$4&"(L)",IF(P35="","",P35))) -> 3:0 | R8: =IF(RIGHT(P45,1)="W",$M$4&":0(W)",IF(RIGHT(P45,1)="L","0:"&$M$4&"(L)",IF(P45="","",RIGHT(P45,1)&":"&LEFT(P45,1)))) -> 3:2
C9: 3 | D9: Кенесбек Нурсултан | L9: =IF(P57="","",IF(Q57="","",Q57)) | M9: =IF(P49="","",IF(Q49="","",Q49)) | N9: =IF(P53="","",IF(Q53="","",REPLACE(SUBSTITUTE(SUBSTITUTE(SUBSTITUTE(SUBSTITUTE(","&Q53,",-","#"),",","-"),"#",","),"-",",-"),1,1,""))) | O9: =IF(P41="","",IF(Q41="","",Q41)) | P9: =IF(P38="","",IF(Q38="","",REPLACE(SUBSTITUTE(SUBSTITUTE(SUBSTITUTE(SUBSTITUTE(","&Q38,",-","#"),",","-"),"#",","),"-",",-"),1,1,""))) | Q9: =IF(P35="","",IF(Q35="","",Q35)) | R9: =IF(P45="","",IF(Q45="","",REPLACE(SUBSTITUTE(SUBSTITUTE(SUBSTITUTE(SUBSTITUTE(","&Q45,",-","#"),",","-"),"#",","),"-",",-"),1,1,"")))
C10: 4 | D10: Саргалиев Марат | G10: 2 | I10: 11 | J10: Кадыралы Жандос+ | K10: =IF(RIGHT(P57,1)="L",0,(IF(P57="","",(IF(RIGHT(P57,1)>LEFT(P57,1),2,1))))) -> 1 | M10: =IF(RIGHT(P54,1)="L",0,(IF(P54="","",(IF(RIGHT(P54,1)>LEFT(P54,1),2,1))))) -> 1 | N10: =IF(LEFT(P50,1)="L",0,(IF(P50="","",(IF(LEFT(P50,1)>RIGHT(P50,1),2,1))))) -> 2 | O10: =IF(RIGHT(P37,1)="L",0,(IF(P37="","",(IF(RIGHT(P37,1)>LEFT(P37,1),2,1))))) -> 1 | P10: =IF(LEFT(P33,1)="L",0,(IF(P33="","",(IF(LEFT(P33,1)>RIGHT(P33,1),2,1))))) -> 1 | Q10: =IF(RIGHT(P47,1)="L",0,(IF(P47="","",(IF(RIGHT(P47,1)>LEFT(P47,1),2,1))))) -> 2 | R10: =IF(LEFT(P42,1)="L",0,(IF(P42="","",(IF(LEFT(P42,1)>RIGHT(P42,1),2,1))))) -> 2 | S10: =IF((AND(COUNTIF(J7:J30,">""")>2,COUNTIF(P33:P60,">""")>0)),SUM(K10,L10,M10,N10,O10,P10,Q10,R10),"") -> 10 | U10: 5
C11: 5 | D11: Шугаев Вадим | K11: =IF(RIGHT(P57,1)="W",$M$4&":0(W)",IF(RIGHT(P57,1)="L","0:"&$M$4&"(L)",IF(P57="","",RIGHT(P57,1)&":"&LEFT(P57,1)))) -> 1:3 | M11: =IF(RIGHT(P54,1)="W",$M$4&":0(W)",IF(RIGHT(P54,1)="L","0:"&$M$4&"(L)",IF(P54="","",RIGHT(P54,1)&":"&LEFT(P54,1)))) -> 0:3 | N11: =IF(LEFT(P50,1)="W",$M$4&":0(W)",IF(LEFT(P50,1)="L","0:"&$M$4&"(L)",IF(P50="","",P50))) -> 3:1 | O11: =IF(RIGHT(P37,1)="W",$M$4&":0(W)",IF(RIGHT(P37,1)="L","0:"&$M$4&"(L)",IF(P37="","",RIGHT(P37,1)&":"&LEFT(P37,1)))) -> 0:3 | P11: =IF(LEFT(P33,1)="W",$M$4&":0(W)",IF(LEFT(P33,1)="L","0:"&$M$4&"(L)",IF(P33="","",P33))) -> 1:3 | Q11: =IF(RIGHT(P47,1)="W",$M$4&":0(W)",IF(RIGHT(P47,1)="L","0:"&$M$4&"(L)",IF(P47="","",RIGHT(P47,1)&":"&LEFT(P47,1)))) -> 3:1 | R11: =IF(LEFT(P42,1)="W",$M$4&":0(W)",IF(LEFT(P42,1)="L","0:"&$M$4&"(L)",IF(P42="","",P42))) -> 3:0
C12: 6 | D12: Чернозубов Николай | K12: =IF(P57="","",IF(Q57="","",REPLACE(SUBSTITUTE(SUBSTITUTE(SUBSTITUTE(SUBSTITUTE(","&Q57,",-","#"),",","-"),"#",","),"-",",-"),1,1,""))) | M12: =IF(P54="","",IF(Q54="","",REPLACE(SUBSTITUTE(SUBSTITUTE(SUBSTITUTE(SUBSTITUTE(","&Q54,",-","#"),",","-"),"#",","),"-",",-"),1,1,""))) | N12: =IF(P50="","",IF(Q50="","",Q50)) | O12: =IF(P37="","",IF(Q37="","",REPLACE(SUBSTITUTE(SUBSTITUTE(SUBSTITUTE(SUBSTITUTE(","&Q37,",-","#"),",","-"),"#",","),"-",",-"),1,1,""))) | P12: =IF(P33="","",IF(Q33="","",Q33)) | Q12: =IF(P47="","",IF(Q47="","",REPLACE(SUBSTITUTE(SUBSTITUTE(SUBSTITUTE(SUBSTITUTE(","&Q47,",-","#"),",","-"),"#",","),"-",",-"),1,1,""))) | R12: =IF(P42="","",IF(Q42="","",Q42))
C13: 7 | D13: Ануарбеков Фаизкарим | G13: 3 | I13: 9 | J13: Кенесбек Нурсултан+ | K13: =IF(RIGHT(P49,1)="L",0,(IF(P49="","",(IF(RIGHT(P49,1)>LEFT(P49,1),2,1))))) -> 1 | L13: =IF(LEFT(P54,1)="L",0,(IF(P54="","",(IF(LEFT(P54,1)>RIGHT(P54,1),2,1))))) -> 2 | N13: =IF(LEFT(P58,1)="L",0,(IF(P58="","",(IF(LEFT(P58,1)>RIGHT(P58,1),2,1))))) -> 2 | O13: =IF(LEFT(P34,1)="L",0,(IF(P34="","",(IF(LEFT(P34,1)>RIGHT(P34,1),2,1))))) -> 1 | P13: =IF(RIGHT(P48,1)="L",0,(IF(P48="","",(IF(RIGHT(P48,1)>LEFT(P48,1),2,1))))) -> 1 | Q13: =IF(LEFT(P44,1)="L",0,(IF(P44="","",(IF(LEFT(P44,1)>RIGHT(P44,1),2,1))))) -> 2 | R13: =IF(RIGHT(P39,1)="L",0,(IF(P39="","",(IF(RIGHT(P39,1)>LEFT(P39,1),2,1))))) -> 2 | S13: =IF((AND(COUNTIF(J7:J30,">""")>2,COUNTIF(P33:P60,">""")>0)),SUM(K13,L13,M13,N13,O13,P13,Q13,R13),"") -> 11 | U13: 4
C14: 8 | D14: Терехин Александр | K14: =IF(RIGHT(P49,1)="W",$M$4&":0(W)",IF(RIGHT(P49,1)="L","0:"&$M$4&"(L)",IF(P49="","",RIGHT(P49,1)&":"&LEFT(P49,1)))) -> 2:3 | L14: =IF(LEFT(P54,1)="W",$M$4&":0(W)",IF(LEFT(P54,1)="L","0:"&$M$4&"(L)",IF(P54="","",P54))) -> 3:0 | N14: =IF(LEFT(P58,1)="W",$M$4&":0(W)",IF(LEFT(P58,1)="L","0:"&$M$4&"(L)",IF(P58="","",P58))) -> 3:0 | O14: =IF(LEFT(P34,1)="W",$M$4&":0(W)",IF(LEFT(P34,1)="L","0:"&$M$4&"(L)",IF(P34="","",P34))) -> 0:3 | P14: =IF(RIGHT(P48,1)="W",$M$4&":0(W)",IF(RIGHT(P48,1)="L","0:"&$M$4&"(L)",IF(P48="","",RIGHT(P48,1)&":"&LEFT(P48,1)))) -> 1:3 | Q14: =IF(LEFT(P44,1)="W",$M$4&":0(W)",IF(LEFT(P44,1)="L","0:"&$M$4&"(L)",IF(P44="","",P44))) -> 3:2 | R14: =IF(RIGHT(P39,1)="W",$M$4&":0(W)",IF(RIGHT(P39,1)="L","0:"&$M$4&"(L)",IF(P39="","",RIGHT(P39,1)&":"&LEFT(P39,1)))) -> 3:2
K15: =IF(P49="","",IF(Q49="","",REPLACE(SUBSTITUTE(SUBSTITUTE(SUBSTITUTE(SUBSTITUTE(","&Q49,",-","#"),",","-"),"#",","),"-",",-"),1,1,""))) | L15: =IF(P54="","",IF(Q54="","",Q54)) | N15: =IF(P58="","",IF(Q58="","",Q58)) | O15: =IF(P34="","",IF(Q34="","",Q34)) | P15: =IF(P48="","",IF(Q48="","",REPLACE(SUBSTITUTE(SUBSTITUTE(SUBSTITUTE(SUBSTITUTE(","&Q48,",-","#"),",","-"),"#",","),"-",",-"),1,1,""))) | Q15: =IF(P44="","",IF(Q44="","",Q44)) | R15: =IF(P39="","",IF(Q39="","",REPLACE(SUBSTITUTE(SUBSTITUTE(SUBSTITUTE(SUBSTITUTE(","&Q39,",-","#"),",","-"),"#",","),"-",",-"),1,1,"")))
G16: 4 | I16: 10 | J16: Саргалиев Марат+ | K16: =IF(LEFT(P53,1)="L",0,(IF(P53="","",(IF(LEFT(P53,1)>RIGHT(P53,1),2,1))))) -> 1 | L16: =IF(RIGHT(P50,1)="L",0,(IF(P50="","",(IF(RIGHT(P50,1)>LEFT(P50,1),2,1))))) -> 1 | M16: =IF(RIGHT(P58,1)="L",0,(IF(P58="","",(IF(RIGHT(P58,1)>LEFT(P58,1),2,1))))) -> 1 | O16: =IF(RIGHT(P46,1)="L",0,(IF(P46="","",(IF(RIGHT(P46,1)>LEFT(P46,1),2,1))))) -> 1 | P16: =IF(LEFT(P43,1)="L",0,(IF(P43="","",(IF(LEFT(P43,1)>RIGHT(P43,1),2,1))))) -> 1 | Q16: =IF(RIGHT(P40,1)="L",0,(IF(P40="","",(IF(RIGHT(P40,1)>LEFT(P40,1),2,1))))) -> 2 | R16: =IF(LEFT(P36,1)="L",0,(IF(P36="","",(IF(LEFT(P36,1)>RIGHT(P36,1),2,1))))) -> 1 | S16: =IF((AND(COUNTIF(J7:J30,">""")>2,COUNTIF(P33:P60,">""")>0)),SUM(K16,L16,M16,N16,O16,P16,Q16,R16),"") -> 8 | U16: 7
K17: =IF(LEFT(P53,1)="W",$M$4&":0(W)",IF(LEFT(P53,1)="L","0:"&$M$4&"(L)",IF(P53="","",P53))) -> 2:3 | L17: =IF(RIGHT(P50,1)="W",$M$4&":0(W)",IF(RIGHT(P50,1)="L","0:"&$M$4&"(L)",IF(P50="","",RIGHT(P50,1)&":"&LEFT(P50,1)))) -> 1:3 | M17: =IF(RIGHT(P58,1)="W",$M$4&":0(W)",IF(RIGHT(P58,1)="L","0:"&$M$4&"(L)",IF(P58="","",RIGHT(P58,1)&":"&LEFT(P58,1)))) -> 0:3 | O17: =IF(RIGHT(P46,1)="W",$M$4&":0(W)",IF(RIGHT(P46,1)="L","0:"&$M$4&"(L)",IF(P46="","",RIGHT(P46,1)&":"&LEFT(P46,1)))) -> 0:3 | P17: =IF(LEFT(P43,1)="W",$M$4&":0(W)",IF(LEFT(P43,1)="L","0:"&$M$4&"(L)",IF(P43="","",P43))) -> 0:3 | Q17: =IF(RIGHT(P40,1)="W",$M$4&":0(W)",IF(RIGHT(P40,1)="L","0:"&$M$4&"(L)",IF(P40="","",RIGHT(P40,1)&":"&LEFT(P40,1)))) -> 3:1 | R17: =IF(LEFT(P36,1)="W",$M$4&":0(W)",IF(LEFT(P36,1)="L","0:"&$M$4&"(L)",IF(P36="","",P36))) -> 1:3
K18: =IF(P53="","",IF(Q53="","",Q53)) | L18: =IF(P50="","",IF(Q50="","",REPLACE(SUBSTITUTE(SUBSTITUTE(SUBSTITUTE(SUBSTITUTE(","&Q50,",-","#"),",","-"),"#",","),"-",",-"),1,1,""))) | M18: =IF(P58="","",IF(Q58="","",REPLACE(SUBSTITUTE(SUBSTITUTE(SUBSTITUTE(SUBSTITUTE(","&Q58,",-","#"),",","-"),"#",","),"-",",-"),1,1,""))) | O18: =IF(P46="","",IF(Q46="","",REPLACE(SUBSTITUTE(SUBSTITUTE(SUBSTITUTE(SUBSTITUTE(","&Q46,",-","#"),",","-"),"#",","),"-",",-"),1,1,""))) | P18: =IF(P43="","",IF(Q43="","",Q43)) | Q18: =IF(P40="","",IF(Q40="","",REPLACE(SUBSTITUTE(SUBSTITUTE(SUBSTITUTE(SUBSTITUTE(","&Q40,",-","#"),",","-"),"#",","),"-",",-"),1,1,""))) | R18: =IF(P36="","",IF(Q36="","",Q36))
G19: 5 | I19: 11 | J19: Шугаев Вадим+ | K19: =IF(RIGHT(P41,1)="L",0,(IF(P41="","",(IF(RIGHT(P41,1)>LEFT(P41,1),2,1))))) -> 2 | L19: =IF(LEFT(P37,1)="L",0,(IF(P37="","",(IF(LEFT(P37,1)>RIGHT(P37,1),2,1))))) -> 2 | M19: =IF(RIGHT(P34,1)="L",0,(IF(P34="","",(IF(RIGHT(P34,1)>LEFT(P34,1),2,1))))) -> 2 | N19: =IF(LEFT(P46,1)="L",0,(IF(P46="","",(IF(LEFT(P46,1)>RIGHT(P46,1),2,1))))) -> 2 | P19: =IF(LEFT(P59,1)="L",0,(IF(P59="","",(IF(LEFT(P59,1)>RIGHT(P59,1),2,1))))) -> 1 | Q19: =IF(LEFT(P51,1)="L",0,(IF(P51="","",(IF(LEFT(P51,1)>RIGHT(P51,1),2,1))))) -> 2 | R19: =IF(RIGHT(P56,1)="L",0,(IF(P56="","",(IF(RIGHT(P56,1)>LEFT(P56,1),2,1))))) -> 1 | S19: =IF((AND(COUNTIF(J7:J30,">""")>2,COUNTIF(P33:P60,">""")>0)),SUM(K19,L19,M19,N19,O19,P19,Q19,R19),"") -> 12 | U19: 2
K20: =IF(RIGHT(P41,1)="W",$M$4&":0(W)",IF(RIGHT(P41,1)="L","0:"&$M$4&"(L)",IF(P41="","",RIGHT(P41,1)&":"&LEFT(P41,1)))) -> 3:1 | L20: =IF(LEFT(P37,1)="W",$M$4&":0(W)",IF(LEFT(P37,1)="L","0:"&$M$4&"(L)",IF(P37="","",P37))) -> 3:0 | M20: =IF(RIGHT(P34,1)="W",$M$4&":0(W)",IF(RIGHT(P34,1)="L","0:"&$M$4&"(L)",IF(P34="","",RIGHT(P34,1)&":"&LEFT(P34,1)))) -> 3:0 | N20: =IF(LEFT(P46,1)="W",$M$4&":0(W)",IF(LEFT(P46,1)="L","0:"&$M$4&"(L)",IF(P46="","",P46))) -> 3:0 | P20: =IF(LEFT(P59,1)="W",$M$4&":0(W)",IF(LEFT(P59,1)="L","0:"&$M$4&"(L)",IF(P59="","",P59))) -> 1:3 | Q20: =IF(LEFT(P51,1)="W",$M$4&":0(W)",IF(LEFT(P51,1)="L","0:"&$M$4&"(L)",IF(P51="","",P51))) -> 3:0 | R20: =IF(RIGHT(P56,1)="W",$M$4&":0(W)",IF(RIGHT(P56,1)="L","0:"&$M$4&"(L)",IF(P56="","",RIGHT(P56,1)&":"&LEFT(P56,1)))) -> 0:3
K21: =IF(P41="","",IF(Q41="","",REPLACE(SUBSTITUTE(SUBSTITUTE(SUBSTITUTE(SUBSTITUTE(","&Q41,",-","#"),",","-"),"#",","),"-",",-"),1,1,""))) | L21: =IF(P37="","",IF(Q37="","",Q37)) | M21: =IF(P34="","",IF(Q34="","",REPLACE(SUBSTITUTE(SUBSTITUTE(SUBSTITUTE(SUBSTITUTE(","&Q34,",-","#"),",","-"),"#",","),"-",",-"),1,1,""))) | N21: =IF(P46="","",IF(Q46="","",Q46)) | P21: =IF(P59="","",IF(Q59="","",Q59)) | Q21: =IF(P51="","",IF(Q51="","",Q51)) | R21: =IF(P56="","",IF(Q56="","",REPLACE(SUBSTITUTE(SUBSTITUTE(SUBSTITUTE(SUBSTITUTE(","&Q56,",-","#"),",","-"),"#",","),"-",",-"),1,1,"")))
B22: 3:0 | G22: 6 | H22: КМС | I22: 12 | J22: Чернозубов Николай+ | K22: =IF(LEFT(P38,1)="L",0,(IF(P38="","",(IF(LEFT(P38,1)>RIGHT(P38,1),2,1))))) -> 2 | L22: =IF(RIGHT(P33,1)="L",0,(IF(P33="","",(IF(RIGHT(P33,1)>LEFT(P33,1),2,1))))) -> 2 | M22: =IF(LEFT(P48,1)="L",0,(IF(P48="","",(IF(LEFT(P48,1)>RIGHT(P48,1),2,1))))) -> 2 | N22: =IF(RIGHT(P43,1)="L",0,(IF(P43="","",(IF(RIGHT(P43,1)>LEFT(P43,1),2,1))))) -> 2 | O22: =IF(RIGHT(P59,1)="L",0,(IF(P59="","",(IF(RIGHT(P59,1)>LEFT(P59,1),2,1))))) -> 2 | Q22: =IF(RIGHT(P55,1)="L",0,(IF(P55="","",(IF(RIGHT(P55,1)>LEFT(P55,1),2,1))))) -> 2 | R22: =IF(LEFT(P52,1)="L",0,(IF(P52="","",(IF(LEFT(P52,1)>RIGHT(P52,1),2,1))))) -> 2 | S22: =IF((AND(COUNTIF(J7:J30,">""")>2,COUNTIF(P33:P60,">""")>0)),SUM(K22,L22,M22,N22,O22,P22,Q22,R22),"") -> 14 | U22: 1
B23: 3:1 | K23: =IF(LEFT(P38,1)="W",$M$4&":0(W)",IF(LEFT(P38,1)="L","0:"&$M$4&"(L)",IF(P38="","",P38))) -> 3:1 | L23: =IF(RIGHT(P33,1)="W",$M$4&":0(W)",IF(RIGHT(P33,1)="L","0:"&$M$4&"(L)",IF(P33="","",RIGHT(P33,1)&":"&LEFT(P33,1)))) -> 3:1 | M23: =IF(LEFT(P48,1)="W",$M$4&":0(W)",IF(LEFT(P48,1)="L","0:"&$M$4&"(L)",IF(P48="","",P48))) -> 3:1 | N23: =IF(RIGHT(P43,1)="W",$M$4&":0(W)",IF(RIGHT(P43,1)="L","0:"&$M$4&"(L)",IF(P43="","",RIGHT(P43,1)&":"&LEFT(P43,1)))) -> 3:0 | O23: =IF(RIGHT(P59,1)="W",$M$4&":0(W)",IF(RIGHT(P59,1)="L","0:"&$M$4&"(L)",IF(P59="","",RIGHT(P59,1)&":"&LEFT(P59,1)))) -> 3:1 | Q23: =IF(RIGHT(P55,1)="W",$M$4&":0(W)",IF(RIGHT(P55,1)="L","0:"&$M$4&"(L)",IF(P55="","",RIGHT(P55,1)&":"&LEFT(P55,1)))) -> 3:1 | R23: =IF(LEFT(P52,1)="W",$M$4&":0(W)",IF(LEFT(P52,1)="L","0:"&$M$4&"(L)",IF(P52="","",P52))) -> 3:0
B24: 3:2 | K24: =IF(P38="","",IF(Q38="","",Q38)) | L24: =IF(P33="","",IF(Q33="","",REPLACE(SUBSTITUTE(SUBSTITUTE(SUBSTITUTE(SUBSTITUTE(","&Q33,",-","#"),",","-"),"#",","),"-",",-"),1,1,""))) | M24: =IF(P48="","",IF(Q48="","",Q48)) | N24: =IF(P43="","",IF(Q43="","",REPLACE(SUBSTITUTE(SUBSTITUTE(SUBSTITUTE(SUBSTITUTE(","&Q43,",-","#"),",","-"),"#",","),"-",",-"),1,1,""))) | O24: =IF(P59="","",IF(Q59="","",REPLACE(SUBSTITUTE(SUBSTITUTE(SUBSTITUTE(SUBSTITUTE(","&Q59,",-","#"),",","-"),"#",","),"-",",-"),1,1,""))) | Q24: =IF(P55="","",IF(Q55="","",REPLACE(SUBSTITUTE(SUBSTITUTE(SUBSTITUTE(SUBSTITUTE(","&Q55,",-","#"),",","-"),"#",","),"-",",-"),1,1,""))) | R24: =IF(P52="","",IF(Q52="","",Q52))
B25: 0:3 | G25: 7 | H25: 3 р | I25: 11 | J25: Ануарбеков Фаизкарим+ | K25: =IF(RIGHT(P35,1)="L",0,(IF(P35="","",(IF(RIGHT(P35,1)>LEFT(P35,1),2,1))))) -> 1 | L25: =IF(LEFT(P47,1)="L",0,(IF(P47="","",(IF(LEFT(P47,1)>RIGHT(P47,1),2,1))))) -> 1 | M25: =IF(RIGHT(P44,1)="L",0,(IF(P44="","",(IF(RIGHT(P44,1)>LEFT(P44,1),2,1))))) -> 1 | N25: =IF(LEFT(P40,1)="L",0,(IF(P40="","",(IF(LEFT(P40,1)>RIGHT(P40,1),2,1))))) -> 1 | O25: =IF(RIGHT(P51,1)="L",0,(IF(P51="","",(IF(RIGHT(P51,1)>LEFT(P51,1),2,1))))) -> 1 | P25: =IF(LEFT(P55,1)="L",0,(IF(P55="","",(IF(LEFT(P55,1)>RIGHT(P55,1),2,1))))) -> 1 | R25: =IF(LEFT(P60,1)="L",0,(IF(P60="","",(IF(LEFT(P60,1)>RIGHT(P60,1),2,1))))) -> 1 | S25: =IF((AND(COUNTIF(J7:J30,">""")>2,COUNTIF(P33:P60,">""")>0)),SUM(K25,L25,M25,N25,O25,P25,Q25,R25),"") -> 7 | U25: 8
B26: 1:3 | K26: =IF(RIGHT(P35,1)="W",$M$4&":0(W)",IF(RIGHT(P35,1)="L","0:"&$M$4&"(L)",IF(P35="","",RIGHT(P35,1)&":"&LEFT(P35,1)))) -> 0:3 | L26: =IF(LEFT(P47)="W",$M$4&":0(W)",IF(LEFT(P47,1)="L","0:"&$M$4&"(L)",IF(P47="","",P47))) -> 1:3 | M26: =IF(RIGHT(P44,1)="W",$M$4&":0(W)",IF(RIGHT(P44,1)="L","0:"&$M$4&"(L)",IF(P44="","",RIGHT(P44,1)&":"&LEFT(P44,1)))) -> 2:3 | N26: =IF(LEFT(P40,1)="W",$M$4&":0(W)",IF(LEFT(P40,1)="L","0:"&$M$4&"(L)",IF(P40="","",P40))) -> 1:3 | O26: =IF(RIGHT(P51,1)="W",$M$4&":0(W)",IF(RIGHT(P51,1)="L","0:"&$M$4&"(L)",IF(P51="","",RIGHT(P51,1)&":"&LEFT(P51,1)))) -> 0:3 | P26: =IF(LEFT(P55,1)="W",$M$4&":0(W)",IF(LEFT(P55,1)="L","0:"&$M$4&"(L)",IF(P55="","",P55))) -> 1:3 | R26: =IF(LEFT(P60,1)="W",$M$4&":0(W)",IF(LEFT(P60,1)="L","0:"&$M$4&"(L)",IF(P60="","",P60))) -> 1:3
B27: 2:3 | K27: =IF(P35="","",IF(Q35="","",REPLACE(SUBSTITUTE(SUBSTITUTE(SUBSTITUTE(SUBSTITUTE(","&Q35,",-","#"),",","-"),"#",","),"-",",-"),1,1,""))) | L27: =IF(P47="","",IF(Q47="","",Q47)) | M27: =IF(P44="","",IF(Q44="","",REPLACE(SUBSTITUTE(SUBSTITUTE(SUBSTITUTE(SUBSTITUTE(","&Q44,",-","#"),",","-"),"#",","),"-",",-"),1,1,""))) | N27: =IF(P40="","",IF(Q40="","",Q40)) | O27: =IF(P51="","",IF(Q51="","",REPLACE(SUBSTITUTE(SUBSTITUTE(SUBSTITUTE(SUBSTITUTE(","&Q51,",-","#"),",","-"),"#",","),"-",",-"),1,1,""))) | P27: =IF(P55="","",IF(Q55="","",Q55)) | R27: =IF(P60="","",IF(Q60="","",Q60))
B28: W:L | G28: 8 | H28: КМС | J28: Терехин Александр+ | K28: =IF(LEFT(P45,1)="L",0,(IF(P45="","",(IF(LEFT(P45,1)>RIGHT(P45,1),2,1))))) -> 1 | L28: =IF(RIGHT(P42,1)="L",0,(IF(P42="","",(IF(RIGHT(P42,1)>LEFT(P42,1),2,1))))) -> 1 | M28: =IF(LEFT(P39,1)="L",0,(IF(P39="","",(IF(LEFT(P39,1)>RIGHT(P39,1),2,1))))) -> 1 | N28: =IF(RIGHT(P36,1)="L",0,(IF(P36="","",(IF(RIGHT(P36,1)>LEFT(P36,1),2,1))))) -> 2 | O28: =IF(LEFT(P56,1)="L",0,(IF(P56="","",(IF(LEFT(P56,1)>RIGHT(P56,1),2,1))))) -> 2 | P28: =IF(RIGHT(P52,1)="L",0,(IF(P52="","",(IF(RIGHT(P52,1)>LEFT(P52,1),2,1))))) -> 1 | Q28: =IF(RIGHT(P60,1)="L",0,(IF(P60="","",(IF(RIGHT(P60,1)>LEFT(P60,1),2,1))))) -> 2 | S28: =IF((AND(COUNTIF(J7:J30,">""")>2,COUNTIF(P33:P60,">""")>0)),SUM(K28,L28,M28,N28,O28,P28,Q28,R28),"") -> 10 | U28: 6
B29: L:W | K29: =IF(LEFT(P45,1)="W",$M$4&":0(W)",IF(LEFT(P45,1)="L","0:"&$M$4&"(L)",IF(P45="","",P45))) -> 2:3 | L29: =IF(RIGHT(P42,1)="W",$M$4&":0(W)",IF(RIGHT(P42,1)="L","0:"&$M$4&"(L)",IF(P42="","",RIGHT(P42,1)&":"&LEFT(P42,1)))) -> 0:3 | M29: =IF(LEFT(P39,1)="W",$M$4&":0(W)",IF(LEFT(P39,1)="L","0:"&$M$4&"(L)",IF(P39="","",P39))) -> 2:3 | N29: =IF(RIGHT(P36,1)="W",$M$4&":0(W)",IF(RIGHT(P36,1)="L","0:"&$M$4&"(L)",IF(P36="","",RIGHT(P36,1)&":"&LEFT(P36,1)))) -> 3:1 | O29: =IF(LEFT(P56,1)="W",$M$4&":0(W)",IF(LEFT(P56,1)="L","0:"&$M$4&"(L)",IF(P56="","",P56))) -> 3:0 | P29: =IF(RIGHT(P52,1)="W",$M$4&":0(W)",IF(RIGHT(P52,1)="L","0:"&$M$4&"(L)",IF(P52="","",RIGHT(P52,1)&":"&LEFT(P52,1)))) -> 0:3 | Q29: =IF(RIGHT(P60,1)="W",$M$4&":0(W)",IF(RIGHT(P60,1)="L","0:"&$M$4&"(L)",IF(P60="","",RIGHT(P60,1)&":"&LEFT(P60,1)))) -> 3:1
B30: 2:0 | K30: =IF(P45="","",IF(Q45="","",Q45)) | L30: =IF(P42="","",IF(Q42="","",REPLACE(SUBSTITUTE(SUBSTITUTE(SUBSTITUTE(SUBSTITUTE(","&Q42,",-","#"),",","-"),"#",","),"-",",-"),1,1,""))) | M30: =IF(P39="","",IF(Q39="","",Q39)) | N30: =IF(P36="","",IF(Q36="","",REPLACE(SUBSTITUTE(SUBSTITUTE(SUBSTITUTE(SUBSTITUTE(","&Q36,",-","#"),",","-"),"#",","),"-",",-"),1,1,""))) | O30: =IF(P56="","",IF(Q56="","",Q56)) | P30: =IF(P52="","",IF(Q52="","",REPLACE(SUBSTITUTE(SUBSTITUTE(SUBSTITUTE(SUBSTITUTE(","&Q52,",-","#"),",","-"),"#",","),"-",",-"),1,1,""))) | Q30: =IF(P60="","",IF(Q60="","",REPLACE(SUBSTITUTE(SUBSTITUTE(SUBSTITUTE(SUBSTITUTE(","&Q60,",-","#"),",","-"),"#",","),"-",",-"),1,1,"")))
B31: 2:1
B32: 1:2 | I32: ю | P32: счет по сетам | Q32: мячи
B33: 0:2 | G33: 1 круг | I33: 21 | J33: =IF(А5!Уч2="","",А5!Уч2) -> Кадыралы Жандос+ | K33: ="-" -> - | L33: =IF(А5!Уч6="","",А5!Уч6) -> Чернозубов Николай+ | P33: 1:3 | S33: =IF(AND(I33<>"",P33=""),"встреча играется",IF(P33<>"","сыграна","")) -> сыграна
B34: 4:0 | I34: 21 | J34: =IF(А5!Уч3="","",А5!Уч3) -> Кенесбек Нурсултан+ | K34: ="-" -> - | L34: =IF(А5!Уч5="","",А5!Уч5) -> Шугаев Вадим+ | P34: 0:3 | S34: =IF(AND(I34<>"",P34=""),"встреча играется",IF(P34<>"","сыграна","")) -> сыграна
B35: 4:1 | I35: 22 | J35: =IF(А5!Уч1="","",А5!Уч1) -> Сидельников Евгений+ | K35: ="-" -> - | L35: =IF(А5!Уч7="","",А5!Уч7) -> Ануарбеков Фаизкарим+ | P35: 3:0 | S35: =IF(AND(I35<>"",P35=""),"встреча играется",IF(P35<>"","сыграна","")) -> сыграна
B36: 4:2 | I36: 23 | J36: =IF(А5!Уч4="","",А5!Уч4) -> Саргалиев Марат+ | K36: ="-" -> - | L36: =IF(А5!Уч8="","",А5!Уч8) -> Терехин Александр+ | P36: 1:3 | S36: =IF(AND(I36<>"",P36=""),"встреча играется",IF(P36<>"","сыграна","")) -> сыграна
B37: 4:3 | G37: 2 круг | I37: 22 | J37: =IF(А5!Уч5="","",А5!Уч5) -> Шугаев Вадим+ | K37: ="-" -> - | L37: =IF(А5!Уч2="","",А5!Уч2) -> Кадыралы Жандос+ | P37: 3:0 | S37: =IF(AND(I37<>"",P37=""),"встреча играется",IF(P37<>"","сыграна","")) -> сыграна
B38: 0:4 | I38: 23 | J38: =IF(А5!Уч6="","",А5!Уч6) -> Чернозубов Николай+ | K38: ="-" -> - | L38: =IF(А5!Уч1="","",А5!Уч1) -> Сидельников Евгений+ | P38: 3:1 | S38: =IF(AND(I38<>"",P38=""),"встреча играется",IF(P38<>"","сыграна","")) -> сыграна
B39: 1:4 | I39: 32 | J39: =IF(А5!Уч8="","",А5!Уч8) -> Терехин Александр+ | K39: ="-" -> - | L39: =IF(А5!Уч3="","",А5!Уч3) -> Кенесбек Нурсултан+ | P39: 2:3 | S39: =IF(AND(I39<>"",P39=""),"встреча играется",IF(P39<>"","сыграна","")) -> сыграна
B40: 2:4 | I40: 30 | J40: =IF(А5!Уч7="","",А5!Уч7) -> Ануарбеков Фаизкарим+ | K40: ="-" -> - | L40: =IF(А5!Уч4="","",А5!Уч4) -> Саргалиев Марат+ | P40: 1:3 | S40: =IF(AND(I40<>"",P40=""),"встреча играется",IF(P40<>"","сыграна","")) -> сыграна
B41: 3:4 | G41: 3 круг | I41: 22 | J41: =IF(А5!Уч1="","",А5!Уч1) -> Сидельников Евгений+ | K41: ="-" -> - | L41: =IF(А5!Уч5="","",А5!Уч5) -> Шугаев Вадим+ | P41: 1:3 | S41: =IF(AND(I41<>"",P41=""),"встреча играется",IF(P41<>"","сыграна","")) -> сыграна
I42: 21 | J42: =IF(А5!Уч2="","",А5!Уч2) -> Кадыралы Жандос+ | K42: ="-" -> - | L42: =IF(А5!Уч8="","",А5!Уч8) -> Терехин Александр+ | P42: 3:0 | S42: =IF(AND(I42<>"",P42=""),"встреча играется",IF(P42<>"","сыграна","")) -> сыграна
I43: 22 | J43: =IF(А5!Уч4="","",А5!Уч4) -> Саргалиев Марат+ | K43: ="-" -> - | L43: =IF(А5!Уч6="","",А5!Уч6) -> Чернозубов Николай+ | P43: 0:3 | S43: =IF(AND(I43<>"",P43=""),"встреча играется",IF(P43<>"","сыграна","")) -> сыграна
I44: 32 | J44: =IF(А5!Уч3="","",А5!Уч3) -> Кенесбек Нурсултан+ | K44: ="-" -> - | L44: =IF(А5!Уч7="","",А5!Уч7) -> Ануарбеков Фаизкарим+ | P44: 3:2 | S44: =IF(AND(I44<>"",P44=""),"встреча играется",IF(P44<>"","сыграна","")) -> сыграна
G45: 4 круг | I45: 23 | J45: =IF(А5!Уч8="","",А5!Уч8) -> Терехин Александр+ | K45: ="-" -> - | L45: =IF(А5!Уч1="","",А5!Уч1) -> Сидельников Евгений+ | P45: 2:3 | S45: =IF(AND(I45<>"",P45=""),"встреча играется",IF(P45<>"","сыграна","")) -> сыграна
I46: 22 | J46: =IF(А5!Уч5="","",А5!Уч5) -> Шугаев Вадим+ | K46: ="-" -> - | L46: =IF(А5!Уч4="","",А5!Уч4) -> Саргалиев Марат+ | P46: 3:0 | S46: =IF(AND(I46<>"",P46=""),"встреча играется",IF(P46<>"","сыграна","")) -> сыграна
I47: 22 | J47: =IF(А5!Уч7="","",А5!Уч7) -> Ануарбеков Фаизкарим+ | K47: ="-" -> - | L47: =IF(А5!Уч2="","",А5!Уч2) -> Кадыралы Жандос+ | P47: 1:3 | S47: =IF(AND(I47<>"",P47=""),"встреча играется",IF(P47<>"","сыграна","")) -> сыграна
I48: 30 | J48: =IF(А5!Уч6="","",А5!Уч6) -> Чернозубов Николай+ | K48: ="-" -> - | L48: =IF(А5!Уч3="","",А5!Уч3) -> Кенесбек Нурсултан+ | P48: 3:1 | S48: =IF(AND(I48<>"",P48=""),"встреча играется",IF(P48<>"","сыграна","")) -> сыграна
G49: 5 круг | I49: 32 | J49: =IF(А5!Уч1="","",А5!Уч1) -> Сидельников Евгений+ | K49: ="-" -> - | L49: =IF(А5!Уч3="","",А5!Уч3) -> Кенесбек Нурсултан+ | P49: 3:2 | S49: =IF(AND(I49<>"",P49=""),"встреча играется",IF(P49<>"","сыграна","")) -> сыграна
I50: 22 | J50: =IF(А5!Уч2="","",А5!Уч2) -> Кадыралы Жандос+ | K50: ="-" -> - | L50: =IF(А5!Уч4="","",А5!Уч4) -> Саргалиев Марат+ | P50: 3:1 | S50: =IF(AND(I50<>"",P50=""),"встреча играется",IF(P50<>"","сыграна","")) -> сыграна
I51: 30 | J51: =IF(А5!Уч5="","",А5!Уч5) -> Шугаев Вадим+ | K51: ="-" -> - | L51: =IF(А5!Уч7="","",А5!Уч7) -> Ануарбеков Фаизкарим+ | P51: 3:0 | S51: =IF(AND(I51<>"",P51=""),"встреча играется",IF(P51<>"","сыграна","")) -> сыграна
I52: 23 | J52: =IF(А5!Уч6="","",А5!Уч6) -> Чернозубов Николай+ | K52: ="-" -> - | L52: =IF(А5!Уч8="","",А5!Уч8) -> Терехин Александр+ | P52: 3:0 | S52: =IF(AND(I52<>"",P52=""),"встреча играется",IF(P52<>"","сыграна","")) -> сыграна
G53: 6 круг | I53: 21 | J53: =IF(А5!Уч4="","",А5!Уч4) -> Саргалиев Марат+ | K53: ="-" -> - | L53: =IF(А5!Уч1="","",А5!Уч1) -> Сидельников Евгений+ | P53: 2:3 | S53: =IF(AND(I53<>"",P53=""),"встреча играется",IF(P53<>"","сыграна","")) -> сыграна
I54: 21 | J54: =IF(А5!Уч3="","",А5!Уч3) -> Кенесбек Нурсултан+ | K54: ="-" -> - | L54: =IF(А5!Уч2="","",А5!Уч2) -> Кадыралы Жандос+ | P54: 3:0 | S54: =IF(AND(I54<>"",P54=""),"встреча играется",IF(P54<>"","сыграна","")) -> сыграна
I55: 22 | J55: =IF(А5!Уч7="","",А5!Уч7) -> Ануарбеков Фаизкарим+ | K55: ="-" -> - | L55: =IF(А5!Уч6="","",А5!Уч6) -> Чернозубов Николай+ | P55: 1:3 | S55: =IF(AND(I55<>"",P55=""),"встреча играется",IF(P55<>"","сыграна","")) -> сыграна
I56: 23 | J56: =IF(А5!Уч8="","",А5!Уч8) -> Терехин Александр+ | K56: ="-" -> - | L56: =IF(А5!Уч5="","",А5!Уч5) -> Шугаев Вадим+ | P56: 3:0 | S56: =IF(AND(I56<>"",P56=""),"встреча играется",IF(P56<>"","сыграна","")) -> сыграна
G57: 7 круг | I57: 27 | J57: =IF(А5!Уч1="","",А5!Уч1) -> Сидельников Евгений+ | K57: ="-" -> - | L57: =IF(А5!Уч2="","",А5!Уч2) -> Кадыралы Жандос+ | P57: 3:1 | S57: =IF(AND(I57<>"",P57=""),"встреча играется",IF(P57<>"","сыграна","")) -> сыграна
I58: 29 | J58: =IF(А5!Уч3="","",А5!Уч3) -> Кенесбек Нурсултан+ | K58: ="-" -> - | L58: =IF(А5!Уч4="","",А5!Уч4) -> Саргалиев Марат+ | P58: 3:0 | S58: =IF(AND(I58<>"",P58=""),"встреча играется",IF(P58<>"","сыграна","")) -> сыграна
I59: 22 | J59: =IF(А5!Уч5="","",А5!Уч5) -> Шугаев Вадим+ | K59: ="-" -> - | L59: =IF(А5!Уч6="","",А5!Уч6) -> Чернозубов Николай+ | P59: 1:3 | S59: =IF(AND(I59<>"",P59=""),"встреча играется",IF(P59<>"","сыграна","")) -> сыграна
I60: 28 | J60: =IF(А5!Уч7="","",А5!Уч7) -> Ануарбеков Фаизкарим+ | K60: ="-" -> - | L60: =IF(А5!Уч8="","",А5!Уч8) -> Терехин Александр+ | P60: 1:3 | S60: =IF(AND(I60<>"",P60=""),"встреча играется",IF(P60<>"","сыграна","")) -> сыграна

Sheet А6
D1: Турнир Открытое первенство города Астана (лиги) | K1: Дата: | L1: =Суперлига!L1 -> 46061
K4: матчи до | M4: 3 | N4: побед
C5: =IF(COUNTIF(D7:D14,"")>0,1,0) -> 1 | E5: =IF((COUNTIF(L33:R60,">""")+COUNTIF(T7:U30,">"""))>0,1,0) -> 0
C6: № | D6: Участники турнира | E6: Рейтинг | G6: № | H6: Рейтинг | J6: Фамилия Имя | K6: 1 | L6: 2 | M6: 3 | N6: 4 | O6: 5 | P6: 6 | Q6: 7 | R6: 8 | S6: Очки | T6: Соотн. | U6: Место
C7: 1 | G7: 1 | L7: =IF(LEFT(P57,1)="L",0,(IF(P57="","",(IF(LEFT(P57,1)>RIGHT(P57,1),2,1))))) | M7: =IF(LEFT(P49,1)="L",0,(IF(P49="","",(IF(LEFT(P49,1)>RIGHT(P49,1),2,1))))) | N7: =IF(RIGHT(P53,1)="L",0,(IF(P53="","",(IF(RIGHT(P53,1)>LEFT(P53,1),2,1))))) | O7: =IF(LEFT(P41,1)="L",0,(IF(P41="","",(IF(LEFT(P41,1)>RIGHT(P41,1),2,1))))) | P7: =IF(RIGHT(P38,1)="L",0,(IF(P38="","",(IF(RIGHT(P38,1)>LEFT(P38,1),2,1))))) | Q7: =IF(LEFT(P35,1)="L",0,(IF(P35="","",(IF(LEFT(P35,1)>RIGHT(P35,1),2,1))))) | R7: =IF(RIGHT(P45,1)="L",0,(IF(P45="","",(IF(RIGHT(P45,1)>LEFT(P45,1),2,1))))) | S7: =IF((AND(COUNTIF(J7:J30,">""")>2,COUNTIF(P33:P60,">""")>0)),SUM(K7,L7,M7,N7,O7,P7,Q7,R7),"")
C8: 2 | L8: =IF(LEFT(P57,1)="W",$M$4&":0(W)",IF(LEFT(P57,1)="L","0:"&$M$4&"(L)",IF(P57="","",P57))) | M8: =IF(LEFT(P49,1)="W",$M$4&":0(W)",IF(LEFT(P49,1)="L","0:"&$M$4&"(L)",IF(P49="","",P49))) | N8: =IF(RIGHT(P53,1)="W",$M$4&":0(W)",IF(RIGHT(P53,1)="L","0:"&$M$4&"(L)",IF(P53="","",RIGHT(P53,1)&":"&LEFT(P53,1)))) | O8: =IF(LEFT(P41,1)="W",$M$4&":0(W)",IF(LEFT(P41,1)="L","0:"&$M$4&"(L)",IF(P41="","",P41))) | P8: =IF(RIGHT(P38,1)="W",$M$4&":0(W)",IF(RIGHT(P38,1)="L","0:"&$M$4&"(L)",IF(P38="","",RIGHT(P38,1)&":"&LEFT(P38,1)))) | Q8: =IF(LEFT(P35,1)="W",$M$4&":0(W)",IF(LEFT(P35,1)="L","0:"&$M$4&"(L)",IF(P35="","",P35))) | R8: =IF(RIGHT(P45,1)="W",$M$4&":0(W)",IF(RIGHT(P45,1)="L","0:"&$M$4&"(L)",IF(P45="","",RIGHT(P45,1)&":"&LEFT(P45,1))))
C9: 3 | L9: =IF(P57="","",IF(Q57="","",Q57)) | M9: =IF(P49="","",IF(Q49="","",Q49)) | N9: =IF(P53="","",IF(Q53="","",REPLACE(SUBSTITUTE(SUBSTITUTE(SUBSTITUTE(SUBSTITUTE(","&Q53,",-","#"),",","-"),"#",","),"-",",-"),1,1,""))) | O9: =IF(P41="","",IF(Q41="","",Q41)) | P9: =IF(P38="","",IF(Q38="","",REPLACE(SUBSTITUTE(SUBSTITUTE(SUBSTITUTE(SUBSTITUTE(","&Q38,",-","#"),",","-"),"#",","),"-",",-"),1,1,""))) | Q9: =IF(P35="","",IF(Q35="","",Q35)) | R9: =IF(P45="","",IF(Q45="","",REPLACE(SUBSTITUTE(SUBSTITUTE(SUBSTITUTE(SUBSTITUTE(","&Q45,",-","#"),",","-"),"#",","),"-",",-"),1,1,"")))
C10: 4 | G10: 2 | K10: =IF(RIGHT(P57,1)="L",0,(IF(P57="","",(IF(RIGHT(P57,1)>LEFT(P57,1),2,1))))) | M10: =IF(RIGHT(P54,1)="L",0,(IF(P54="","",(IF(RIGHT(P54,1)>LEFT(P54,1),2,1))))) | N10: =IF(LEFT(P50,1)="L",0,(IF(P50="","",(IF(LEFT(P50,1)>RIGHT(P50,1),2,1))))) | O10: =IF(RIGHT(P37,1)="L",0,(IF(P37="","",(IF(RIGHT(P37,1)>LEFT(P37,1),2,1))))) | P10: =IF(LEFT(P33,1)="L",0,(IF(P33="","",(IF(LEFT(P33,1)>RIGHT(P33,1),2,1))))) | Q10: =IF(RIGHT(P47,1)="L",0,(IF(P47="","",(IF(RIGHT(P47,1)>LEFT(P47,1),2,1))))) | R10: =IF(LEFT(P42,1)="L",0,(IF(P42="","",(IF(LEFT(P42,1)>RIGHT(P42,1),2,1))))) | S10: =IF((AND(COUNTIF(J7:J30,">""")>2,COUNTIF(P33:P60,">""")>0)),SUM(K10,L10,M10,N10,O10,P10,Q10,R10),"")
C11: 5 | K11: =IF(RIGHT(P57,1)="W",$M$4&":0(W)",IF(RIGHT(P57,1)="L","0:"&$M$4&"(L)",IF(P57="","",RIGHT(P57,1)&":"&LEFT(P57,1)))) | M11: =IF(RIGHT(P54,1)="W",$M$4&":0(W)",IF(RIGHT(P54,1)="L","0:"&$M$4&"(L)",IF(P54="","",RIGHT(P54,1)&":"&LEFT(P54,1)))) | N11: =IF(LEFT(P50,1)="W",$M$4&":0(W)",IF(LEFT(P50,1)="L","0:"&$M$4&"(L)",IF(P50="","",P50))) | O11: =IF(RIGHT(P37,1)="W",$M$4&":0(W)",IF(RIGHT(P37,1)="L","0:"&$M$4&"(L)",IF(P37="","",RIGHT(P37,1)&":"&LEFT(P37,1)))) | P11: =IF(LEFT(P33,1)="W",$M$4&":0(W)",IF(LEFT(P33,1)="L","0:"&$M$4&"(L)",IF(P33="","",P33))) | Q11: =IF(RIGHT(P47,1)="W",$M$4&":0(W)",IF(RIGHT(P47,1)="L","0:"&$M$4&"(L)",IF(P47="","",RIGHT(P47,1)&":"&LEFT(P47,1)))) | R11: =IF(LEFT(P42,1)="W",$M$4&":0(W)",IF(LEFT(P42,1)="L","0:"&$M$4&"(L)",IF(P42="","",P42)))
C12: 6 | K12: =IF(P57="","",IF(Q57="","",REPLACE(SUBSTITUTE(SUBSTITUTE(SUBSTITUTE(SUBSTITUTE(","&Q57,",-","#"),",","-"),"#",","),"-",",-"),1,1,""))) | M12: =IF(P54="","",IF(Q54="","",REPLACE(SUBSTITUTE(SUBSTITUTE(SUBSTITUTE(SUBSTITUTE(","&Q54,",-","#"),",","-"),"#",","),"-",",-"),1,1,""))) | N12: =IF(P50="","",IF(Q50="","",Q50)) | O12: =IF(P37="","",IF(Q37="","",REPLACE(SUBSTITUTE(SUBSTITUTE(SUBSTITUTE(SUBSTITUTE(","&Q37,",-","#"),",","-"),"#",","),"-",",-"),1,1,""))) | P12: =IF(P33="","",IF(Q33="","",Q33)) | Q12: =IF(P47="","",IF(Q47="","",REPLACE(SUBSTITUTE(SUBSTITUTE(SUBSTITUTE(SUBSTITUTE(","&Q47,",-","#"),",","-"),"#",","),"-",",-"),1,1,""))) | R12: =IF(P42="","",IF(Q42="","",Q42))
C13: 7 | G13: 3 | K13: =IF(RIGHT(P49,1)="L",0,(IF(P49="","",(IF(RIGHT(P49,1)>LEFT(P49,1),2,1))))) | L13: =IF(LEFT(P54,1)="L",0,(IF(P54="","",(IF(LEFT(P54,1)>RIGHT(P54,1),2,1))))) | N13: =IF(LEFT(P58,1)="L",0,(IF(P58="","",(IF(LEFT(P58,1)>RIGHT(P58,1),2,1))))) | O13: =IF(LEFT(P34,1)="L",0,(IF(P34="","",(IF(LEFT(P34,1)>RIGHT(P34,1),2,1))))) | P13: =IF(RIGHT(P48,1)="L",0,(IF(P48="","",(IF(RIGHT(P48,1)>LEFT(P48,1),2,1))))) | Q13: =IF(LEFT(P44,1)="L",0,(IF(P44="","",(IF(LEFT(P44,1)>RIGHT(P44,1),2,1))))) | R13: =IF(RIGHT(P39,1)="L",0,(IF(P39="","",(IF(RIGHT(P39,1)>LEFT(P39,1),2,1))))) | S13: =IF((AND(COUNTIF(J7:J30,">""")>2,COUNTIF(P33:P60,">""")>0)),SUM(K13,L13,M13,N13,O13,P13,Q13,R13),"")
C14: 8 | K14: =IF(RIGHT(P49,1)="W",$M$4&":0(W)",IF(RIGHT(P49,1)="L","0:"&$M$4&"(L)",IF(P49="","",RIGHT(P49,1)&":"&LEFT(P49,1)))) | L14: =IF(LEFT(P54,1)="W",$M$4&":0(W)",IF(LEFT(P54,1)="L","0:"&$M$4&"(L)",IF(P54="","",P54))) | N14: =IF(LEFT(P58,1)="W",$M$4&":0(W)",IF(LEFT(P58,1)="L","0:"&$M$4&"(L)",IF(P58="","",P58))) | O14: =IF(LEFT(P34,1)="W",$M$4&":0(W)",IF(LEFT(P34,1)="L","0:"&$M$4&"(L)",IF(P34="","",P34))) | P14: =IF(RIGHT(P48,1)="W",$M$4&":0(W)",IF(RIGHT(P48,1)="L","0:"&$M$4&"(L)",IF(P48="","",RIGHT(P48,1)&":"&LEFT(P48,1)))) | Q14: =IF(LEFT(P44,1)="W",$M$4&":0(W)",IF(LEFT(P44,1)="L","0:"&$M$4&"(L)",IF(P44="","",P44))) | R14: =IF(RIGHT(P39,1)="W",$M$4&":0(W)",IF(RIGHT(P39,1)="L","0:"&$M$4&"(L)",IF(P39="","",RIGHT(P39,1)&":"&LEFT(P39,1))))
K15: =IF(P49="","",IF(Q49="","",REPLACE(SUBSTITUTE(SUBSTITUTE(SUBSTITUTE(SUBSTITUTE(","&Q49,",-","#"),",","-"),"#",","),"-",",-"),1,1,""))) | L15: =IF(P54="","",IF(Q54="","",Q54)) | N15: =IF(P58="","",IF(Q58="","",Q58)) | O15: =IF(P34="","",IF(Q34="","",Q34)) | P15: =IF(P48="","",IF(Q48="","",REPLACE(SUBSTITUTE(SUBSTITUTE(SUBSTITUTE(SUBSTITUTE(","&Q48,",-","#"),",","-"),"#",","),"-",",-"),1,1,""))) | Q15: =IF(P44="","",IF(Q44="","",Q44)) | R15: =IF(P39="","",IF(Q39="","",REPLACE(SUBSTITUTE(SUBSTITUTE(SUBSTITUTE(SUBSTITUTE(","&Q39,",-","#"),",","-"),"#",","),"-",",-"),1,1,"")))
G16: 4 | K16: =IF(LEFT(P53,1)="L",0,(IF(P53="","",(IF(LEFT(P53,1)>RIGHT(P53,1),2,1))))) | L16: =IF(RIGHT(P50,1)="L",0,(IF(P50="","",(IF(RIGHT(P50,1)>LEFT(P50,1),2,1))))) | M16: =IF(RIGHT(P58,1)="L",0,(IF(P58="","",(IF(RIGHT(P58,1)>LEFT(P58,1),2,1))))) | O16: =IF(RIGHT(P46,1)="L",0,(IF(P46="","",(IF(RIGHT(P46,1)>LEFT(P46,1),2,1))))) | P16: =IF(LEFT(P43,1)="L",0,(IF(P43="","",(IF(LEFT(P43,1)>RIGHT(P43,1),2,1))))) | Q16: =IF(RIGHT(P40,1)="L",0,(IF(P40="","",(IF(RIGHT(P40,1)>LEFT(P40,1),2,1))))) | R16: =IF(LEFT(P36,1)="L",0,(IF(P36="","",(IF(LEFT(P36,1)>RIGHT(P36,1),2,1))))) | S16: =IF((AND(COUNTIF(J7:J30,">""")>2,COUNTIF(P33:P60,">""")>0)),SUM(K16,L16,M16,N16,O16,P16,Q16,R16),"")
K17: =IF(LEFT(P53,1)="W",$M$4&":0(W)",IF(LEFT(P53,1)="L","0:"&$M$4&"(L)",IF(P53="","",P53))) | L17: =IF(RIGHT(P50,1)="W",$M$4&":0(W)",IF(RIGHT(P50,1)="L","0:"&$M$4&"(L)",IF(P50="","",RIGHT(P50,1)&":"&LEFT(P50,1)))) | M17: =IF(RIGHT(P58,1)="W",$M$4&":0(W)",IF(RIGHT(P58,1)="L","0:"&$M$4&"(L)",IF(P58="","",RIGHT(P58,1)&":"&LEFT(P58,1)))) | O17: =IF(RIGHT(P46,1)="W",$M$4&":0(W)",IF(RIGHT(P46,1)="L","0:"&$M$4&"(L)",IF(P46="","",RIGHT(P46,1)&":"&LEFT(P46,1)))) | P17: =IF(LEFT(P43,1)="W",$M$4&":0(W)",IF(LEFT(P43,1)="L","0:"&$M$4&"(L)",IF(P43="","",P43))) | Q17: =IF(RIGHT(P40,1)="W",$M$4&":0(W)",IF(RIGHT(P40,1)="L","0:"&$M$4&"(L)",IF(P40="","",RIGHT(P40,1)&":"&LEFT(P40,1)))) | R17: =IF(LEFT(P36,1)="W",$M$4&":0(W)",IF(LEFT(P36,1)="L","0:"&$M$4&"(L)",IF(P36="","",P36)))
K18: =IF(P53="","",IF(Q53="","",Q53)) | L18: =IF(P50="","",IF(Q50="","",REPLACE(SUBSTITUTE(SUBSTITUTE(SUBSTITUTE(SUBSTITUTE(","&Q50,",-","#"),",","-"),"#",","),"-",",-"),1,1,""))) | M18: =IF(P58="","",IF(Q58="","",REPLACE(SUBSTITUTE(SUBSTITUTE(SUBSTITUTE(SUBSTITUTE(","&Q58,",-","#"),",","-"),"#",","),"-",",-"),1,1,""))) | O18: =IF(P46="","",IF(Q46="","",REPLACE(SUBSTITUTE(SUBSTITUTE(SUBSTITUTE(SUBSTITUTE(","&Q46,",-","#"),",","-"),"#",","),"-",",-"),1,1,""))) | P18: =IF(P43="","",IF(Q43="","",Q43)) | Q18: =IF(P40="","",IF(Q40="","",REPLACE(SUBSTITUTE(SUBSTITUTE(SUBSTITUTE(SUBSTITUTE(","&Q40,",-","#"),",","-"),"#",","),"-",",-"),1,1,""))) | R18: =IF(P36="","",IF(Q36="","",Q36))
G19: 5 | K19: =IF(RIGHT(P41,1)="L",0,(IF(P41="","",(IF(RIGHT(P41,1)>LEFT(P41,1),2,1))))) | L19: =IF(LEFT(P37,1)="L",0,(IF(P37="","",(IF(LEFT(P37,1)>RIGHT(P37,1),2,1))))) | M19: =IF(RIGHT(P34,1)="L",0,(IF(P34="","",(IF(RIGHT(P34,1)>LEFT(P34,1),2,1))))) | N19: =IF(LEFT(P46,1)="L",0,(IF(P46="","",(IF(LEFT(P46,1)>RIGHT(P46,1),2,1))))) | P19: =IF(LEFT(P59,1)="L",0,(IF(P59="","",(IF(LEFT(P59,1)>RIGHT(P59,1),2,1))))) | Q19: =IF(LEFT(P51,1)="L",0,(IF(P51="","",(IF(LEFT(P51,1)>RIGHT(P51,1),2,1))))) | R19: =IF(RIGHT(P56,1)="L",0,(IF(P56="","",(IF(RIGHT(P56,1)>LEFT(P56,1),2,1))))) | S19: =IF((AND(COUNTIF(J7:J30,">""")>2,COUNTIF(P33:P60,">""")>0)),SUM(K19,L19,M19,N19,O19,P19,Q19,R19),"")
K20: =IF(RIGHT(P41,1)="W",$M$4&":0(W)",IF(RIGHT(P41,1)="L","0:"&$M$4&"(L)",IF(P41="","",RIGHT(P41,1)&":"&LEFT(P41,1)))) | L20: =IF(LEFT(P37,1)="W",$M$4&":0(W)",IF(LEFT(P37,1)="L","0:"&$M$4&"(L)",IF(P37="","",P37))) | M20: =IF(RIGHT(P34,1)="W",$M$4&":0(W)",IF(RIGHT(P34,1)="L","0:"&$M$4&"(L)",IF(P34="","",RIGHT(P34,1)&":"&LEFT(P34,1)))) | N20: =IF(LEFT(P46,1)="W",$M$4&":0(W)",IF(LEFT(P46,1)="L","0:"&$M$4&"(L)",IF(P46="","",P46))) | P20: =IF(LEFT(P59,1)="W",$M$4&":0(W)",IF(LEFT(P59,1)="L","0:"&$M$4&"(L)",IF(P59="","",P59))) | Q20: =IF(LEFT(P51,1)="W",$M$4&":0(W)",IF(LEFT(P51,1)="L","0:"&$M$4&"(L)",IF(P51="","",P51))) | R20: =IF(RIGHT(P56,1)="W",$M$4&":0(W)",IF(RIGHT(P56,1)="L","0:"&$M$4&"(L)",IF(P56="","",RIGHT(P56,1)&":"&LEFT(P56,1))))
K21: =IF(P41="","",IF(Q41="","",REPLACE(SUBSTITUTE(SUBSTITUTE(SUBSTITUTE(SUBSTITUTE(","&Q41,",-","#"),",","-"),"#",","),"-",",-"),1,1,""))) | L21: =IF(P37="","",IF(Q37="","",Q37)) | M21: =IF(P34="","",IF(Q34="","",REPLACE(SUBSTITUTE(SUBSTITUTE(SUBSTITUTE(SUBSTITUTE(","&Q34,",-","#"),",","-"),"#",","),"-",",-"),1,1,""))) | N21: =IF(P46="","",IF(Q46="","",Q46)) | P21: =IF(P59="","",IF(Q59="","",Q59)) | Q21: =IF(P51="","",IF(Q51="","",Q51)) | R21: =IF(P56="","",IF(Q56="","",REPLACE(SUBSTITUTE(SUBSTITUTE(SUBSTITUTE(SUBSTITUTE(","&Q56,",-","#"),",","-"),"#",","),"-",",-"),1,1,"")))
B22: 3:0 | G22: 6 | K22: =IF(LEFT(P38,1)="L",0,(IF(P38="","",(IF(LEFT(P38,1)>RIGHT(P38,1),2,1))))) | L22: =IF(RIGHT(P33,1)="L",0,(IF(P33="","",(IF(RIGHT(P33,1)>LEFT(P33,1),2,1))))) | M22: =IF(LEFT(P48,1)="L",0,(IF(P48="","",(IF(LEFT(P48,1)>RIGHT(P48,1),2,1))))) | N22: =IF(RIGHT(P43,1)="L",0,(IF(P43="","",(IF(RIGHT(P43,1)>LEFT(P43,1),2,1))))) | O22: =IF(RIGHT(P59,1)="L",0,(IF(P59="","",(IF(RIGHT(P59,1)>LEFT(P59,1),2,1))))) | Q22: =IF(RIGHT(P55,1)="L",0,(IF(P55="","",(IF(RIGHT(P55,1)>LEFT(P55,1),2,1))))) | R22: =IF(LEFT(P52,1)="L",0,(IF(P52="","",(IF(LEFT(P52,1)>RIGHT(P52,1),2,1))))) | S22: =IF((AND(COUNTIF(J7:J30,">""")>2,COUNTIF(P33:P60,">""")>0)),SUM(K22,L22,M22,N22,O22,P22,Q22,R22),"")
B23: 3:1 | K23: =IF(LEFT(P38,1)="W",$M$4&":0(W)",IF(LEFT(P38,1)="L","0:"&$M$4&"(L)",IF(P38="","",P38))) | L23: =IF(RIGHT(P33,1)="W",$M$4&":0(W)",IF(RIGHT(P33,1)="L","0:"&$M$4&"(L)",IF(P33="","",RIGHT(P33,1)&":"&LEFT(P33,1)))) | M23: =IF(LEFT(P48,1)="W",$M$4&":0(W)",IF(LEFT(P48,1)="L","0:"&$M$4&"(L)",IF(P48="","",P48))) | N23: =IF(RIGHT(P43,1)="W",$M$4&":0(W)",IF(RIGHT(P43,1)="L","0:"&$M$4&"(L)",IF(P43="","",RIGHT(P43,1)&":"&LEFT(P43,1)))) | O23: =IF(RIGHT(P59,1)="W",$M$4&":0(W)",IF(RIGHT(P59,1)="L","0:"&$M$4&"(L)",IF(P59="","",RIGHT(P59,1)&":"&LEFT(P59,1)))) | Q23: =IF(RIGHT(P55,1)="W",$M$4&":0(W)",IF(RIGHT(P55,1)="L","0:"&$M$4&"(L)",IF(P55="","",RIGHT(P55,1)&":"&LEFT(P55,1)))) | R23: =IF(LEFT(P52,1)="W",$M$4&":0(W)",IF(LEFT(P52,1)="L","0:"&$M$4&"(L)",IF(P52="","",P52)))
B24: 3:2 | K24: =IF(P38="","",IF(Q38="","",Q38)) | L24: =IF(P33="","",IF(Q33="","",REPLACE(SUBSTITUTE(SUBSTITUTE(SUBSTITUTE(SUBSTITUTE(","&Q33,",-","#"),",","-"),"#",","),"-",",-"),1,1,""))) | M24: =IF(P48="","",IF(Q48="","",Q48)) | N24: =IF(P43="","",IF(Q43="","",REPLACE(SUBSTITUTE(SUBSTITUTE(SUBSTITUTE(SUBSTITUTE(","&Q43,",-","#"),",","-"),"#",","),"-",",-"),1,1,""))) | O24: =IF(P59="","",IF(Q59="","",REPLACE(SUBSTITUTE(SUBSTITUTE(SUBSTITUTE(SUBSTITUTE(","&Q59,",-","#"),",","-"),"#",","),"-",",-"),1,1,""))) | Q24: =IF(P55="","",IF(Q55="","",REPLACE(SUBSTITUTE(SUBSTITUTE(SUBSTITUTE(SUBSTITUTE(","&Q55,",-","#"),",","-"),"#",","),"-",",-"),1,1,""))) | R24: =IF(P52="","",IF(Q52="","",Q52))
B25: 0:3 | G25: 7 | K25: =IF(RIGHT(P35,1)="L",0,(IF(P35="","",(IF(RIGHT(P35,1)>LEFT(P35,1),2,1))))) | L25: =IF(LEFT(P47,1)="L",0,(IF(P47="","",(IF(LEFT(P47,1)>RIGHT(P47,1),2,1))))) | M25: =IF(RIGHT(P44,1)="L",0,(IF(P44="","",(IF(RIGHT(P44,1)>LEFT(P44,1),2,1))))) | N25: =IF(LEFT(P40,1)="L",0,(IF(P40="","",(IF(LEFT(P40,1)>RIGHT(P40,1),2,1))))) | O25: =IF(RIGHT(P51,1)="L",0,(IF(P51="","",(IF(RIGHT(P51,1)>LEFT(P51,1),2,1))))) | P25: =IF(LEFT(P55,1)="L",0,(IF(P55="","",(IF(LEFT(P55,1)>RIGHT(P55,1),2,1))))) | R25: =IF(LEFT(P60,1)="L",0,(IF(P60="","",(IF(LEFT(P60,1)>RIGHT(P60,1),2,1))))) | S25: =IF((AND(COUNTIF(J7:J30,">""")>2,COUNTIF(P33:P60,">""")>0)),SUM(K25,L25,M25,N25,O25,P25,Q25,R25),"")
B26: 1:3 | K26: =IF(RIGHT(P35,1)="W",$M$4&":0(W)",IF(RIGHT(P35,1)="L","0:"&$M$4&"(L)",IF(P35="","",RIGHT(P35,1)&":"&LEFT(P35,1)))) | L26: =IF(LEFT(P47)="W",$M$4&":0(W)",IF(LEFT(P47,1)="L","0:"&$M$4&"(L)",IF(P47="","",P47))) | M26: =IF(RIGHT(P44,1)="W",$M$4&":0(W)",IF(RIGHT(P44,1)="L","0:"&$M$4&"(L)",IF(P44="","",RIGHT(P44,1)&":"&LEFT(P44,1)))) | N26: =IF(LEFT(P40,1)="W",$M$4&":0(W)",IF(LEFT(P40,1)="L","0:"&$M$4&"(L)",IF(P40="","",P40))) | O26: =IF(RIGHT(P51,1)="W",$M$4&":0(W)",IF(RIGHT(P51,1)="L","0:"&$M$4&"(L)",IF(P51="","",RIGHT(P51,1)&":"&LEFT(P51,1)))) | P26: =IF(LEFT(P55,1)="W",$M$4&":0(W)",IF(LEFT(P55,1)="L","0:"&$M$4&"(L)",IF(P55="","",P55))) | R26: =IF(LEFT(P60,1)="W",$M$4&":0(W)",IF(LEFT(P60,1)="L","0:"&$M$4&"(L)",IF(P60="","",P60)))
B27: 2:3 | K27: =IF(P35="","",IF(Q35="","",REPLACE(SUBSTITUTE(SUBSTITUTE(SUBSTITUTE(SUBSTITUTE(","&Q35,",-","#"),",","-"),"#",","),"-",",-"),1,1,""))) | L27: =IF(P47="","",IF(Q47="","",Q47)) | M27: =IF(P44="","",IF(Q44="","",REPLACE(SUBSTITUTE(SUBSTITUTE(SUBSTITUTE(SUBSTITUTE(","&Q44,",-","#"),",","-"),"#",","),"-",",-"),1,1,""))) | N27: =IF(P40="","",IF(Q40="","",Q40)) | O27: =IF(P51="","",IF(Q51="","",REPLACE(SUBSTITUTE(SUBSTITUTE(SUBSTITUTE(SUBSTITUTE(","&Q51,",-","#"),",","-"),"#",","),"-",",-"),1,1,""))) | P27: =IF(P55="","",IF(Q55="","",Q55)) | R27: =IF(P60="","",IF(Q60="","",Q60))
B28: W:L | G28: 8 | K28: =IF(LEFT(P45,1)="L",0,(IF(P45="","",(IF(LEFT(P45,1)>RIGHT(P45,1),2,1))))) | L28: =IF(RIGHT(P42,1)="L",0,(IF(P42="","",(IF(RIGHT(P42,1)>LEFT(P42,1),2,1))))) | M28: =IF(LEFT(P39,1)="L",0,(IF(P39="","",(IF(LEFT(P39,1)>RIGHT(P39,1),2,1))))) | N28: =IF(RIGHT(P36,1)="L",0,(IF(P36="","",(IF(RIGHT(P36,1)>LEFT(P36,1),2,1))))) | O28: =IF(LEFT(P56,1)="L",0,(IF(P56="","",(IF(LEFT(P56,1)>RIGHT(P56,1),2,1))))) | P28: =IF(RIGHT(P52,1)="L",0,(IF(P52="","",(IF(RIGHT(P52,1)>LEFT(P52,1),2,1))))) | Q28: =IF(RIGHT(P60,1)="L",0,(IF(P60="","",(IF(RIGHT(P60,1)>LEFT(P60,1),2,1))))) | S28: =IF((AND(COUNTIF(J7:J30,">""")>2,COUNTIF(P33:P60,">""")>0)),SUM(K28,L28,M28,N28,O28,P28,Q28,R28),"")
B29: L:W | K29: =IF(LEFT(P45,1)="W",$M$4&":0(W)",IF(LEFT(P45,1)="L","0:"&$M$4&"(L)",IF(P45="","",P45))) | L29: =IF(RIGHT(P42,1)="W",$M$4&":0(W)",IF(RIGHT(P42,1)="L","0:"&$M$4&"(L)",IF(P42="","",RIGHT(P42,1)&":"&LEFT(P42,1)))) | M29: =IF(LEFT(P39,1)="W",$M$4&":0(W)",IF(LEFT(P39,1)="L","0:"&$M$4&"(L)",IF(P39="","",P39))) | N29: =IF(RIGHT(P36,1)="W",$M$4&":0(W)",IF(RIGHT(P36,1)="L","0:"&$M$4&"(L)",IF(P36="","",RIGHT(P36,1)&":"&LEFT(P36,1)))) | O29: =IF(LEFT(P56,1)="W",$M$4&":0(W)",IF(LEFT(P56,1)="L","0:"&$M$4&"(L)",IF(P56="","",P56))) | P29: =IF(RIGHT(P52,1)="W",$M$4&":0(W)",IF(RIGHT(P52,1)="L","0:"&$M$4&"(L)",IF(P52="","",RIGHT(P52,1)&":"&LEFT(P52,1)))) | Q29: =IF(RIGHT(P60,1)="W",$M$4&":0(W)",IF(RIGHT(P60,1)="L","0:"&$M$4&"(L)",IF(P60="","",RIGHT(P60,1)&":"&LEFT(P60,1))))
B30: 2:0 | K30: =IF(P45="","",IF(Q45="","",Q45)) | L30: =IF(P42="","",IF(Q42="","",REPLACE(SUBSTITUTE(SUBSTITUTE(SUBSTITUTE(SUBSTITUTE(","&Q42,",-","#"),",","-"),"#",","),"-",",-"),1,1,""))) | M30: =IF(P39="","",IF(Q39="","",Q39)) | N30: =IF(P36="","",IF(Q36="","",REPLACE(SUBSTITUTE(SUBSTITUTE(SUBSTITUTE(SUBSTITUTE(","&Q36,",-","#"),",","-"),"#",","),"-",",-"),1,1,""))) | O30: =IF(P56="","",IF(Q56="","",Q56)) | P30: =IF(P52="","",IF(Q52="","",REPLACE(SUBSTITUTE(SUBSTITUTE(SUBSTITUTE(SUBSTITUTE(","&Q52,",-","#"),",","-"),"#",","),"-",",-"),1,1,""))) | Q30: =IF(P60="","",IF(Q60="","",REPLACE(SUBSTITUTE(SUBSTITUTE(SUBSTITUTE(SUBSTITUTE(","&Q60,",-","#"),",","-"),"#",","),"-",",-"),1,1,"")))
B31: 2:1
B32: 1:2 | I32: ю | P32: счет по сетам | Q32: мячи
B33: 0:2 | G33: 1 круг | J33: =IF(А6!Уч2="","",А6!Уч2) | K33: ="-" -> - | L33: =IF(А6!Уч6="","",А6!Уч6) | S33: =IF(AND(I33<>"",P33=""),"встреча играется",IF(P33<>"","сыграна",""))
B34: 4:0 | J34: =IF(А6!Уч3="","",А6!Уч3) | K34: ="-" -> - | L34: =IF(А6!Уч5="","",А6!Уч5) | S34: =IF(AND(I34<>"",P34=""),"встреча играется",IF(P34<>"","сыграна",""))
B35: 4:1 | J35: =IF(А6!Уч1="","",А6!Уч1) | K35: ="-" -> - | L35: =IF(А6!Уч7="","",А6!Уч7) | S35: =IF(AND(I35<>"",P35=""),"встреча играется",IF(P35<>"","сыграна",""))
B36: 4:2 | J36: =IF(А6!Уч4="","",А6!Уч4) | K36: ="-" -> - | L36: =IF(А6!Уч8="","",А6!Уч8) | S36: =IF(AND(I36<>"",P36=""),"встреча играется",IF(P36<>"","сыграна",""))
B37: 4:3 | G37: 2 круг | J37: =IF(А6!Уч5="","",А6!Уч5) | K37: ="-" -> - | L37: =IF(А6!Уч2="","",А6!Уч2) | S37: =IF(AND(I37<>"",P37=""),"встреча играется",IF(P37<>"","сыграна",""))
B38: 0:4 | J38: =IF(А6!Уч6="","",А6!Уч6) | K38: ="-" -> - | L38: =IF(А6!Уч1="","",А6!Уч1) | S38: =IF(AND(I38<>"",P38=""),"встреча играется",IF(P38<>"","сыграна",""))
B39: 1:4 | J39: =IF(А6!Уч8="","",А6!Уч8) | K39: ="-" -> - | L39: =IF(А6!Уч3="","",А6!Уч3) | S39: =IF(AND(I39<>"",P39=""),"встреча играется",IF(P39<>"","сыграна",""))
B40: 2:4 | J40: =IF(А6!Уч7="","",А6!Уч7) | K40: ="-" -> - | L40: =IF(А6!Уч4="","",А6!Уч4) | S40: =IF(AND(I40<>"",P40=""),"встреча играется",IF(P40<>"","сыграна",""))
B41: 3:4 | G41: 3 круг | J41: =IF(А6!Уч1="","",А6!Уч1) | K41: ="-" -> - | L41: =IF(А6!Уч5="","",А6!Уч5) | S41: =IF(AND(I41<>"",P41=""),"встреча играется",IF(P41<>"","сыграна",""))
J42: =IF(А6!Уч2="","",А6!Уч2) | K42: ="-" -> - | L42: =IF(А6!Уч8="","",А6!Уч8) | S42: =IF(AND(I42<>"",P42=""),"встреча играется",IF(P42<>"","сыграна",""))
J43: =IF(А6!Уч4="","",А6!Уч4) | K43: ="-" -> - | L43: =IF(А6!Уч6="","",А6!Уч6) | S43: =IF(AND(I43<>"",P43=""),"встреча играется",IF(P43<>"","сыграна",""))
J44: =IF(А6!Уч3="","",А6!Уч3) | K44: ="-" -> - | L44: =IF(А6!Уч7="","",А6!Уч7) | S44: =IF(AND(I44<>"",P44=""),"встреча играется",IF(P44<>"","сыграна",""))
G45: 4 круг | J45: =IF(А6!Уч8="","",А6!Уч8) | K45: ="-" -> - | L45: =IF(А6!Уч1="","",А6!Уч1) | S45: =IF(AND(I45<>"",P45=""),"встреча играется",IF(P45<>"","сыграна",""))
J46: =IF(А6!Уч5="","",А6!Уч5) | K46: ="-" -> - | L46: =IF(А6!Уч4="","",А6!Уч4) | S46: =IF(AND(I46<>"",P46=""),"встреча играется",IF(P46<>"","сыграна",""))
J47: =IF(А6!Уч7="","",А6!Уч7) | K47: ="-" -> - | L47: =IF(А6!Уч2="","",А6!Уч2) | S47: =IF(AND(I47<>"",P47=""),"встреча играется",IF(P47<>"","сыграна",""))
J48: =IF(А6!Уч6="","",А6!Уч6) | K48: ="-" -> - | L48: =IF(А6!Уч3="","",А6!Уч3) | S48: =IF(AND(I48<>"",P48=""),"встреча играется",IF(P48<>"","сыграна",""))
G49: 5 круг | J49: =IF(А6!Уч1="","",А6!Уч1) | K49: ="-" -> - | L49: =IF(А6!Уч3="","",А6!Уч3) | S49: =IF(AND(I49<>"",P49=""),"встреча играется",IF(P49<>"","сыграна",""))
J50: =IF(А6!Уч2="","",А6!Уч2) | K50: ="-" -> - | L50: =IF(А6!Уч4="","",А6!Уч4) | S50: =IF(AND(I50<>"",P50=""),"встреча играется",IF(P50<>"","сыграна",""))
J51: =IF(А6!Уч5="","",А6!Уч5) | K51: ="-" -> - | L51: =IF(А6!Уч7="","",А6!Уч7) | S51: =IF(AND(I51<>"",P51=""),"встреча играется",IF(P51<>"","сыграна",""))
J52: =IF(А6!Уч6="","",А6!Уч6) | K52: ="-" -> - | L52: =IF(А6!Уч8="","",А6!Уч8) | S52: =IF(AND(I52<>"",P52=""),"встреча играется",IF(P52<>"","сыграна",""))
G53: 6 круг | J53: =IF(А6!Уч4="","",А6!Уч4) | K53: ="-" -> - | L53: =IF(А6!Уч1="","",А6!Уч1) | S53: =IF(AND(I53<>"",P53=""),"встреча играется",IF(P53<>"","сыграна",""))
J54: =IF(А6!Уч3="","",А6!Уч3) | K54: ="-" -> - | L54: =IF(А6!Уч2="","",А6!Уч2) | S54: =IF(AND(I54<>"",P54=""),"встреча играется",IF(P54<>"","сыграна",""))
J55: =IF(А6!Уч7="","",А6!Уч7) | K55: ="-" -> - | L55: =IF(А6!Уч6="","",А6!Уч6) | S55: =IF(AND(I55<>"",P55=""),"встреча играется",IF(P55<>"","сыграна",""))
J56: =IF(А6!Уч8="","",А6!Уч8) | K56: ="-" -> - | L56: =IF(А6!Уч5="","",А6!Уч5) | S56: =IF(AND(I56<>"",P56=""),"встреча играется",IF(P56<>"","сыграна",""))
G57: 7 круг | J57: =IF(А6!Уч1="","",А6!Уч1) | K57: ="-" -> - | L57: =IF(А6!Уч2="","",А6!Уч2) | S57: =IF(AND(I57<>"",P57=""),"встреча играется",IF(P57<>"","сыграна",""))
J58: =IF(А6!Уч3="","",А6!Уч3) | K58: ="-" -> - | L58: =IF(А6!Уч4="","",А6!Уч4) | S58: =IF(AND(I58<>"",P58=""),"встреча играется",IF(P58<>"","сыграна",""))
J59: =IF(А6!Уч5="","",А6!Уч5) | K59: ="-" -> - | L59: =IF(А6!Уч6="","",А6!Уч6) | S59: =IF(AND(I59<>"",P59=""),"встреча играется",IF(P59<>"","сыграна",""))
J60: =IF(А6!Уч7="","",А6!Уч7) | K60: ="-" -> - | L60: =IF(А6!Уч8="","",А6!Уч8) | S60: =IF(AND(I60<>"",P60=""),"встреча играется",IF(P60<>"","сыграна",""))

Sheet А6_2
D1: Турнир Открытое первенство города Астана (лиги) | K1: Дата: | L1: =Суперлига!L1 -> 46061
K4: матчи до | M4: 3 | N4: побед
C5: =IF(COUNTIF(D7:D15,"")>0,1,0) -> 0 | E5: =IF((COUNTIF(L36:R71,">""")+COUNTIF(U7:V33,">"""))>0,1,0) -> 1
C6: № | D6: Участники турнира | E6: Рейтинг | G6: № | H6: Разряд | I6: R | J6: Фамилия Имя | K6: 1 | L6: 2 | M6: 3 | N6: 4 | O6: 5 | P6: 6 | Q6: 7 | R6: 8 | S6: 9 | T6: Очки | U6: Соотн. | V6: Место
C7: 1 | D7: Усин Фархат | G7: 1 | I7: 9 | J7: Усин Фархат+ | L7: =IF(LEFT(P68,1)="L",0,(IF(P68="","",(IF(LEFT(P68,1)>RIGHT(P68,1),2,1))))) -> 2 | M7: =IF(LEFT(P60,1)="L",0,(IF(P60="","",(IF(LEFT(P60,1)>RIGHT(P60,1),2,1))))) -> 1 | N7: =IF(RIGHT(P56,1)="L",0,(IF(P56="","",(IF(RIGHT(P56,1)>LEFT(P56,1),2,1))))) -> 1 | O7: =IF(LEFT(P53,1)="L",0,(IF(P53="","",(IF(LEFT(P53,1)>RIGHT(P53,1),2,1))))) -> 1 | P7: =IF(RIGHT(P48,1)="L",0,(IF(P48="","",(IF(RIGHT(P48,1)>LEFT(P48,1),2,1))))) | Q7: =IF(LEFT(P45,1)="L",0,(IF(P45="","",(IF(LEFT(P45,1)>RIGHT(P45,1),2,1))))) -> 2 | R7: =IF(RIGHT(P42,1)="L",0,(IF(P42="","",(IF(RIGHT(P42,1)>LEFT(P42,1),2,1))))) | S7: =IF(LEFT(P39,1)="L",0,(IF(P39="","",(IF(LEFT(P39,1)>RIGHT(P39,1),2,1))))) -> 1 | T7: =IF((AND(COUNTIF(J7:J33,">""")>2,COUNTIF(P36:P71,">""")>0)),SUM(K7,L7,M7,N7,O7,P7,Q7,R7,S7),"") -> 8 | V7: 6
C8: 2 | D8: Доминов Амир | L8: =IF(LEFT(P68,1)="W",$M$4&":0(W)",IF(LEFT(P68,1)="L","0:"&$M$4&"(L)",IF(P68="","",P68))) -> 3:2 | M8: =IF(LEFT(P60,1)="W",$M$4&":0(W)",IF(LEFT(P60,1)="L","0:"&$M$4&"(L)",IF(P60="","",P60))) -> 0:3 | N8: =IF(RIGHT(P56,1)="W",$M$4&":0(W)",IF(RIGHT(P56,1)="L","0:"&$M$4&"(L)",IF(P56="","",RIGHT(P56,1)&":"&LEFT(P56,1)))) -> 0:3 | O8: =IF(LEFT(P53,1)="W",$M$4&":0(W)",IF(LEFT(P53,1)="L","0:"&$M$4&"(L)",IF(P53="","",P53))) -> 0:3 | P8: =IF(RIGHT(P48,1)="W",$M$4&":0(W)",IF(RIGHT(P48,1)="L","0:"&$M$4&"(L)",IF(P48="","",RIGHT(P48,1)&":"&LEFT(P48,1)))) | Q8: =IF(LEFT(P45,1)="W",$M$4&":0(W)",IF(LEFT(P45,1)="L","0:"&$M$4&"(L)",IF(P45="","",P45))) -> 3:1 | R8: =IF(RIGHT(P42,1)="W",$M$4&":0(W)",IF(RIGHT(P42,1)="L","0:"&$M$4&"(L)",IF(P42="","",RIGHT(P42,1)&":"&LEFT(P42,1)))) | S8: =IF(LEFT(P39,1)="W",$M$4&":0(W)",IF(LEFT(P39,1)="L","0:"&$M$4&"(L)",IF(P39="","",P39))) -> 0:3
C9: 3 | D9: Ахметов Саят | L9: =IF(P68="","",IF(Q68="","",Q68)) | M9: =IF(P60="","",IF(Q60="","",Q60)) | N9: =IF(P56="","",IF(Q56="","",REPLACE(SUBSTITUTE(SUBSTITUTE(SUBSTITUTE(SUBSTITUTE(","&Q56,",-","#"),",","-"),"#",","),"-",",-"),1,1,""))) | O9: =IF(P53="","",IF(Q53="","",Q53)) | P9: =IF(P48="","",IF(Q48="","",REPLACE(SUBSTITUTE(SUBSTITUTE(SUBSTITUTE(SUBSTITUTE(","&Q48,",-","#"),",","-"),"#",","),"-",",-"),1,1,""))) | Q9: =IF(P45="","",IF(Q45="","",Q45)) | R9: =IF(P42="","",IF(Q42="","",REPLACE(SUBSTITUTE(SUBSTITUTE(SUBSTITUTE(SUBSTITUTE(","&Q42,",-","#"),",","-"),"#",","),"-",",-"),1,1,""))) | S9: =IF(P39="","",IF(Q39="","",Q39))
C10: 4 | D10: Абжанова Алия | G10: 2 | I10: 8 | J10: Доминов Амир+ | K10: =IF(RIGHT(P68,1)="L",0,(IF(P68="","",(IF(RIGHT(P68,1)>LEFT(P68,1),2,1))))) -> 1 | M10: =IF(RIGHT(P64,1)="L",0,(IF(P64="","",(IF(RIGHT(P64,1)>LEFT(P64,1),2,1))))) -> 2 | N10: =IF(LEFT(P52,1)="L",0,(IF(P52="","",(IF(LEFT(P52,1)>RIGHT(P52,1),2,1))))) -> 1 | O10: =IF(LEFT(P61,1)="L",0,(IF(P61="","",(IF(LEFT(P61,1)>RIGHT(P61,1),2,1))))) -> 2 | P10: =IF(LEFT(P44,1)="L",0,(IF(P44="","",(IF(LEFT(P44,1)>RIGHT(P44,1),2,1))))) | Q10: =IF(RIGHT(P40,1)="L",0,(IF(P40="","",(IF(RIGHT(P40,1)>LEFT(P40,1),2,1))))) -> 2 | R10: =IF(LEFT(P37,1)="L",0,(IF(P37="","",(IF(LEFT(P37,1)>RIGHT(P37,1),2,1))))) | S10: =IF(RIGHT(P58,1)="L",0,(IF(P58="","",(IF(RIGHT(P58,1)>LEFT(P58,1),2,1))))) -> 1 | T10: =IF((AND(COUNTIF(J7:J33,">""")>2,COUNTIF(P36:P71,">""")>0)),SUM(K10,L10,M10,N10,O10,P10,Q10,R10,S10),"") -> 9 | U10: =5/5 -> 1 | V10: 4
C11: 5 | D11: Томашев Манат | K11: =IF(RIGHT(P68,1)="W",$M$4&":0(W)",IF(RIGHT(P68,1)="L","0:"&$M$4&"(L)",IF(P68="","",RIGHT(P68,1)&":"&LEFT(P68,1)))) -> 2:3 | M11: =IF(RIGHT(P64,1)="W",$M$4&":0(W)",IF(RIGHT(P64,1)="L","0:"&$M$4&"(L)",IF(P64="","",RIGHT(P64,1)&":"&LEFT(P64,1)))) -> 3:2 | N11: =IF(LEFT(P52,1)="W",$M$4&":0(W)",IF(LEFT(P52,1)="L","0:"&$M$4&"(L)",IF(P52="","",P52))) -> 2:3 | O11: =IF(LEFT(P61,1)="W",$M$4&":0(W)",IF(LEFT(P61,1)="L","0:"&$M$4&"(L)",IF(P61="","",P61))) -> 3:1 | P11: =IF(LEFT(P44,1)="W",$M$4&":0(W)",IF(LEFT(P44,1)="L","0:"&$M$4&"(L)",IF(P44="","",P44))) | Q11: =IF(RIGHT(P40,1)="W",$M$4&":0(W)",IF(RIGHT(P40,1)="L","0:"&$M$4&"(L)",IF(P40="","",RIGHT(P40,1)&":"&LEFT(P40,1)))) -> 3:0 | R11: =IF(LEFT(P37,1)="W",$M$4&":0(W)",IF(LEFT(P37,1)="L","0:"&$M$4&"(L)",IF(P37="","",P37))) | S11: =IF(RIGHT(P58,1)="W",$M$4&":0(W)",IF(RIGHT(P58,1)="L","0:"&$M$4&"(L)",IF(P58="","",RIGHT(P58,1)&":"&LEFT(P58,1)))) -> 2:3
C12: 6 | D12: Садвакасов Нурбек | K12: =IF(P68="","",IF(Q68="","",REPLACE(SUBSTITUTE(SUBSTITUTE(SUBSTITUTE(SUBSTITUTE(","&Q68,",-","#"),",","-"),"#",","),"-",",-"),1,1,""))) | M12: =IF(P64="","",IF(Q64="","",REPLACE(SUBSTITUTE(SUBSTITUTE(SUBSTITUTE(SUBSTITUTE(","&Q64,",-","#"),",","-"),"#",","),"-",",-"),1,1,""))) | N12: =IF(P52="","",IF(Q52="","",Q52)) | O12: =IF(P61="","",IF(Q61="","",Q61)) | P12: =IF(P44="","",IF(Q44="","",Q44)) | Q12: =IF(P40="","",IF(Q40="","",REPLACE(SUBSTITUTE(SUBSTITUTE(SUBSTITUTE(SUBSTITUTE(","&Q40,",-","#"),",","-"),"#",","),"-",",-"),1,1,""))) | R12: =IF(P37="","",IF(Q37="","",Q37)) | S12: =IF(P58="","",IF(Q58="","",REPLACE(SUBSTITUTE(SUBSTITUTE(SUBSTITUTE(SUBSTITUTE(","&Q58,",-","#"),",","-"),"#",","),"-",",-"),1,1,"")))
C13: 7 | D13: Ернурулы Алмас | G13: 3 | I13: 10 | J13: Ахметов Саят+ | K13: =IF(RIGHT(P60,1)="L",0,(IF(P60="","",(IF(RIGHT(P60,1)>LEFT(P60,1),2,1))))) -> 2 | L13: =IF(LEFT(P64,1)="L",0,(IF(P64="","",(IF(LEFT(P64,1)>RIGHT(P64,1),2,1))))) -> 1 | N13: =IF(LEFT(P69,1)="L",0,(IF(P69="","",(IF(LEFT(P69,1)>RIGHT(P69,1),2,1))))) -> 2 | O13: =IF(RIGHT(P57,1)="L",0,(IF(P57="","",(IF(RIGHT(P57,1)>LEFT(P57,1),2,1))))) -> 1 | P13: =IF(RIGHT(P41,1)="L",0,(IF(P41="","",(IF(RIGHT(P41,1)>LEFT(P41,1),2,1))))) | Q13: =IF(LEFT(P36,1)="L",0,(IF(P36="","",(IF(LEFT(P36,1)>RIGHT(P36,1),2,1))))) -> 2 | R13: =IF(LEFT(P54,1)="L",0,(IF(P54="","",(IF(LEFT(P54,1)>RIGHT(P54,1),2,1))))) | S13: =IF(RIGHT(P50,1)="L",0,(IF(P50="","",(IF(RIGHT(P50,1)>LEFT(P50,1),2,1))))) -> 1 | T13: =IF((AND(COUNTIF(J7:J33,">""")>2,COUNTIF(P36:P71,">""")>0)),SUM(K13,L13,M13,N13,O13,P13,Q13,R13,S13),"") -> 9 | U13: =5/4 -> 1.25 | V13: 3
C14: 8 | D14: Утеулов Алиби | K14: =IF(RIGHT(P60,1)="W",$M$4&":0(W)",IF(RIGHT(P60,1)="L","0:"&$M$4&"(L)",IF(P60="","",RIGHT(P60,1)&":"&LEFT(P60,1)))) -> 3:0 | L14: =IF(LEFT(P64,1)="W",$M$4&":0(W)",IF(LEFT(P64,1)="L","0:"&$M$4&"(L)",IF(P64="","",P64))) -> 2:3 | N14: =IF(LEFT(P69,1)="W",$M$4&":0(W)",IF(LEFT(P69,1)="L","0:"&$M$4&"(L)",IF(P69="","",P69))) -> 3:1 | O14: =IF(RIGHT(P57,1)="W",$M$4&":0(W)",IF(RIGHT(P57,1)="L","0:"&$M$4&"(L)",IF(P57="","",RIGHT(P57,1)&":"&LEFT(P57,1)))) -> 1:3 | P14: =IF(RIGHT(P41,1)="W",$M$4&":0(W)",IF(RIGHT(P41,1)="L","0:"&$M$4&"(L)",IF(P41="","",RIGHT(P41,1)&":"&LEFT(P41,1)))) | Q14: =IF(LEFT(P36,1)="W",$M$4&":0(W)",IF(LEFT(P36,1)="L","0:"&$M$4&"(L)",IF(P36="","",P36))) -> 3:0 | R14: =IF(LEFT(P54,1)="W",$M$4&":0(W)",IF(LEFT(P54,1)="L","0:"&$M$4&"(L)",IF(P54="","",P54))) | S14: =IF(RIGHT(P50,1)="W",$M$4&":0(W)",IF(RIGHT(P50,1)="L","0:"&$M$4&"(L)",IF(P50="","",RIGHT(P50,1)&":"&LEFT(P50,1)))) -> 2:3
C15: 9 | D15: Утешев Ахметгали | K15: =IF(P60="","",IF(Q60="","",REPLACE(SUBSTITUTE(SUBSTITUTE(SUBSTITUTE(SUBSTITUTE(","&Q60,",-","#"),",","-"),"#",","),"-",",-"),1,1,""))) | L15: =IF(P64="","",IF(Q64="","",Q64)) | N15: =IF(P69="","",IF(Q69="","",Q69)) | O15: =IF(P57="","",IF(Q57="","",REPLACE(SUBSTITUTE(SUBSTITUTE(SUBSTITUTE(SUBSTITUTE(","&Q57,",-","#"),",","-"),"#",","),"-",",-"),1,1,""))) | P15: =IF(P41="","",IF(Q41="","",REPLACE(SUBSTITUTE(SUBSTITUTE(SUBSTITUTE(SUBSTITUTE(","&Q41,",-","#"),",","-"),"#",","),"-",",-"),1,1,""))) | Q15: =IF(P36="","",IF(Q36="","",Q36)) | R15: =IF(P54="","",IF(Q54="","",Q54)) | S15: =IF(P50="","",IF(Q50="","",REPLACE(SUBSTITUTE(SUBSTITUTE(SUBSTITUTE(SUBSTITUTE(","&Q50,",-","#"),",","-"),"#",","),"-",",-"),1,1,"")))
G16: 4 | H16: КМС | J16: Абжанова Алия+ | K16: =IF(LEFT(P56,1)="L",0,(IF(P56="","",(IF(LEFT(P56,1)>RIGHT(P56,1),2,1))))) -> 2 | L16: =IF(RIGHT(P52,1)="L",0,(IF(P52="","",(IF(RIGHT(P52,1)>LEFT(P52,1),2,1))))) -> 2 | M16: =IF(RIGHT(P69,1)="L",0,(IF(P69="","",(IF(RIGHT(P69,1)>LEFT(P69,1),2,1))))) -> 1 | O16: =IF(RIGHT(P65,1)="L",0,(IF(P65="","",(IF(RIGHT(P65,1)>LEFT(P65,1),2,1))))) -> 1 | P16: =IF(LEFT(P38,1)="L",0,(IF(P38="","",(IF(LEFT(P38,1)>RIGHT(P38,1),2,1))))) | Q16: =IF(LEFT(P62,1)="L",0,(IF(P62="","",(IF(LEFT(P62,1)>RIGHT(P62,1),2,1))))) -> 2 | R16: =IF(RIGHT(P51,1)="L",0,(IF(P51="","",(IF(RIGHT(P51,1)>LEFT(P51,1),2,1))))) | S16: =IF(LEFT(P47,1)="L",0,(IF(P47="","",(IF(LEFT(P47,1)>RIGHT(P47,1),2,1))))) -> 1 | T16: =IF((AND(COUNTIF(J7:J33,">""")>2,COUNTIF(P36:P71,">""")>0)),SUM(K16,L16,M16,N16,O16,P16,Q16,R16,S16),"") -> 9 | U16: =4/5 -> 0.8 | V16: 5
K17: =IF(LEFT(P56,1)="W",$M$4&":0(W)",IF(LEFT(P56,1)="L","0:"&$M$4&"(L)",IF(P56="","",P56))) -> 3:0 | L17: =IF(RIGHT(P52,1)="W",$M$4&":0(W)",IF(RIGHT(P52,1)="L","0:"&$M$4&"(L)",IF(P52="","",RIGHT(P52,1)&":"&LEFT(P52,1)))) -> 3:2 | M17: =IF(RIGHT(P69,1)="W",$M$4&":0(W)",IF(RIGHT(P69,1)="L","0:"&$M$4&"(L)",IF(P69="","",RIGHT(P69,1)&":"&LEFT(P69,1)))) -> 1:3 | O17: =IF(RIGHT(P65,1)="W",$M$4&":0(W)",IF(RIGHT(P65,1)="L","0:"&$M$4&"(L)",IF(P65="","",RIGHT(P65,1)&":"&LEFT(P65,1)))) -> 0:3 | P17: =IF(LEFT(P38,1)="W",$M$4&":0(W)",IF(LEFT(P38,1)="L","0:"&$M$4&"(L)",IF(P38="","",P38))) | Q17: =IF(LEFT(P62,1)="W",$M$4&":0(W)",IF(LEFT(P62,1)="L","0:"&$M$4&"(L)",IF(P62="","",P62))) -> 3:0 | R17: =IF(RIGHT(P51,1)="W",$M$4&":0(W)",IF(RIGHT(P51,1)="L","0:"&$M$4&"(L)",IF(P51="","",RIGHT(P51,1)&":"&LEFT(P51,1)))) | S17: =IF(LEFT(P47,1)="W",$M$4&":0(W)",IF(LEFT(P47,1)="L","0:"&$M$4&"(L)",IF(P47="","",P47))) -> 2:3
K18: =IF(P56="","",IF(Q56="","",Q56)) | L18: =IF(P52="","",IF(Q52="","",REPLACE(SUBSTITUTE(SUBSTITUTE(SUBSTITUTE(SUBSTITUTE(","&Q52,",-","#"),",","-"),"#",","),"-",",-"),1,1,""))) | M18: =IF(P69="","",IF(Q69="","",REPLACE(SUBSTITUTE(SUBSTITUTE(SUBSTITUTE(SUBSTITUTE(","&Q69,",-","#"),",","-"),"#",","),"-",",-"),1,1,""))) | O18: =IF(P65="","",IF(Q65="","",REPLACE(SUBSTITUTE(SUBSTITUTE(SUBSTITUTE(SUBSTITUTE(","&Q65,",-","#"),",","-"),"#",","),"-",",-"),1,1,""))) | P18: =IF(P38="","",IF(Q38="","",Q38)) | Q18: =IF(P62="","",IF(Q62="","",Q62)) | R18: =IF(P51="","",IF(Q51="","",REPLACE(SUBSTITUTE(SUBSTITUTE(SUBSTITUTE(SUBSTITUTE(","&Q51,",-","#"),",","-"),"#",","),"-",",-"),1,1,""))) | S18: =IF(P47="","",IF(Q47="","",Q47))
G19: 5 | J19: Томашев Манат+ | K19: =IF(RIGHT(P53,1)="L",0,(IF(P53="","",(IF(RIGHT(P53,1)>LEFT(P53,1),2,1))))) -> 2 | L19: =IF(RIGHT(P61,1)="L",0,(IF(P61="","",(IF(RIGHT(P61,1)>LEFT(P61,1),2,1))))) -> 1 | M19: =IF(LEFT(P57,1)="L",0,(IF(P57="","",(IF(LEFT(P57,1)>RIGHT(P57,1),2,1))))) -> 2 | N19: =IF(LEFT(P65,1)="L",0,(IF(P65="","",(IF(LEFT(P65,1)>RIGHT(P65,1),2,1))))) -> 2 | P19: =IF(LEFT(P70,1)="L",0,(IF(P70="","",(IF(LEFT(P70,1)>RIGHT(P70,1),2,1))))) | Q19: =IF(RIGHT(P49,1)="L",0,(IF(P49="","",(IF(RIGHT(P49,1)>LEFT(P49,1),2,1))))) -> 2 | R19: =IF(LEFT(P46,1)="L",0,(IF(P46="","",(IF(LEFT(P46,1)>RIGHT(P46,1),2,1))))) | S19: =IF(RIGHT(P43,1)="L",0,(IF(P43="","",(IF(RIGHT(P43,1)>LEFT(P43,1),2,1))))) -> 2 | T19: =IF((AND(COUNTIF(J7:J33,">""")>2,COUNTIF(P36:P71,">""")>0)),SUM(K19,L19,M19,N19,O19,P19,Q19,R19,S19),"") -> 11 | V19: 1
K20: =IF(RIGHT(P53,1)="W",$M$4&":0(W)",IF(RIGHT(P53,1)="L","0:"&$M$4&"(L)",IF(P53="","",RIGHT(P53,1)&":"&LEFT(P53,1)))) -> 3:0 | L20: =IF(RIGHT(P61,1)="W",$M$4&":0(W)",IF(RIGHT(P61,1)="L","0:"&$M$4&"(L)",IF(P61="","",RIGHT(P61,1)&":"&LEFT(P61,1)))) -> 1:3 | M20: =IF(LEFT(P57,1)="W",$M$4&":0(W)",IF(LEFT(P57,1)="L","0:"&$M$4&"(L)",IF(P57="","",P57))) -> 3:1 | N20: =IF(LEFT(P65,1)="W",$M$4&":0(W)",IF(LEFT(P65,1)="L","0:"&$M$4&"(L)",IF(P65="","",P65))) -> 3:0 | P20: =IF(LEFT(P70,1)="W",$M$4&":0(W)",IF(LEFT(P70,1)="L","0:"&$M$4&"(L)",IF(P70="","",P70))) | Q20: =IF(RIGHT(P49,1)="W",$M$4&":0(W)",IF(RIGHT(P49,1)="L","0:"&$M$4&"(L)",IF(P49="","",RIGHT(P49,1)&":"&LEFT(P49,1)))) -> 3:0 | R20: =IF(LEFT(P46,1)="W",$M$4&":0(W)",IF(LEFT(P46,1)="L","0:"&$M$4&"(L)",IF(P46="","",P46))) | S20: =IF(RIGHT(P43,1)="W",$M$4&":0(W)",IF(RIGHT(P43,1)="L","0:"&$M$4&"(L)",IF(P43="","",RIGHT(P43,1)&":"&LEFT(P43,1)))) -> 3:0
K21: =IF(P53="","",IF(Q53="","",REPLACE(SUBSTITUTE(SUBSTITUTE(SUBSTITUTE(SUBSTITUTE(","&Q53,",-","#"),",","-"),"#",","),"-",",-"),1,1,""))) | L21: =IF(P61="","",IF(Q61="","",REPLACE(SUBSTITUTE(SUBSTITUTE(SUBSTITUTE(SUBSTITUTE(","&Q61,",-","#"),",","-"),"#",","),"-",",-"),1,1,""))) | M21: =IF(P57="","",IF(Q57="","",Q57)) | N21: =IF(P65="","",IF(Q65="","",Q65)) | P21: =IF(P70="","",IF(Q70="","",Q70)) | Q21: =IF(P49="","",IF(Q49="","",REPLACE(SUBSTITUTE(SUBSTITUTE(SUBSTITUTE(SUBSTITUTE(","&Q49,",-","#"),",","-"),"#",","),"-",",-"),1,1,""))) | R21: =IF(P46="","",IF(Q46="","",Q46)) | S21: =IF(P43="","",IF(Q43="","",REPLACE(SUBSTITUTE(SUBSTITUTE(SUBSTITUTE(SUBSTITUTE(","&Q43,",-","#"),",","-"),"#",","),"-",",-"),1,1,"")))
B22: 3:0 | G22: 6 | J22: Садвакасов Нурбек | K22: =IF(LEFT(P48,1)="L",0,(IF(P48="","",(IF(LEFT(P48,1)>RIGHT(P48,1),2,1))))) | L22: =IF(RIGHT(P44,1)="L",0,(IF(P44="","",(IF(RIGHT(P44,1)>LEFT(P44,1),2,1))))) | M22: =IF(LEFT(P41,1)="L",0,(IF(P41="","",(IF(LEFT(P41,1)>RIGHT(P41,1),2,1))))) | N22: =IF(RIGHT(P38,1)="L",0,(IF(P38="","",(IF(RIGHT(P38,1)>LEFT(P38,1),2,1))))) | O22: =IF(RIGHT(P70,1)="L",0,(IF(P70="","",(IF(RIGHT(P70,1)>LEFT(P70,1),2,1))))) | Q22: =IF(RIGHT(P66,1)="L",0,(IF(P66="","",(IF(RIGHT(P66,1)>LEFT(P66,1),2,1))))) | R22: =IF(RIGHT(P59,1)="L",0,(IF(P59="","",(IF(RIGHT(P59,1)>LEFT(P59,1),2,1))))) | S22: =IF(LEFT(P63,1)="L",0,(IF(P63="","",(IF(LEFT(P63,1)>RIGHT(P63,1),2,1))))) | T22: =IF((AND(COUNTIF(J7:J33,">""")>2,COUNTIF(P36:P71,">""")>0)),SUM(K22,L22,M22,N22,O22,P22,Q22,R22,S22),"") -> 0 | V22: 8
B23: 3:1 | K23: =IF(LEFT(P48,1)="W",$M$4&":0(W)",IF(LEFT(P48,1)="L","0:"&$M$4&"(L)",IF(P48="","",P48))) | L23: =IF(RIGHT(P44,1)="W",$M$4&":0(W)",IF(RIGHT(P44,1)="L","0:"&$M$4&"(L)",IF(P44="","",RIGHT(P44,1)&":"&LEFT(P44,1)))) | M23: =IF(LEFT(P41,1)="W",$M$4&":0(W)",IF(LEFT(P41,1)="L","0:"&$M$4&"(L)",IF(P41="","",P41))) | N23: =IF(RIGHT(P38,1)="W",$M$4&":0(W)",IF(RIGHT(P38,1)="L","0:"&$M$4&"(L)",IF(P38="","",RIGHT(P38,1)&":"&LEFT(P38,1)))) | O23: =IF(RIGHT(P70,1)="W",$M$4&":0(W)",IF(RIGHT(P70,1)="L","0:"&$M$4&"(L)",IF(P70="","",RIGHT(P70,1)&":"&LEFT(P70,1)))) | Q23: =IF(RIGHT(P66,1)="W",$M$4&":0(W)",IF(RIGHT(P66,1)="L","0:"&$M$4&"(L)",IF(P66="","",RIGHT(P66,1)&":"&LEFT(P66,1)))) | R23: =IF(RIGHT(P59,1)="W",$M$4&":0(W)",IF(RIGHT(P59,1)="L","0:"&$M$4&"(L)",IF(P59="","",RIGHT(P59,1)&":"&LEFT(P59,1)))) | S23: =IF(LEFT(P63,1)="W",$M$4&":0(W)",IF(LEFT(P63,1)="L","0:"&$M$4&"(L)",IF(P63="","",P63)))
B24: 3:2 | K24: =IF(P48="","",IF(Q48="","",Q48)) | L24: =IF(P44="","",IF(Q44="","",REPLACE(SUBSTITUTE(SUBSTITUTE(SUBSTITUTE(SUBSTITUTE(","&Q44,",-","#"),",","-"),"#",","),"-",",-"),1,1,""))) | M24: =IF(P41="","",IF(Q41="","",Q41)) | N24: =IF(P38="","",IF(Q38="","",REPLACE(SUBSTITUTE(SUBSTITUTE(SUBSTITUTE(SUBSTITUTE(","&Q38,",-","#"),",","-"),"#",","),"-",",-"),1,1,""))) | O24: =IF(P70="","",IF(Q70="","",REPLACE(SUBSTITUTE(SUBSTITUTE(SUBSTITUTE(SUBSTITUTE(","&Q70,",-","#"),",","-"),"#",","),"-",",-"),1,1,""))) | Q24: =IF(P66="","",IF(Q66="","",REPLACE(SUBSTITUTE(SUBSTITUTE(SUBSTITUTE(SUBSTITUTE(","&Q66,",-","#"),",","-"),"#",","),"-",",-"),1,1,""))) | R24: =IF(P59="","",IF(Q59="","",REPLACE(SUBSTITUTE(SUBSTITUTE(SUBSTITUTE(SUBSTITUTE(","&Q59,",-","#"),",","-"),"#",","),"-",",-"),1,1,""))) | S24: =IF(P63="","",IF(Q63="","",Q63))
B25: 0:3 | G25: 7 | I25: 3 | J25: Ернурулы Алмас+ | K25: =IF(RIGHT(P45,1)="L",0,(IF(P45="","",(IF(RIGHT(P45,1)>LEFT(P45,1),2,1))))) -> 1 | L25: =IF(LEFT(P40,1)="L",0,(IF(P40="","",(IF(LEFT(P40,1)>RIGHT(P40,1),2,1))))) -> 1 | M25: =IF(RIGHT(P36,1)="L",0,(IF(P36="","",(IF(RIGHT(P36,1)>LEFT(P36,1),2,1))))) -> 1 | N25: =IF(RIGHT(P62,1)="L",0,(IF(P62="","",(IF(RIGHT(P62,1)>LEFT(P62,1),2,1))))) -> 1 | O25: =IF(LEFT(P49,1)="L",0,(IF(P49="","",(IF(LEFT(P49,1)>RIGHT(P49,1),2,1))))) -> 1 | P25: =IF(LEFT(P66,1)="L",0,(IF(P66="","",(IF(LEFT(P66,1)>RIGHT(P66,1),2,1))))) | R25: =IF(LEFT(P71,1)="L",0,(IF(P71="","",(IF(LEFT(P71,1)>RIGHT(P71,1),2,1))))) | S25: =IF(LEFT(P55,1)="L",0,(IF(P55="","",(IF(LEFT(P55,1)>RIGHT(P55,1),2,1))))) -> 1 | T25: =IF((AND(COUNTIF(J7:J33,">""")>2,COUNTIF(P36:P71,">""")>0)),SUM(K25,L25,M25,N25,O25,P25,Q25,R25,S25),"") -> 6 | V25: 7
B26: 1:3 | K26: =IF(RIGHT(P45,1)="W",$M$4&":0(W)",IF(RIGHT(P45,1)="L","0:"&$M$4&"(L)",IF(P45="","",RIGHT(P45,1)&":"&LEFT(P45,1)))) -> 1:3 | L26: =IF(LEFT(P40,1)="W",$M$4&":0(W)",IF(LEFT(P40,1)="L","0:"&$M$4&"(L)",IF(P40="","",P40))) -> 0:3 | M26: =IF(RIGHT(P36,1)="W",$M$4&":0(W)",IF(RIGHT(P36,1)="L","0:"&$M$4&"(L)",IF(P36="","",RIGHT(P36,1)&":"&LEFT(P36,1)))) -> 0:3 | N26: =IF(RIGHT(P62,1)="W",$M$4&":0(W)",IF(RIGHT(P62,1)="L","0:"&$M$4&"(L)",IF(P62="","",RIGHT(P62,1)&":"&LEFT(P62,1)))) -> 0:3 | O26: =IF(LEFT(P49,1)="W",$M$4&":0(W)",IF(LEFT(P49,1)="L","0:"&$M$4&"(L)",IF(P49="","",P49))) -> 0:3 | P26: =IF(LEFT(P66,1)="W",$M$4&":0(W)",IF(LEFT(P66,1)="L","0:"&$M$4&"(L)",IF(P66="","",P66))) | R26: =IF(LEFT(P71,1)="W",$M$4&":0(W)",IF(LEFT(P71,1)="L","0:"&$M$4&"(L)",IF(P71="","",P71))) | S26: =IF(LEFT(P55,1)="W",$M$4&":0(W)",IF(LEFT(P55,1)="L","0:"&$M$4&"(L)",IF(P55="","",P55))) -> 2:3
B27: 2:3 | K27: =IF(P45="","",IF(Q45="","",REPLACE(SUBSTITUTE(SUBSTITUTE(SUBSTITUTE(SUBSTITUTE(","&Q45,",-","#"),",","-"),"#",","),"-",",-"),1,1,""))) | L27: =IF(P40="","",IF(Q40="","",Q40)) | M27: =IF(P36="","",IF(Q36="","",REPLACE(SUBSTITUTE(SUBSTITUTE(SUBSTITUTE(SUBSTITUTE(","&Q36,",-","#"),",","-"),"#",","),"-",",-"),1,1,""))) | N27: =IF(P62="","",IF(Q62="","",REPLACE(SUBSTITUTE(SUBSTITUTE(SUBSTITUTE(SUBSTITUTE(","&Q62,",-","#"),",","-"),"#",","),"-",",-"),1,1,""))) | O27: =IF(P49="","",IF(Q49="","",Q49)) | P27: =IF(P66="","",IF(Q66="","",Q66)) | R27: =IF(P71="","",IF(Q71="","",Q71)) | S27: =IF(P55="","",IF(Q55="","",Q55))
B28: W:L | G28: 8 | I28: 7 | J28: Утеулов Алиби | K28: =IF(LEFT(P42,1)="L",0,(IF(P42="","",(IF(LEFT(P42,1)>RIGHT(P42,1),2,1))))) | L28: =IF(RIGHT(P37,1)="L",0,(IF(P37="","",(IF(RIGHT(P37,1)>LEFT(P37,1),2,1))))) | M28: =IF(RIGHT(P54,1)="L",0,(IF(P54="","",(IF(RIGHT(P54,1)>LEFT(P54,1),2,1))))) | N28: =IF(LEFT(P51,1)="L",0,(IF(P51="","",(IF(LEFT(P51,1)>RIGHT(P51,1),2,1))))) | O28: =IF(RIGHT(P46,1)="L",0,(IF(P46="","",(IF(RIGHT(P46,1)>LEFT(P46,1),2,1))))) | P28: =IF(LEFT(P59,1)="L",0,(IF(P59="","",(IF(LEFT(P59,1)>RIGHT(P59,1),2,1))))) | Q28: =IF(RIGHT(P71,1)="L",0,(IF(P71="","",(IF(RIGHT(P71,1)>LEFT(P71,1),2,1))))) | S28: =IF(RIGHT(P67,1)="L",0,(IF(P67="","",(IF(RIGHT(P67,1)>LEFT(P67,1),2,1))))) | T28: =IF((AND(COUNTIF(J7:J33,">""")>2,COUNTIF(P36:P71,">""")>0)),SUM(K28,L28,M28,N28,O28,P28,Q28,R28,S28),"") -> 0 | V28: 9
B29: L:W | K29: =IF(LEFT(P42,1)="W",$M$4&":0(W)",IF(LEFT(P42,1)="L","0:"&$M$4&"(L)",IF(P42="","",P42))) | L29: =IF(RIGHT(P37,1)="W",$M$4&":0(W)",IF(RIGHT(P37,1)="L","0:"&$M$4&"(L)",IF(P37="","",RIGHT(P37,1)&":"&LEFT(P37,1)))) | M29: =IF(RIGHT(P54,1)="W",$M$4&":0(W)",IF(RIGHT(P54,1)="L","0:"&$M$4&"(L)",IF(P54="","",RIGHT(P54,1)&":"&LEFT(P54,1)))) | N29: =IF(LEFT(P51,1)="W",$M$4&":0(W)",IF(LEFT(P51,1)="L","0:"&$M$4&"(L)",IF(P51="","",P51))) | O29: =IF(RIGHT(P46,1)="W",$M$4&":0(W)",IF(RIGHT(P46,1)="L","0:"&$M$4&"(L)",IF(P46="","",RIGHT(P46,1)&":"&LEFT(P46,1)))) | P29: =IF(LEFT(P59,1)="W",$M$4&":0(W)",IF(LEFT(P59,1)="L","0:"&$M$4&"(L)",IF(P59="","",P59))) | Q29: =IF(RIGHT(P71,1)="W",$M$4&":0(W)",IF(RIGHT(P71,1)="L","0:"&$M$4&"(L)",IF(P71="","",RIGHT(P71,1)&":"&LEFT(P71,1)))) | S29: =IF(RIGHT(P67,1)="W",$M$4&":0(W)",IF(RIGHT(P67,1)="L","0:"&$M$4&"(L)",IF(P67="","",RIGHT(P67,1)&":"&LEFT(P67,1))))
B30: 2:0 | K30: =IF(P42="","",IF(Q42="","",Q42)) | L30: =IF(P37="","",IF(Q37="","",REPLACE(SUBSTITUTE(SUBSTITUTE(SUBSTITUTE(SUBSTITUTE(","&Q37,",-","#"),",","-"),"#",","),"-",",-"),1,1,""))) | M30: =IF(P54="","",IF(Q54="","",REPLACE(SUBSTITUTE(SUBSTITUTE(SUBSTITUTE(SUBSTITUTE(","&Q54,",-","#"),",","-"),"#",","),"-",",-"),1,1,""))) | N30: =IF(P51="","",IF(Q51="","",Q51)) | O30: =IF(P46="","",IF(Q46="","",REPLACE(SUBSTITUTE(SUBSTITUTE(SUBSTITUTE(SUBSTITUTE(","&Q46,",-","#"),",","-"),"#",","),"-",",-"),1,1,""))) | P30: =IF(P59="","",IF(Q59="","",Q59)) | Q30: =IF(P71="","",IF(Q71="","",REPLACE(SUBSTITUTE(SUBSTITUTE(SUBSTITUTE(SUBSTITUTE(","&Q71,",-","#"),",","-"),"#",","),"-",",-"),1,1,""))) | S30: =IF(P67="","",IF(Q67="","",REPLACE(SUBSTITUTE(SUBSTITUTE(SUBSTITUTE(SUBSTITUTE(","&Q67,",-","#"),",","-"),"#",","),"-",",-"),1,1,"")))
B31: 2:1 | G31: 9 | J31: Утешев Ахметгали+ | K31: =IF(RIGHT(P39,1)="L",0,(IF(P39="","",(IF(RIGHT(P39,1)>LEFT(P39,1),2,1))))) -> 2 | L31: =IF(LEFT(P58,1)="L",0,(IF(P58="","",(IF(LEFT(P58,1)>RIGHT(P58,1),2,1))))) -> 2 | M31: =IF(LEFT(P50,1)="L",0,(IF(P50="","",(IF(LEFT(P50,1)>RIGHT(P50,1),2,1))))) -> 2 | N31: =IF(RIGHT(P47,1)="L",0,(IF(P47="","",(IF(RIGHT(P47,1)>LEFT(P47,1),2,1))))) -> 2 | O31: =IF(LEFT(P43,1)="L",0,(IF(P43="","",(IF(LEFT(P43,1)>RIGHT(P43,1),2,1))))) -> 1 | P31: =IF(RIGHT(P63,1)="L",0,(IF(P63="","",(IF(RIGHT(P63,1)>LEFT(P63,1),2,1))))) | Q31: =IF(RIGHT(P55,1)="L",0,(IF(P55="","",(IF(RIGHT(P55,1)>LEFT(P55,1),2,1))))) -> 2 | R31: =IF(LEFT(P67,1)="L",0,(IF(P67="","",(IF(LEFT(P67,1)>RIGHT(P67,1),2,1))))) | T31: =IF((AND(COUNTIF(J7:J33,">""")>2,COUNTIF(P36:P71,">""")>0)),SUM(K31,L31,M31,N31,O31,P31,Q31,R31,S31),"") -> 11 | V31: 2
B32: 1:2 | K32: =IF(RIGHT(P39,1)="W",$M$4&":0(W)",IF(RIGHT(P39,1)="L","0:"&$M$4&"(L)",IF(P39="","",RIGHT(P39,1)&":"&LEFT(P39,1)))) -> 3:0 | L32: =IF(LEFT(P58,1)="W",$M$4&":0(W)",IF(LEFT(P58,1)="L","0:"&$M$4&"(L)",IF(P58="","",P58))) -> 3:2 | M32: =IF(LEFT(P50,1)="W",$M$4&":0(W)",IF(LEFT(P50,1)="L","0:"&$M$4&"(L)",IF(P50="","",P50))) -> 3:2 | N32: =IF(RIGHT(P47,1)="W",$M$4&":0(W)",IF(RIGHT(P47,1)="L","0:"&$M$4&"(L)",IF(P47="","",RIGHT(P47,1)&":"&LEFT(P47,1)))) -> 3:2 | O32: =IF(LEFT(P43,1)="W",$M$4&":0(W)",IF(LEFT(P43,1)="L","0:"&$M$4&"(L)",IF(P43="","",P43))) -> 0:3 | P32: =IF(RIGHT(P63,1)="W",$M$4&":0(W)",IF(RIGHT(P63,1)="L","0:"&$M$4&"(L)",IF(P63="","",RIGHT(P63,1)&":"&LEFT(P63,1)))) | Q32: =IF(RIGHT(P55,1)="W",$M$4&":0(W)",IF(RIGHT(P55,1)="L","0:"&$M$4&"(L)",IF(P55="","",RIGHT(P55,1)&":"&LEFT(P55,1)))) -> 3:2 | R32: =IF(LEFT(P67,1)="W",$M$4&":0(W)",IF(LEFT(P67,1)="L","0:"&$M$4&"(L)",IF(P67="","",P67)))
B33: 0:2 | K33: =IF(P39="","",IF(Q39="","",REPLACE(SUBSTITUTE(SUBSTITUTE(SUBSTITUTE(SUBSTITUTE(","&Q39,",-","#"),",","-"),"#",","),"-",",-"),1,1,""))) | L33: =IF(P58="","",IF(Q58="","",Q58)) | M33: =IF(P50="","",IF(Q50="","",Q50)) | N33: =IF(P47="","",IF(Q47="","",REPLACE(SUBSTITUTE(SUBSTITUTE(SUBSTITUTE(SUBSTITUTE(","&Q47,",-","#"),",","-"),"#",","),"-",",-"),1,1,""))) | O33: =IF(P43="","",IF(Q43="","",Q43)) | P33: =IF(P63="","",IF(Q63="","",REPLACE(SUBSTITUTE(SUBSTITUTE(SUBSTITUTE(SUBSTITUTE(","&Q63,",-","#"),",","-"),"#",","),"-",",-"),1,1,""))) | Q33: =IF(P55="","",IF(Q55="","",REPLACE(SUBSTITUTE(SUBSTITUTE(SUBSTITUTE(SUBSTITUTE(","&Q55,",-","#"),",","-"),"#",","),"-",",-"),1,1,""))) | R33: =IF(P67="","",IF(Q67="","",Q67))
B34: 4:0
B35: 4:1 | I35: ю | P35: счет по сетам | Q35: мячи
B36: 4:2 | G36: 1 круг | I36: 24 | J36: =IF(А6_2!Уч3="","",А6_2!Уч3) -> Ахметов Саят+ | K36: ="-" -> - | L36: =IF(А6_2!Уч7="","",А6_2!Уч7) -> Ернурулы Алмас+ | P36: 3:0 | S36: =IF(AND(I36<>"",P36=""),"встреча играется",IF(P36<>"","сыграна","")) -> сыграна
B37: 4:3 | J37: =IF(А6_2!Уч2="","",А6_2!Уч2) -> Доминов Амир+ | K37: ="-" -> - | L37: =IF(А6_2!Уч8="","",А6_2!Уч8) -> Утеулов Алиби | S37: =IF(AND(I37<>"",P37=""),"встреча играется",IF(P37<>"","сыграна",""))
B38: 0:4 | J38: =IF(А6_2!Уч4="","",А6_2!Уч4) -> Абжанова Алия+ | K38: ="-" -> - | L38: =IF(А6_2!Уч6="","",А6_2!Уч6) -> Садвакасов Нурбек | S38: =IF(AND(I38<>"",P38=""),"встреча играется",IF(P38<>"","сыграна",""))
B39: 1:4 | I39: 25 | J39: =IF(А6_2!Уч1="","",А6_2!Уч1) -> Усин Фархат+ | K39: ="-" -> - | L39: =IF(А6_2!Уч9="","",А6_2!Уч9) -> Утешев Ахметгали+ | P39: 0:3 | S39: =IF(AND(I39<>"",P39=""),"встреча играется",IF(P39<>"","сыграна","")) -> сыграна
B40: 2:4 | G40: 2 круг | I40: 24 | J40: =IF(А6_2!Уч7="","",А6_2!Уч7) -> Ернурулы Алмас+ | K40: ="-" -> - | L40: =IF(А6_2!Уч2="","",А6_2!Уч2) -> Доминов Амир+ | P40: 0:3 | S40: =IF(AND(I40<>"",P40=""),"встреча играется",IF(P40<>"","сыграна","")) -> сыграна
B41: 3:4 | J41: =IF(А6_2!Уч6="","",А6_2!Уч6) -> Садвакасов Нурбек | K41: ="-" -> - | L41: =IF(А6_2!Уч3="","",А6_2!Уч3) -> Ахметов Саят+ | S41: =IF(AND(I41<>"",P41=""),"встреча играется",IF(P41<>"","сыграна",""))
J42: =IF(А6_2!Уч8="","",А6_2!Уч8) -> Утеулов Алиби | K42: ="-" -> - | L42: =IF(А6_2!Уч1="","",А6_2!Уч1) -> Усин Фархат+ | S42: =IF(AND(I42<>"",P42=""),"встреча играется",IF(P42<>"","сыграна",""))
I43: 24 | J43: =IF(А6_2!Уч9="","",А6_2!Уч9) -> Утешев Ахметгали+ | K43: ="-" -> - | L43: =IF(А6_2!Уч5="","",А6_2!Уч5) -> Томашев Манат+ | P43: 0:3 | S43: =IF(AND(I43<>"",P43=""),"встреча играется",IF(P43<>"","сыграна","")) -> сыграна
G44: 3 круг | J44: =IF(А6_2!Уч2="","",А6_2!Уч2) -> Доминов Амир+ | K44: ="-" -> - | L44: =IF(А6_2!Уч6="","",А6_2!Уч6) -> Садвакасов Нурбек | S44: =IF(AND(I44<>"",P44=""),"встреча играется",IF(P44<>"","сыграна",""))
I45: 25 | J45: =IF(А6_2!Уч1="","",А6_2!Уч1) -> Усин Фархат+ | K45: ="-" -> - | L45: =IF(А6_2!Уч7="","",А6_2!Уч7) -> Ернурулы Алмас+ | P45: 3:1 | S45: =IF(AND(I45<>"",P45=""),"встреча играется",IF(P45<>"","сыграна","")) -> сыграна
J46: =IF(А6_2!Уч5="","",А6_2!Уч5) -> Томашев Манат+ | K46: ="-" -> - | L46: =IF(А6_2!Уч8="","",А6_2!Уч8) -> Утеулов Алиби | S46: =IF(AND(I46<>"",P46=""),"встреча играется",IF(P46<>"","сыграна",""))
J47: =IF(А6_2!Уч4="","",А6_2!Уч4) -> Абжанова Алия+ | K47: ="-" -> - | L47: =IF(А6_2!Уч9="","",А6_2!Уч9) -> Утешев Ахметгали+ | P47: 2:3 | S47: =IF(AND(I47<>"",P47=""),"встреча играется",IF(P47<>"","сыграна","")) -> сыграна
G48: 4 круг | J48: =IF(А6_2!Уч6="","",А6_2!Уч6) -> Садвакасов Нурбек | K48: ="-" -> - | L48: =IF(А6_2!Уч1="","",А6_2!Уч1) -> Усин Фархат+ | S48: =IF(AND(I48<>"",P48=""),"встреча играется",IF(P48<>"","сыграна",""))
I49: 30 | J49: =IF(А6_2!Уч7="","",А6_2!Уч7) -> Ернурулы Алмас+ | K49: ="-" -> - | L49: =IF(А6_2!Уч5="","",А6_2!Уч5) -> Томашев Манат+ | P49: 0:3 | S49: =IF(AND(I49<>"",P49=""),"встреча играется",IF(P49<>"","сыграна","")) -> сыграна
I50: 22 | J50: =IF(А6_2!Уч9="","",А6_2!Уч9) -> Утешев Ахметгали+ | K50: ="-" -> - | L50: =IF(А6_2!Уч3="","",А6_2!Уч3) -> Ахметов Саят+ | P50: 3:2 | S50: =IF(AND(I50<>"",P50=""),"встреча играется",IF(P50<>"","сыграна","")) -> сыграна
