Workbook
Name Group_A1: А1!$J$6:$U$30
Name Group_A2: А2!$J$6:$U$30
Name Group_A3: А3!$J$6:$U$30
Name Group_A4: А4!$J$6:$U$30
Name Group_A5: А5!$J$6:$U$30
Name Group_A6: А6!$J$6:$U$30
Name Group_A7: А7!$J$6:$U$30
Name Group_A8: А8!$J$6:$U$30
Name Group_B1: 'B1'!$J$6:$U$30
Name Group_B2: 'B2'!$J$6:$U$30
Name Group_B3: В3_2!$J$6:$V$33
Name Group_B4: 'B4'!$J$6:$U$30
Name Group_B5: 'B5'!$J$6:$U$30
Name Group_B6: 'B6'!$J$6:$U$30
Name Group_B7: 'B7'!$J$6:$U$30
Name Group_B8: 'B8'!$J$6:$U$30
Name Group_C1: С1!$J$6:$U$30
Name Group_C2: 'C2_2'!$J$6:$V$33
Name Group_C3: 'C3_2'!$J$6:$V$33
Name Group_C4: 'C4_2'!$J$6:$V$33
Name Group_C5: 'C5_2'!$J$6:$V$33
Name Group_C6: 'C6_2'!$J$6:$V$33
Name Group_C7: 'C7_2'!$J$6:$V$33
Name Group_C8: 'C8_2'!$J$6:$V$33
Name Group_D1: D1_2!$J$6:$V$33
Name Group_D2: D2_2!$J$6:$V$33
Name Group_D3: D3_2!$J$6:$V$33
Name Group_D4: D4_2!$J$6:$V$33
Name Group_D5: D5_2!$J$6:$V$33
Name Group_D6: D6_2!$J$6:$V$33
Name Group_D7: D7_2!$J$6:$V$33
Name Group_D8: D8_2!$J$6:$V$33
Name Group_E1: 'E1'!$J$6:$U$30
Name Group_E2: 'E2'!$J$6:$U$30
Name Group_E3: 'E3'!$J$6:$U$30
Name Group_E4: 'E4'!$J$6:$U$30
Name Group_E5: 'E5'!$J$6:$U$30
Name Group_E6: 'E6'!$J$6:$U$30
Name Group_E7: 'E7'!$J$6:$U$30
Name Group_E8: 'E8'!$J$6:$U$30
Name Super: Суперлига!$J$6:$U$30
Name Игрок1: 'B1'!$D$7
Name Игрок1: 'B2'!$D$7
Name Игрок1: 'B3'!$D$7
Name Игрок1: 'B4'!$D$7
Name Игрок1: 'B5'!$D$7
Name Игрок1: 'B6'!$D$7
Name Игрок1: 'B7'!$D$7
Name Игрок1: 'B8'!$D$7
Name Игрок1: 'C2_2'!$D$7
Name Игрок1: 'C3_2'!$D$7
Name Игрок1: 'C4_2'!$D$7
Name Игрок1: 'C5_2'!$D$7
Name Игрок1: 'C6_2'!$D$7
Name Игрок1: 'C7_2'!$D$7
Name Игрок1: 'C8_2'!$D$7
Name Игрок1: 'D1'!$D$7
Name Игрок1: D1_2!$D$7
Name Игрок1: 'D2'!$D$7
Name Игрок1: D2_2!$D$7

Sheet Суперлига
D1: Турнир Открытое первенство города Астана (лиги) | K1: Дата: | L1: 46033
K4: матчи до | M4: 3 | N4: побед
C5: =IF(COUNTIF(D7:D14,"")>0,1,0) -> 0 | E5: =IF((COUNTIF(L33:R60,">""")+COUNTIF(T7:U30,">"""))>0,1,0) -> 1
C6: № | D6: Участники турнира | E6: Рейтинг | G6: № | H6: Разряд | I6: R | J6: Фамилия Имя | K6: 1 | L6: 2 | M6: 3 | N6: 4 | O6: 5 | P6: 6 | Q6: 7 | R6: 8 | S6: Очки | T6: Соотн. | U6: Место
C7: 1 | D7: Гилязов Роман | G7: 1 | H7: КМС | I7: 41 | J7: Гилязов Роман+ | L7: =IF(LEFT(P57,1)="L",0,(IF(P57="","",(IF(LEFT(P57,1)>RIGHT(P57,1),2,1))))) -> 2 | M7: =IF(LEFT(P49,1)="L",0,(IF(P49="","",(IF(LEFT(P49,1)>RIGHT(P49,1),2,1))))) -> 2 | N7: =IF(RIGHT(P53,1)="L",0,(IF(P53="","",(IF(RIGHT(P53,1)>LEFT(P53,1),2,1))))) -> 2 | O7: =IF(LEFT(P41,1)="L",0,(IF(P41="","",(IF(LEFT(P41,1)>RIGHT(P41,1),2,1))))) -> 2 | P7: =IF(RIGHT(P38,1)="L",0,(IF(P38="","",(IF(RIGHT(P38,1)>LEFT(P38,1),2,1))))) -> 2 | Q7: =IF(LEFT(P35,1)="L",0,(IF(P35="","",(IF(LEFT(P35,1)>RIGHT(P35,1),2,1))))) | R7: =IF(RIGHT(P45,1)="L",0,(IF(P45="","",(IF(RIGHT(P45,1)>LEFT(P45,1),2,1))))) -> 2 | S7: =IF((AND(COUNTIF(J7:J30,">""")>2,COUNTIF(P33:P60,">""")>0)),SUM(K7,L7,M7,N7,O7,P7,Q7,R7),"") -> 12 | U7: 1
C8: 2 | D8: Сереке Султан | L8: =IF(LEFT(P57,1)="W",$M$4&":0(W)",IF(LEFT(P57,1)="L","0:"&$M$4&"(L)",IF(P57="","",P57))) -> 3:0 | M8: =IF(LEFT(P49,1)="W",$M$4&":0(W)",IF(LEFT(P49,1)="L","0:"&$M$4&"(L)",IF(P49="","",P49))) -> 3:0 | N8: =IF(RIGHT(P53,1)="W",$M$4&":0(W)",IF(RIGHT(P53,1)="L","0:"&$M$4&"(L)",IF(P53="","",RIGHT(P53,1)&":"&LEFT(P53,1)))) -> 3:0 | O8: =IF(LEFT(P41,1)="W",$M$4&":0(W)",IF(LEFT(P41,1)="L","0:"&$M$4&"(L)",IF(P41="","",P41))) -> 3:2 | P8: =IF(RIGHT(P38,1)="W",$M$4&":0(W)",IF(RIGHT(P38,1)="L","0:"&$M$4&"(L)",IF(P38="","",RIGHT(P38,1)&":"&LEFT(P38,1)))) -> 3:1 | Q8: =IF(LEFT(P35,1)="W",$M$4&":0(W)",IF(LEFT(P35,1)="L","0:"&$M$4&"(L)",IF(P35="","",P35))) | R8: =IF(RIGHT(P45,1)="W",$M$4&":0(W)",IF(RIGHT(P45,1)="L","0:"&$M$4&"(L)",IF(P45="","",RIGHT(P45,1)&":"&LEFT(P45,1)))) -> 3:1
C9: 3 | D9: Болдырев Андрей | L9: =IF(P57="","",IF(Q57="","",Q57)) | M9: =IF(P49="","",IF(Q49="","",Q49)) | N9: =IF(P53="","",IF(Q53="","",REPLACE(SUBSTITUTE(SUBSTITUTE(SUBSTITUTE(SUBSTITUTE(","&Q53,",-","#"),",","-"),"#",","),"-",",-"),1,1,""))) | O9: =IF(P41="","",IF(Q41="","",Q41)) | P9: =IF(P38="","",IF(Q38="","",REPLACE(SUBSTITUTE(SUBSTITUTE(SUBSTITUTE(SUBSTITUTE(","&Q38,",-","#"),",","-"),"#",","),"-",",-"),1,1,""))) | Q9: =IF(P35="","",IF(Q35="","",Q35)) | R9: =IF(P45="","",IF(Q45="","",REPLACE(SUBSTITUTE(SUBSTITUTE(SUBSTITUTE(SUBSTITUTE(","&Q45,",-","#"),",","-"),"#",","),"-",",-"),1,1,"")))
C10: 4 | D10: Кауымбаев Адилет | G10: 2 | H10: КМС | I10: 28 | J10: Сереке Султан+ | K10: =IF(RIGHT(P57,1)="L",0,(IF(P57="","",(IF(RIGHT(P57,1)>LEFT(P57,1),2,1))))) -> 1 | M10: =IF(RIGHT(P54,1)="L",0,(IF(P54="","",(IF(RIGHT(P54,1)>LEFT(P54,1),2,1))))) -> 2 | N10: =IF(LEFT(P50,1)="L",0,(IF(P50="","",(IF(LEFT(P50,1)>RIGHT(P50,1),2,1))))) -> 2 | O10: =IF(RIGHT(P37,1)="L",0,(IF(P37="","",(IF(RIGHT(P37,1)>LEFT(P37,1),2,1))))) -> 1 | P10: =IF(LEFT(P33,1)="L",0,(IF(P33="","",(IF(LEFT(P33,1)>RIGHT(P33,1),2,1))))) -> 2 | Q10: =IF(RIGHT(P47,1)="L",0,(IF(P47="","",(IF(RIGHT(P47,1)>LEFT(P47,1),2,1))))) | R10: =IF(LEFT(P42,1)="L",0,(IF(P42="","",(IF(LEFT(P42,1)>RIGHT(P42,1),2,1))))) -> 2 | S10: =IF((AND(COUNTIF(J7:J30,">""")>2,COUNTIF(P33:P60,">""")>0)),SUM(K10,L10,M10,N10,O10,P10,Q10,R10),"") -> 10 | U10: 2
C11: 5 | D11: Забанов Филипп | K11: =IF(RIGHT(P57,1)="W",$M$4&":0(W)",IF(RIGHT(P57,1)="L","0:"&$M$4&"(L)",IF(P57="","",RIGHT(P57,1)&":"&LEFT(P57,1)))) -> 0:3 | M11: =IF(RIGHT(P54,1)="W",$M$4&":0(W)",IF(RIGHT(P54,1)="L","0:"&$M$4&"(L)",IF(P54="","",RIGHT(P54,1)&":"&LEFT(P54,1)))) -> 3:0 | N11: =IF(LEFT(P50,1)="W",$M$4&":0(W)",IF(LEFT(P50,1)="L","0:"&$M$4&"(L)",IF(P50="","",P50))) -> 3:1 | O11: =IF(RIGHT(P37,1)="W",$M$4&":0(W)",IF(RIGHT(P37,1)="L","0:"&$M$4&"(L)",IF(P37="","",RIGHT(P37,1)&":"&LEFT(P37,1)))) -> 1:3 | P11: =IF(LEFT(P33,1)="W",$M$4&":0(W)",IF(LEFT(P33,1)="L","0:"&$M$4&"(L)",IF(P33="","",P33))) -> 3:2 | Q11: =IF(RIGHT(P47,1)="W",$M$4&":0(W)",IF(RIGHT(P47,1)="L","0:"&$M$4&"(L)",IF(P47="","",RIGHT(P47,1)&":"&LEFT(P47,1)))) | R11: =IF(LEFT(P42,1)="W",$M$4&":0(W)",IF(LEFT(P42,1)="L","0:"&$M$4&"(L)",IF(P42="","",P42))) -> 3:0
C12: 6 | D12: Биятов Ахметбек | K12: =IF(P57="","",IF(Q57="","",REPLACE(SUBSTITUTE(SUBSTITUTE(SUBSTITUTE(SUBSTITUTE(","&Q57,",-","#"),",","-"),"#",","),"-",",-"),1,1,""))) | M12: =IF(P54="","",IF(Q54="","",REPLACE(SUBSTITUTE(SUBSTITUTE(SUBSTITUTE(SUBSTITUTE(","&Q54,",-","#"),",","-"),"#",","),"-",",-"),1,1,""))) | N12: =IF(P50="","",IF(Q50="","",Q50)) | O12: =IF(P37="","",IF(Q37="","",REPLACE(SUBSTITUTE(SUBSTITUTE(SUBSTITUTE(SUBSTITUTE(","&Q37,",-","#"),",","-"),"#",","),"-",",-"),1,1,""))) | P12: =IF(P33="","",IF(Q33="","",Q33)) | Q12: =IF(P47="","",IF(Q47="","",REPLACE(SUBSTITUTE(SUBSTITUTE(SUBSTITUTE(SUBSTITUTE(","&Q47,",-","#"),",","-"),"#",","),"-",",-"),1,1,""))) | R12: =IF(P42="","",IF(Q42="","",Q42))
C13: 7 | D13: Бекназаров Ермек | G13: 3 | I13: 30 | J13: Болдырев Андрей+ | K13: =IF(RIGHT(P49,1)="L",0,(IF(P49="","",(IF(RIGHT(P49,1)>LEFT(P49,1),2,1))))) -> 1 | L13: =IF(LEFT(P54,1)="L",0,(IF(P54="","",(IF(LEFT(P54,1)>RIGHT(P54,1),2,1))))) -> 1 | N13: =IF(LEFT(P58,1)="L",0,(IF(P58="","",(IF(LEFT(P58,1)>RIGHT(P58,1),2,1))))) -> 2 | O13: =IF(LEFT(P34,1)="L",0,(IF(P34="","",(IF(LEFT(P34,1)>RIGHT(P34,1),2,1))))) -> 1 | P13: =IF(RIGHT(P48,1)="L",0,(IF(P48="","",(IF(RIGHT(P48,1)>LEFT(P48,1),2,1))))) -> 1 | Q13: =IF(LEFT(P44,1)="L",0,(IF(P44="","",(IF(LEFT(P44,1)>RIGHT(P44,1),2,1))))) | R13: =IF(RIGHT(P39,1)="L",0,(IF(P39="","",(IF(RIGHT(P39,1)>LEFT(P39,1),2,1))))) -> 2 | S13: =IF((AND(COUNTIF(J7:J30,">""")>2,COUNTIF(P33:P60,">""")>0)),SUM(K13,L13,M13,N13,O13,P13,Q13,R13),"") -> 8 | T13: =5/6 -> 0.83333333 | U13: 7
C14: 8 | D14: Герасименко Геннадий | K14: =IF(RIGHT(P49,1)="W",$M$4&":0(W)",IF(RIGHT(P49,1)="L","0:"&$M$4&"(L)",IF(P49="","",RIGHT(P49,1)&":"&LEFT(P49,1)))) -> 0:3 | L14: =IF(LEFT(P54,1)="W",$M$4&":0(W)",IF(LEFT(P54,1)="L","0:"&$M$4&"(L)",IF(P54="","",P54))) -> 0:3 | N14: =IF(LEFT(P58,1)="W",$M$4&":0(W)",IF(LEFT(P58,1)="L","0:"&$M$4&"(L)",IF(P58="","",P58))) -> 3:0 | O14: =IF(LEFT(P34,1)="W",$M$4&":0(W)",IF(LEFT(P34,1)="L","0:"&$M$4&"(L)",IF(P34="","",P34))) -> 0:3 | P14: =IF(RIGHT(P48,1)="W",$M$4&":0(W)",IF(RIGHT(P48,1)="L","0:"&$M$4&"(L)",IF(P48="","",RIGHT(P48,1)&":"&LEFT(P48,1)))) -> 2:3 | Q14: =IF(LEFT(P44,1)="W",$M$4&":0(W)",IF(LEFT(P44,1)="L","0:"&$M$4&"(L)",IF(P44="","",P44))) | R14: =IF(RIGHT(P39,1)="W",$M$4&":0(W)",IF(RIGHT(P39,1)="L","0:"&$M$4&"(L)",IF(P39="","",RIGHT(P39,1)&":"&LEFT(P39,1)))) -> 3:0
K15: =IF(P49="","",IF(Q49="","",REPLACE(SUBSTITUTE(SUBSTITUTE(SUBSTITUTE(SUBSTITUTE(","&Q49,",-","#"),",","-"),"#",","),"-",",-"),1,1,""))) | L15: =IF(P54="","",IF(Q54="","",Q54)) | N15: =IF(P58="","",IF(Q58="","",Q58)) | O15: =IF(P34="","",IF(Q34="","",Q34)) | P15: =IF(P48="","",IF(Q48="","",REPLACE(SUBSTITUTE(SUBSTITUTE(SUBSTITUTE(SUBSTITUTE(","&Q48,",-","#"),",","-"),"#",","),"-",",-"),1,1,""))) | Q15: =IF(P44="","",IF(Q44="","",Q44)) | R15: =IF(P39="","",IF(Q39="","",REPLACE(SUBSTITUTE(SUBSTITUTE(SUBSTITUTE(SUBSTITUTE(","&Q39,",-","#"),",","-"),"#",","),"-",",-"),1,1,"")))
G16: 4 | H16: КМС | I16: 29 | J16: Кауымбаев Адилет+ | K16: =IF(LEFT(P53,1)="L",0,(IF(P53="","",(IF(LEFT(P53,1)>RIGHT(P53,1),2,1))))) -> 1 | L16: =IF(RIGHT(P50,1)="L",0,(IF(P50="","",(IF(RIGHT(P50,1)>LEFT(P50,1),2,1))))) -> 1 | M16: =IF(RIGHT(P58,1)="L",0,(IF(P58="","",(IF(RIGHT(P58,1)>LEFT(P58,1),2,1))))) -> 1 | O16: =IF(RIGHT(P46,1)="L",0,(IF(P46="","",(IF(RIGHT(P46,1)>LEFT(P46,1),2,1))))) -> 2 | P16: =IF(LEFT(P43,1)="L",0,(IF(P43="","",(IF(LEFT(P43,1)>RIGHT(P43,1),2,1))))) -> 2 | Q16: =IF(RIGHT(P40,1)="L",0,(IF(P40="","",(IF(RIGHT(P40,1)>LEFT(P40,1),2,1))))) | R16: =IF(LEFT(P36,1)="L",0,(IF(P36="","",(IF(LEFT(P36,1)>RIGHT(P36,1),2,1))))) -> 2 | S16: =IF((AND(COUNTIF(J7:J30,">""")>2,COUNTIF(P33:P60,">""")>0)),SUM(K16,L16,M16,N16,O16,P16,Q16,R16),"") -> 9 | U16: 3
K17: =IF(LEFT(P53,1)="W",$M$4&":0(W)",IF(LEFT(P53,1)="L","0:"&$M$4&"(L)",IF(P53="","",P53))) -> 0:3 | L17: =IF(RIGHT(P50,1)="W",$M$4&":0(W)",IF(RIGHT(P50,1)="L","0:"&$M$4&"(L)",IF(P50="","",RIGHT(P50,1)&":"&LEFT(P50,1)))) -> 1:3 | M17: =IF(RIGHT(P58,1)="W",$M$4&":0(W)",IF(RIGHT(P58,1)="L","0:"&$M$4&"(L)",IF(P58="","",RIGHT(P58,1)&":"&LEFT(P58,1)))) -> 0:3 | O17: =IF(RIGHT(P46,1)="W",$M$4&":0(W)",IF(RIGHT(P46,1)="L","0:"&$M$4&"(L)",IF(P46="","",RIGHT(P46,1)&":"&LEFT(P46,1)))) -> 3:2 | P17: =IF(LEFT(P43,1)="W",$M$4&":0(W)",IF(LEFT(P43,1)="L","0:"&$M$4&"(L)",IF(P43="","",P43))) -> 3:1 | Q17: =IF(RIGHT(P40,1)="W",$M$4&":0(W)",IF(RIGHT(P40,1)="L","0:"&$M$4&"(L)",IF(P40="","",RIGHT(P40,1)&":"&LEFT(P40,1)))) | R17: =IF(LEFT(P36,1)="W",$M$4&":0(W)",IF(LEFT(P36,1)="L","0:"&$M$4&"(L)",IF(P36="","",P36))) -> 3:1
K18: =IF(P53="","",IF(Q53="","",Q53)) | L18: =IF(P50="","",IF(Q50="","",REPLACE(SUBSTITUTE(SUBSTITUTE(SUBSTITUTE(SUBSTITUTE(","&Q50,",-","#"),",","-"),"#",","),"-",",-"),1,1,""))) | M18: =IF(P58="","",IF(Q58="","",REPLACE(SUBSTITUTE(SUBSTITUTE(SUBSTITUTE(SUBSTITUTE(","&Q58,",-","#"),",","-"),"#",","),"-",",-"),1,1,""))) | O18: =IF(P46="","",IF(Q46="","",REPLACE(SUBSTITUTE(SUBSTITUTE(SUBSTITUTE(SUBSTITUTE(","&Q46,",-","#"),",","-"),"#",","),"-",",-"),1,1,""))) | P18: =IF(P43="","",IF(Q43="","",Q43)) | Q18: =IF(P40="","",IF(Q40="","",REPLACE(SUBSTITUTE(SUBSTITUTE(SUBSTITUTE(SUBSTITUTE(","&Q40,",-","#"),",","-"),"#",","),"-",",-"),1,1,""))) | R18: =IF(P36="","",IF(Q36="","",Q36))
G19: 5 | H19: КМС | I19: 26 | J19: Забанов Филипп+ | K19: =IF(RIGHT(P41,1)="L",0,(IF(P41="","",(IF(RIGHT(P41,1)>LEFT(P41,1),2,1))))) -> 1 | L19: =IF(LEFT(P37,1)="L",0,(IF(P37="","",(IF(LEFT(P37,1)>RIGHT(P37,1),2,1))))) -> 2 | M19: =IF(RIGHT(P34,1)="L",0,(IF(P34="","",(IF(RIGHT(P34,1)>LEFT(P34,1),2,1))))) -> 2 | N19: =IF(LEFT(P46,1)="L",0,(IF(P46="","",(IF(LEFT(P46,1)>RIGHT(P46,1),2,1))))) -> 1 | P19: =IF(LEFT(P59,1)="L",0,(IF(P59="","",(IF(LEFT(P59,1)>RIGHT(P59,1),2,1))))) -> 1 | Q19: =IF(LEFT(P51,1)="L",0,(IF(P51="","",(IF(LEFT(P51,1)>RIGHT(P51,1),2,1))))) | R19: =IF(RIGHT(P56,1)="L",0,(IF(P56="","",(IF(RIGHT(P56,1)>LEFT(P56,1),2,1))))) -> 1 | S19: =IF((AND(COUNTIF(J7:J30,">""")>2,COUNTIF(P33:P60,">""")>0)),SUM(K19,L19,M19,N19,O19,P19,Q19,R19),"") -> 8 | T19: =6/6 -> 1 | U19: 6
K20: =IF(RIGHT(P41,1)="W",$M$4&":0(W)",IF(RIGHT(P41,1)="L","0:"&$M$4&"(L)",IF(P41="","",RIGHT(P41,1)&":"&LEFT(P41,1)))) -> 2:3 | L20: =IF(LEFT(P37,1)="W",$M$4&":0(W)",IF(LEFT(P37,1)="L","0:"&$M$4&"(L)",IF(P37="","",P37))) -> 3:1 | M20: =IF(RIGHT(P34,1)="W",$M$4&":0(W)",IF(RIGHT(P34,1)="L","0:"&$M$4&"(L)",IF(P34="","",RIGHT(P34,1)&":"&LEFT(P34,1)))) -> 3:0 | N20: =IF(LEFT(P46,1)="W",$M$4&":0(W)",IF(LEFT(P46,1)="L","0:"&$M$4&"(L)",IF(P46="","",P46))) -> 2:3 | P20: =IF(LEFT(P59,1)="W",$M$4&":0(W)",IF(LEFT(P59,1)="L","0:"&$M$4&"(L)",IF(P59="","",P59))) -> 2:3 | Q20: =IF(LEFT(P51,1)="W",$M$4&":0(W)",IF(LEFT(P51,1)="L","0:"&$M$4&"(L)",IF(P51="","",P51))) | R20: =IF(RIGHT(P56,1)="W",$M$4&":0(W)",IF(RIGHT(P56,1)="L","0:"&$M$4&"(L)",IF(P56="","",RIGHT(P56,1)&":"&LEFT(P56,1)))) -> 1:3
K21: =IF(P41="","",IF(Q41="","",REPLACE(SUBSTITUTE(SUBSTITUTE(SUBSTITUTE(SUBSTITUTE(","&Q41,",-","#"),",","-"),"#",","),"-",",-"),1,1,""))) | L21: =IF(P37="","",IF(Q37="","",Q37)) | M21: =IF(P34="","",IF(Q34="","",REPLACE(SUBSTITUTE(SUBSTITUTE(SUBSTITUTE(SUBSTITUTE(","&Q34,",-","#"),",","-"),"#",","),"-",",-"),1,1,""))) | N21: =IF(P46="","",IF(Q46="","",Q46)) | P21: =IF(P59="","",IF(Q59="","",Q59)) | Q21: =IF(P51="","",IF(Q51="","",Q51)) | R21: =IF(P56="","",IF(Q56="","",REPLACE(SUBSTITUTE(SUBSTITUTE(SUBSTITUTE(SUBSTITUTE(","&Q56,",-","#"),",","-"),"#",","),"-",",-"),1,1,"")))
B22: 3:0 | G22: 6 | H22: КМС | I22: 27 | J22: Биятов Ахметбек+ | K22: =IF(LEFT(P38,1)="L",0,(IF(P38="","",(IF(LEFT(P38,1)>RIGHT(P38,1),2,1))))) -> 1 | L22: =IF(RIGHT(P33,1)="L",0,(IF(P33="","",(IF(RIGHT(P33,1)>LEFT(P33,1),2,1))))) -> 1 | M22: =IF(LEFT(P48,1)="L",0,(IF(P48="","",(IF(LEFT(P48,1)>RIGHT(P48,1),2,1))))) -> 2 | N22: =IF(RIGHT(P43,1)="L",0,(IF(P43="","",(IF(RIGHT(P43,1)>LEFT(P43,1),2,1))))) -> 1 | O22: =IF(RIGHT(P59,1)="L",0,(IF(P59="","",(IF(RIGHT(P59,1)>LEFT(P59,1),2,1))))) -> 2 | Q22: =IF(RIGHT(P55,1)="L",0,(IF(P55="","",(IF(RIGHT(P55,1)>LEFT(P55,1),2,1))))) | R22: =IF(LEFT(P52,1)="L",0,(IF(P52="","",(IF(LEFT(P52,1)>RIGHT(P52,1),2,1))))) -> 1 | S22: =IF((AND(COUNTIF(J7:J30,">""")>2,COUNTIF(P33:P60,">""")>0)),SUM(K22,L22,M22,N22,O22,P22,Q22,R22),"") -> 8 | T22: =8/7 -> 1.1428571 | U22: 4
B23: 3:1 | K23: =IF(LEFT(P38,1)="W",$M$4&":0(W)",IF(LEFT(P38,1)="L","0:"&$M$4&"(L)",IF(P38="","",P38))) -> 1:3 | L23: =IF(RIGHT(P33,1)="W",$M$4&":0(W)",IF(RIGHT(P33,1)="L","0:"&$M$4&"(L)",IF(P33="","",RIGHT(P33,1)&":"&LEFT(P33,1)))) -> 2:3 | M23: =IF(LEFT(P48,1)="W",$M$4&":0(W)",IF(LEFT(P48,1)="L","0:"&$M$4&"(L)",IF(P48="","",P48))) -> 3:2 | N23: =IF(RIGHT(P43,1)="W",$M$4&":0(W)",IF(RIGHT(P43,1)="L","0:"&$M$4&"(L)",IF(P43="","",RIGHT(P43,1)&":"&LEFT(P43,1)))) -> 1:3 | O23: =IF(RIGHT(P59,1)="W",$M$4&":0(W)",IF(RIGHT(P59,1)="L","0:"&$M$4&"(L)",IF(P59="","",RIGHT(P59,1)&":"&LEFT(P59,1)))) -> 3:2 | Q23: =IF(RIGHT(P55,1)="W",$M$4&":0(W)",IF(RIGHT(P55,1)="L","0:"&$M$4&"(L)",IF(P55="","",RIGHT(P55,1)&":"&LEFT(P55,1)))) | R23: =IF(LEFT(P52,1)="W",$M$4&":0(W)",IF(LEFT(P52,1)="L","0:"&$M$4&"(L)",IF(P52="","",P52))) -> 2:3
B24: 3:2 | K24: =IF(P38="","",IF(Q38="","",Q38)) | L24: =IF(P33="","",IF(Q33="","",REPLACE(SUBSTITUTE(SUBSTITUTE(SUBSTITUTE(SUBSTITUTE(","&Q33,",-","#"),",","-"),"#",","),"-",",-"),1,1,""))) | M24: =IF(P48="","",IF(Q48="","",Q48)) | N24: =IF(P43="","",IF(Q43="","",REPLACE(SUBSTITUTE(SUBSTITUTE(SUBSTITUTE(SUBSTITUTE(","&Q43,",-","#"),",","-"),"#",","),"-",",-"),1,1,""))) | O24: =IF(P59="","",IF(Q59="","",REPLACE(SUBSTITUTE(SUBSTITUTE(SUBSTITUTE(SUBSTITUTE(","&Q59,",-","#"),",","-"),"#",","),"-",",-"),1,1,""))) | Q24: =IF(P55="","",IF(Q55="","",REPLACE(SUBSTITUTE(SUBSTITUTE(SUBSTITUTE(SUBSTITUTE(","&Q55,",-","#"),",","-"),"#",","),"-",",-"),1,1,""))) | R24: =IF(P52="","",IF(Q52="","",Q52))
B25: 0:3 | G25: 7 | H25: МС | I25: 43 | J25: Бекназаров Ермек | K25: =IF(RIGHT(P35,1)="L",0,(IF(P35="","",(IF(RIGHT(P35,1)>LEFT(P35,1),2,1))))) | L25: =IF(LEFT(P47,1)="L",0,(IF(P47="","",(IF(LEFT(P47,1)>RIGHT(P47,1),2,1))))) | M25: =IF(RIGHT(P44,1)="L",0,(IF(P44="","",(IF(RIGHT(P44,1)>LEFT(P44,1),2,1))))) | N25: =IF(LEFT(P40,1)="L",0,(IF(P40="","",(IF(LEFT(P40,1)>RIGHT(P40,1),2,1))))) | O25: =IF(RIGHT(P51,1)="L",0,(IF(P51="","",(IF(RIGHT(P51,1)>LEFT(P51,1),2,1))))) | P25: =IF(LEFT(P55,1)="L",0,(IF(P55="","",(IF(LEFT(P55,1)>RIGHT(P55,1),2,1))))) | R25: =IF(LEFT(P60,1)="L",0,(IF(P60="","",(IF(LEFT(P60,1)>RIGHT(P60,1),2,1))))) | S25: =IF((AND(COUNTIF(J7:J30,">""")>2,COUNTIF(P33:P60,">""")>0)),SUM(K25,L25,M25,N25,O25,P25,Q25,R25),"") -> 0 | U25: 8
B26: 1:3 | K26: =IF(RIGHT(P35,1)="W",$M$4&":0(W)",IF(RIGHT(P35,1)="L","0:"&$M$4&"(L)",IF(P35="","",RIGHT(P35,1)&":"&LEFT(P35,1)))) | L26: =IF(LEFT(P47)="W",$M$4&":0(W)",IF(LEFT(P47,1)="L","0:"&$M$4&"(L)",IF(P47="","",P47))) | M26: =IF(RIGHT(P44,1)="W",$M$4&":0(W)",IF(RIGHT(P44,1)="L","0:"&$M$4&"(L)",IF(P44="","",RIGHT(P44,1)&":"&LEFT(P44,1)))) | N26: =IF(LEFT(P40,1)="W",$M$4&":0(W)",IF(LEFT(P40,1)="L","0:"&$M$4&"(L)",IF(P40="","",P40))) | O26: =IF(RIGHT(P51,1)="W",$M$4&":0(W)",IF(RIGHT(P51,1)="L","0:"&$M$4&"(L)",IF(P51="","",RIGHT(P51,1)&":"&LEFT(P51,1)))) | P26: =IF(LEFT(P55,1)="W",$M$4&":0(W)",IF(LEFT(P55,1)="L","0:"&$M$4&"(L)",IF(P55="","",P55))) | R26: =IF(LEFT(P60,1)="W",$M$4&":0(W)",IF(LEFT(P60,1)="L","0:"&$M$4&"(L)",IF(P60="","",P60)))
B27: 2:3 | K27: =IF(P35="","",IF(Q35="","",REPLACE(SUBSTITUTE(SUBSTITUTE(SUBSTITUTE(SUBSTITUTE(","&Q35,",-","#"),",","-"),"#",","),"-",",-"),1,1,""))) | L27: =IF(P47="","",IF(Q47="","",Q47)) | M27: =IF(P44="","",IF(Q44="","",REPLACE(SUBSTITUTE(SUBSTITUTE(SUBSTITUTE(SUBSTITUTE(","&Q44,",-","#"),",","-"),"#",","),"-",",-"),1,1,""))) | N27: =IF(P40="","",IF(Q40="","",Q40)) | O27: =IF(P51="","",IF(Q51="","",REPLACE(SUBSTITUTE(SUBSTITUTE(SUBSTITUTE(SUBSTITUTE(","&Q51,",-","#"),",","-"),"#",","),"-",",-"),1,1,""))) | P27: =IF(P55="","",IF(Q55="","",Q55)) | R27: =IF(P60="","",IF(Q60="","",Q60))
B28: W:L | G28: 8 | H28: МС | I28: 36 | J28: Герасименко Геннадий+ | K28: =IF(LEFT(P45,1)="L",0,(IF(P45="","",(IF(LEFT(P45,1)>RIGHT(P45,1),2,1))))) -> 1 | L28: =IF(RIGHT(P42,1)="L",0,(IF(P42="","",(IF(RIGHT(P42,1)>LEFT(P42,1),2,1))))) -> 1 | M28: =IF(LEFT(P39,1)="L",0,(IF(P39="","",(IF(LEFT(P39,1)>RIGHT(P39,1),2,1))))) -> 1 | N28: =IF(RIGHT(P36,1)="L",0,(IF(P36="","",(IF(RIGHT(P36,1)>LEFT(P36,1),2,1))))) -> 1 | O28: =IF(LEFT(P56,1)="L",0,(IF(P56="","",(IF(LEFT(P56,1)>RIGHT(P56,1),2,1))))) -> 2 | P28: =IF(RIGHT(P52,1)="L",0,(IF(P52="","",(IF(RIGHT(P52,1)>LEFT(P52,1),2,1))))) -> 2 | Q28: =IF(RIGHT(P60,1)="L",0,(IF(P60="","",(IF(RIGHT(P60,1)>LEFT(P60,1),2,1))))) | S28: =IF((AND(COUNTIF(J7:J30,">""")>2,COUNTIF(P33:P60,">""")>0)),SUM(K28,L28,M28,N28,O28,P28,Q28,R28),"") -> 8 | T28: =6/6 -> 1 | U28: 5
B29: L:W | K29: =IF(LEFT(P45,1)="W",$M$4&":0(W)",IF(LEFT(P45,1)="L","0:"&$M$4&"(L)",IF(P45="","",P45))) -> 1:3 | L29: =IF(RIGHT(P42,1)="W",$M$4&":0(W)",IF(RIGHT(P42,1)="L","0:"&$M$4&"(L)",IF(P42="","",RIGHT(P42,1)&":"&LEFT(P42,1)))) -> 0:3 | M29: =IF(LEFT(P39,1)="W",$M$4&":0(W)",IF(LEFT(P39,1)="L","0:"&$M$4&"(L)",IF(P39="","",P39))) -> 0:3 | N29: =IF(RIGHT(P36,1)="W",$M$4&":0(W)",IF(RIGHT(P36,1)="L","0:"&$M$4&"(L)",IF(P36="","",RIGHT(P36,1)&":"&LEFT(P36,1)))) -> 1:3 | O29: =IF(LEFT(P56,1)="W",$M$4&":0(W)",IF(LEFT(P56,1)="L","0:"&$M$4&"(L)",IF(P56="","",P56))) -> 3:1 | P29: =IF(RIGHT(P52,1)="W",$M$4&":0(W)",IF(RIGHT(P52,1)="L","0:"&$M$4&"(L)",IF(P52="","",RIGHT(P52,1)&":"&LEFT(P52,1)))) -> 3:2 | Q29: =IF(RIGHT(P60,1)="W",$M$4&":0(W)",IF(RIGHT(P60,1)="L","0:"&$M$4&"(L)",IF(P60="","",RIGHT(P60,1)&":"&LEFT(P60,1))))
B30: 2:0 | K30: =IF(P45="","",IF(Q45="","",Q45)) | L30: =IF(P42="","",IF(Q42="","",REPLACE(SUBSTITUTE(SUBSTITUTE(SUBSTITUTE(SUBSTITUTE(","&Q42,",-","#"),",","-"),"#",","),"-",",-"),1,1,""))) | M30: =IF(P39="","",IF(Q39="","",Q39)) | N30: =IF(P36="","",IF(Q36="","",REPLACE(SUBSTITUTE(SUBSTITUTE(SUBSTITUTE(SUBSTITUTE(","&Q36,",-","#"),",","-"),"#",","),"-",",-"),1,1,""))) | O30: =IF(P56="","",IF(Q56="","",Q56)) | P30: =IF(P52="","",IF(Q52="","",REPLACE(SUBSTITUTE(SUBSTITUTE(SUBSTITUTE(SUBSTITUTE(","&Q52,",-","#"),",","-"),"#",","),"-",",-"),1,1,""))) | Q30: =IF(P60="","",IF(Q60="","",REPLACE(SUBSTITUTE(SUBSTITUTE(SUBSTITUTE(SUBSTITUTE(","&Q60,",-","#"),",","-"),"#",","),"-",",-"),1,1,"")))
B31: 2:1
B32: 1:2 | I32: ю | P32: счет по сетам | Q32: мячи
B33: 0:2 | G33: 1 круг | I33: 10 | J33: =IF(Суперлига!Уч2="","",Суперлига!Уч2) -> Сереке Султан+ | K33: ="-" -> - | L33: =IF(Суперлига!Уч6="","",Суперлига!Уч6) -> Биятов Ахметбек+ | P33: 3:2 | S33: =IF(AND(I33<>"",P33=""),"встреча играется",IF(P33<>"","сыграна","")) -> сыграна
B34: 4:0 | I34: 11 | J34: =IF(Суперлига!Уч3="","",Суперлига!Уч3) -> Болдырев Андрей+ | K34: ="-" -> - | L34: =IF(Суперлига!Уч5="","",Суперлига!Уч5) -> Забанов Филипп+ | P34: 0:3 | S34: =IF(AND(I34<>"",P34=""),"встреча играется",IF(P34<>"","сыграна","")) -> сыграна
B35: 4:1 | J35: =IF(Суперлига!Уч1="","",Суперлига!Уч1) -> Гилязов Роман+ | K35: ="-" -> - | L35: =IF(Суперлига!Уч7="","",Суперлига!Уч7) -> Бекназаров Ермек | S35: =IF(AND(I35<>"",P35=""),"встреча играется",IF(P35<>"","сыграна",""))
B36: 4:2 | I36: 12 | J36: =IF(Суперлига!Уч4="","",Суперлига!Уч4) -> Кауымбаев Адилет+ | K36: ="-" -> - | L36: =IF(Суперлига!Уч8="","",Суперлига!Уч8) -> Герасименко Геннадий+ | P36: 3:1 | S36: =IF(AND(I36<>"",P36=""),"встреча играется",IF(P36<>"","сыграна","")) -> сыграна
B37: 4:3 | G37: 2 круг | I37: 13 | J37: =IF(Суперлига!Уч5="","",Суперлига!Уч5) -> Забанов Филипп+ | K37: ="-" -> - | L37: =IF(Суперлига!Уч2="","",Суперлига!Уч2) -> Сереке Султан+ | P37: 3:1 | S37: =IF(AND(I37<>"",P37=""),"встреча играется",IF(P37<>"","сыграна","")) -> сыграна
B38: 0:4 | I38: 10 | J38: =IF(Суперлига!Уч6="","",Суперлига!Уч6) -> Биятов Ахметбек+ | K38: ="-" -> - | L38: =IF(Суперлига!Уч1="","",Суперлига!Уч1) -> Гилязов Роман+ | P38: 1:3 | S38: =IF(AND(I38<>"",P38=""),"встреча играется",IF(P38<>"","сыграна","")) -> сыграна
B39: 1:4 | I39: 12 | J39: =IF(Суперлига!Уч8="","",Суперлига!Уч8) -> Герасименко Геннадий+ | K39: ="-" -> - | L39: =IF(Суперлига!Уч3="","",Суперлига!Уч3) -> Болдырев Андрей+ | P39: 0:3 | S39: =IF(AND(I39<>"",P39=""),"встреча играется",IF(P39<>"","сыграна","")) -> сыграна
B40: 2:4 | J40: =IF(Суперлига!Уч7="","",Суперлига!Уч7) -> Бекназаров Ермек | K40: ="-" -> - | L40: =IF(Суперлига!Уч4="","",Суперлига!Уч4) -> Кауымбаев Адилет+ | S40: =IF(AND(I40<>"",P40=""),"встреча играется",IF(P40<>"","сыграна",""))
B41: 3:4 | G41: 3 круг | I41: 11 | J41: =IF(Суперлига!Уч1="","",Суперлига!Уч1) -> Гилязов Роман+ | K41: ="-" -> - | L41: =IF(Суперлига!Уч5="","",Суперлига!Уч5) -> Забанов Филипп+ | P41: 3:2 | S41: =IF(AND(I41<>"",P41=""),"встреча играется",IF(P41<>"","сыграна","")) -> сыграна
I42: 9 | J42: =IF(Суперлига!Уч2="","",Суперлига!Уч2) -> Сереке Султан+ | K42: ="-" -> - | L42: =IF(Суперлига!Уч8="","",Суперлига!Уч8) -> Герасименко Геннадий+ | P42: 3:0 | S42: =IF(AND(I42<>"",P42=""),"встреча играется",IF(P42<>"","сыграна","")) -> сыграна
I43: 10 | J43: =IF(Суперлига!Уч4="","",Суперлига!Уч4) -> Кауымбаев Адилет+ | K43: ="-" -> - | L43: =IF(Суперлига!Уч6="","",Суперлига!Уч6) -> Биятов Ахметбек+ | P43: 3:1 | S43: =IF(AND(I43<>"",P43=""),"встреча играется",IF(P43<>"","сыграна","")) -> сыграна
J44: =IF(Суперлига!Уч3="","",Суперлига!Уч3) -> Болдырев Андрей+ | K44: ="-" -> - | L44: =IF(Суперлига!Уч7="","",Суперлига!Уч7) -> Бекназаров Ермек | S44: =IF(AND(I44<>"",P44=""),"встреча играется",IF(P44<>"","сыграна",""))
G45: 4 круг | I45: 9 | J45: =IF(Суперлига!Уч8="","",Суперлига!Уч8) -> Герасименко Геннадий+ | K45: ="-" -> - | L45: =IF(Суперлига!Уч1="","",Суперлига!Уч1) -> Гилязов Роман+ | P45: 1:3 | S45: =IF(AND(I45<>"",P45=""),"встреча играется",IF(P45<>"","сыграна","")) -> сыграна
I46: 10 | J46: =IF(Суперлига!Уч5="","",Суперлига!Уч5) -> Забанов Филипп+ | K46: ="-" -> - | L46: =IF(Суперлига!Уч4="","",Суперлига!Уч4) -> Кауымбаев Адилет+ | P46: 2:3 | S46: =IF(AND(I46<>"",P46=""),"встреча играется",IF(P46<>"","сыграна","")) -> сыграна
J47: =IF(Суперлига!Уч7="","",Суперлига!Уч7) -> Бекназаров Ермек | K47: ="-" -> - | L47: =IF(Суперлига!Уч2="","",Суперлига!Уч2) -> Сереке Султан+ | S47: =IF(AND(I47<>"",P47=""),"встреча играется",IF(P47<>"","сыграна",""))
I48: 13 | J48: =IF(Суперлига!Уч6="","",Суперлига!Уч6) -> Биятов Ахметбек+ | K48: ="-" -> - | L48: =IF(Суперлига!Уч3="","",Суперлига!Уч3) -> Болдырев Андрей+ | P48: 3:2 | S48: =IF(AND(I48<>"",P48=""),"встреча играется",IF(P48<>"","сыграна","")) -> сыграна
G49: 5 круг | I49: 9 | J49: =IF(Суперлига!Уч1="","",Суперлига!Уч1) -> Гилязов Роман+ | K49: ="-" -> - | L49: =IF(Суперлига!Уч3="","",Суперлига!Уч3) -> Болдырев Андрей+ | P49: 3:0 | S49: =IF(AND(I49<>"",P49=""),"встреча играется",IF(P49<>"","сыграна","")) -> сыграна
I50: 10 | J50: =IF(Суперлига!Уч2="","",Суперлига!Уч2) -> Сереке Султан+ | K50: ="-" -> - | L50: =IF(Суперлига!Уч4="","",Суперлига!Уч4) -> Кауымбаев Адилет+ | P50: 3:1 | S50: =IF(AND(I50<>"",P50=""),"встреча играется",IF(P50<>"","сыграна","")) -> сыграна
J51: =IF(Суперлига!Уч5="","",Суперлига!Уч5) -> Забанов Филипп+ | K51: ="-" -> - | L51: =IF(Суперлига!Уч7="","",Суперлига!Уч7) -> Бекназаров Ермек | S51: =IF(AND(I51<>"",P51=""),"встреча играется",IF(P51<>"","сыграна",""))
I52: 13 | J52: =IF(Суперлига!Уч6="","",Суперлига!Уч6) -> Биятов Ахметбек+ | K52: ="-" -> - | L52: =IF(Суперлига!Уч8="","",Суперлига!Уч8) -> Герасименко Геннадий+ | P52: 2:3 | S52: =IF(AND(I52<>"",P52=""),"встреча играется",IF(P52<>"","сыграна","")) -> сыграна
G53: 6 круг | I53: 10 | J53: =IF(Суперлига!Уч4="","",Суперлига!Уч4) -> Кауымбаев Адилет+ | K53: ="-" -> - | L53: =IF(Суперлига!Уч1="","",Суперлига!Уч1) -> Гилязов Роман+ | P53: 0:3 | S53: =IF(AND(I53<>"",P53=""),"встреча играется",IF(P53<>"","сыграна","")) -> сыграна
I54: 12 | J54: =IF(Суперлига!Уч3="","",Суперлига!Уч3) -> Болдырев Андрей+ | K54: ="-" -> - | L54: =IF(Суперлига!Уч2="","",Суперлига!Уч2) -> Сереке Султан+ | P54: 0:3 | S54: =IF(AND(I54<>"",P54=""),"встреча играется",IF(P54<>"","сыграна","")) -> сыграна
J55: =IF(Суперлига!Уч7="","",Суперлига!Уч7) -> Бекназаров Ермек | K55: ="-" -> - | L55: =IF(Суперлига!Уч6="","",Суперлига!Уч6) -> Биятов Ахметбек+ | S55: =IF(AND(I55<>"",P55=""),"встреча играется",IF(P55<>"","сыграна",""))
I56: 13 | J56: =IF(Суперлига!Уч8="","",Суперлига!Уч8) -> Герасименко Геннадий+ | K56: ="-" -> - | L56: =IF(Суперлига!Уч5="","",Суперлига!Уч5) -> Забанов Филипп+ | P56: 3:1 | S56: =IF(AND(I56<>"",P56=""),"встреча играется",IF(P56<>"","сыграна","")) -> сыграна
G57: 7 круг | I57: 12 | J57: =IF(Суперлига!Уч1="","",Суперлига!Уч1) -> Гилязов Роман+ | K57: ="-" -> - | L57: =IF(Суперлига!Уч2="","",Суперлига!Уч2) -> Сереке Султан+ | P57: 3:0 | S57: =IF(AND(I57<>"",P57=""),"встреча играется",IF(P57<>"","сыграна","")) -> сыграна
I58: 10 | J58: =IF(Суперлига!Уч3="","",Суперлига!Уч3) -> Болдырев Андрей+ | K58: ="-" -> - | L58: =IF(Суперлига!Уч4="","",Суперлига!Уч4) -> Кауымбаев Адилет+ | P58: 3:0 | S58: =IF(AND(I58<>"",P58=""),"встреча играется",IF(P58<>"","сыграна","")) -> сыграна
I59: 13 | J59: =IF(Суперлига!Уч5="","",Суперлига!Уч5) -> Забанов Филипп+ | K59: ="-" -> - | L59: =IF(Суперлига!Уч6="","",Суперлига!Уч6) -> Биятов Ахметбек+ | P59: 2:3 | S59: =IF(AND(I59<>"",P59=""),"встреча играется",IF(P59<>"","сыграна","")) -> сыграна
J60: =IF(Суперлига!Уч7="","",Суперлига!Уч7) -> Бекназаров Ермек | K60: ="-" -> - | L60: =IF(Суперлига!Уч8="","",Суперлига!Уч8) -> Герасименко Геннадий+ | S60: =IF(AND(I60<>"",P60=""),"встреча играется",IF(P60<>"","сыграна",""))

Sheet А1
D1: Турнир Открытое первенство города Астана (лиги) | K1: Дата: | L1: =Суперлига!L1 -> 46033
K4: матчи до | M4: 3 | N4: побед
C5: =IF(COUNTIF(D7:D14,"")>0,1,0) -> 0 | E5: =IF((COUNTIF(L33:R60,">""")+COUNTIF(T7:U30,">"""))>0,1,0) -> 1
C6: № | D6: Участники турнира | E6: Рейтинг | G6: № | H6: Разряд | I6: R | J6: Фамилия Имя | K6: 1 | L6: 2 | M6: 3 | N6: 4 | O6: 5 | P6: 6 | Q6: 7 | R6: 8 | S6: Очки | T6: Соотн. | U6: Место
C7: 1 | D7: Дуйсенбай Есенали | G7: 1 | H7: КМС | I7: 27 | J7: Дуйсенбай Есенали | L7: =IF(LEFT(P57,1)="L",0,(IF(P57="","",(IF(LEFT(P57,1)>RIGHT(P57,1),2,1))))) | M7: =IF(LEFT(P49,1)="L",0,(IF(P49="","",(IF(LEFT(P49,1)>RIGHT(P49,1),2,1))))) | N7: =IF(RIGHT(P53,1)="L",0,(IF(P53="","",(IF(RIGHT(P53,1)>LEFT(P53,1),2,1))))) | O7: =IF(LEFT(P41,1)="L",0,(IF(P41="","",(IF(LEFT(P41,1)>RIGHT(P41,1),2,1))))) | P7: =IF(RIGHT(P38,1)="L",0,(IF(P38="","",(IF(RIGHT(P38,1)>LEFT(P38,1),2,1))))) | Q7: =IF(LEFT(P35,1)="L",0,(IF(P35="","",(IF(LEFT(P35,1)>RIGHT(P35,1),2,1))))) | R7: =IF(RIGHT(P45,1)="L",0,(IF(P45="","",(IF(RIGHT(P45,1)>LEFT(P45,1),2,1))))) | S7: =IF((AND(COUNTIF(J7:J30,">""")>2,COUNTIF(P33:P60,">""")>0)),SUM(K7,L7,M7,N7,O7,P7,Q7,R7),"") -> 0 | U7: 8
C8: 2 | D8: Токтамыс Нурбол | L8: =IF(LEFT(P57,1)="W",$M$4&":0(W)",IF(LEFT(P57,1)="L","0:"&$M$4&"(L)",IF(P57="","",P57))) | M8: =IF(LEFT(P49,1)="W",$M$4&":0(W)",IF(LEFT(P49,1)="L","0:"&$M$4&"(L)",IF(P49="","",P49))) | N8: =IF(RIGHT(P53,1)="W",$M$4&":0(W)",IF(RIGHT(P53,1)="L","0:"&$M$4&"(L)",IF(P53="","",RIGHT(P53,1)&":"&LEFT(P53,1)))) | O8: =IF(LEFT(P41,1)="W",$M$4&":0(W)",IF(LEFT(P41,1)="L","0:"&$M$4&"(L)",IF(P41="","",P41))) | P8: =IF(RIGHT(P38,1)="W",$M$4&":0(W)",IF(RIGHT(P38,1)="L","0:"&$M$4&"(L)",IF(P38="","",RIGHT(P38,1)&":"&LEFT(P38,1)))) | Q8: =IF(LEFT(P35,1)="W",$M$4&":0(W)",IF(LEFT(P35,1)="L","0:"&$M$4&"(L)",IF(P35="","",P35))) | R8: =IF(RIGHT(P45,1)="W",$M$4&":0(W)",IF(RIGHT(P45,1)="L","0:"&$M$4&"(L)",IF(P45="","",RIGHT(P45,1)&":"&LEFT(P45,1))))
C9: 3 | D9: Ибраев Ерлан | L9: =IF(P57="","",IF(Q57="","",Q57)) | M9: =IF(P49="","",IF(Q49="","",Q49)) | N9: =IF(P53="","",IF(Q53="","",REPLACE(SUBSTITUTE(SUBSTITUTE(SUBSTITUTE(SUBSTITUTE(","&Q53,",-","#"),",","-"),"#",","),"-",",-"),1,1,""))) | O9: =IF(P41="","",IF(Q41="","",Q41)) | P9: =IF(P38="","",IF(Q38="","",REPLACE(SUBSTITUTE(SUBSTITUTE(SUBSTITUTE(SUBSTITUTE(","&Q38,",-","#"),",","-"),"#",","),"-",",-"),1,1,""))) | Q9: =IF(P35="","",IF(Q35="","",Q35)) | R9: =IF(P45="","",IF(Q45="","",REPLACE(SUBSTITUTE(SUBSTITUTE(SUBSTITUTE(SUBSTITUTE(","&Q45,",-","#"),",","-"),"#",","),"-",",-"),1,1,"")))
C10: 4 | D10: Тажиев Нурсултан | G10: 2 | H10: КМС | I10: 34 | J10: Токтамыс Нурбол+ | K10: =IF(RIGHT(P57,1)="L",0,(IF(P57="","",(IF(RIGHT(P57,1)>LEFT(P57,1),2,1))))) | M10: =IF(RIGHT(P54,1)="L",0,(IF(P54="","",(IF(RIGHT(P54,1)>LEFT(P54,1),2,1))))) -> 2 | N10: =IF(LEFT(P50,1)="L",0,(IF(P50="","",(IF(LEFT(P50,1)>RIGHT(P50,1),2,1))))) -> 2 | O10: =IF(RIGHT(P37,1)="L",0,(IF(P37="","",(IF(RIGHT(P37,1)>LEFT(P37,1),2,1))))) -> 1 | P10: =IF(LEFT(P33,1)="L",0,(IF(P33="","",(IF(LEFT(P33,1)>RIGHT(P33,1),2,1))))) -> 2 | Q10: =IF(RIGHT(P47,1)="L",0,(IF(P47="","",(IF(RIGHT(P47,1)>LEFT(P47,1),2,1))))) -> 2 | R10: =IF(LEFT(P42,1)="L",0,(IF(P42="","",(IF(LEFT(P42,1)>RIGHT(P42,1),2,1))))) -> 1 | S10: =IF((AND(COUNTIF(J7:J30,">""")>2,COUNTIF(P33:P60,">""")>0)),SUM(K10,L10,M10,N10,O10,P10,Q10,R10),"") -> 10 | U10: 3
C11: 5 | D11: Суртубаев Марат | K11: =IF(RIGHT(P57,1)="W",$M$4&":0(W)",IF(RIGHT(P57,1)="L","0:"&$M$4&"(L)",IF(P57="","",RIGHT(P57,1)&":"&LEFT(P57,1)))) | M11: =IF(RIGHT(P54,1)="W",$M$4&":0(W)",IF(RIGHT(P54,1)="L","0:"&$M$4&"(L)",IF(P54="","",RIGHT(P54,1)&":"&LEFT(P54,1)))) -> 3:1 | N11: =IF(LEFT(P50,1)="W",$M$4&":0(W)",IF(LEFT(P50,1)="L","0:"&$M$4&"(L)",IF(P50="","",P50))) -> 3:1 | O11: =IF(RIGHT(P37,1)="W",$M$4&":0(W)",IF(RIGHT(P37,1)="L","0:"&$M$4&"(L)",IF(P37="","",RIGHT(P37,1)&":"&LEFT(P37,1)))) -> 2:3 | P11: =IF(LEFT(P33,1)="W",$M$4&":0(W)",IF(LEFT(P33,1)="L","0:"&$M$4&"(L)",IF(P33="","",P33))) -> 3:1 | Q11: =IF(RIGHT(P47,1)="W",$M$4&":0(W)",IF(RIGHT(P47,1)="L","0:"&$M$4&"(L)",IF(P47="","",RIGHT(P47,1)&":"&LEFT(P47,1)))) -> 3:0 | R11: =IF(LEFT(P42,1)="W",$M$4&":0(W)",IF(LEFT(P42,1)="L","0:"&$M$4&"(L)",IF(P42="","",P42))) -> 1:3
C12: 6 | D12: Нурмухамет Данияр | K12: =IF(P57="","",IF(Q57="","",REPLACE(SUBSTITUTE(SUBSTITUTE(SUBSTITUTE(SUBSTITUTE(","&Q57,",-","#"),",","-"),"#",","),"-",",-"),1,1,""))) | M12: =IF(P54="","",IF(Q54="","",REPLACE(SUBSTITUTE(SUBSTITUTE(SUBSTITUTE(SUBSTITUTE(","&Q54,",-","#"),",","-"),"#",","),"-",",-"),1,1,""))) | N12: =IF(P50="","",IF(Q50="","",Q50)) | O12: =IF(P37="","",IF(Q37="","",REPLACE(SUBSTITUTE(SUBSTITUTE(SUBSTITUTE(SUBSTITUTE(","&Q37,",-","#"),",","-"),"#",","),"-",",-"),1,1,""))) | P12: =IF(P33="","",IF(Q33="","",Q33)) | Q12: =IF(P47="","",IF(Q47="","",REPLACE(SUBSTITUTE(SUBSTITUTE(SUBSTITUTE(SUBSTITUTE(","&Q47,",-","#"),",","-"),"#",","),"-",",-"),1,1,""))) | R12: =IF(P42="","",IF(Q42="","",Q42))
C13: 7 | D13: Утельбеков Ермек | G13: 3 | H13: КМС | I13: 28 | J13: Ибраев Ерлан+ | K13: =IF(RIGHT(P49,1)="L",0,(IF(P49="","",(IF(RIGHT(P49,1)>LEFT(P49,1),2,1))))) | L13: =IF(LEFT(P54,1)="L",0,(IF(P54="","",(IF(LEFT(P54,1)>RIGHT(P54,1),2,1))))) -> 1 | N13: =IF(LEFT(P58,1)="L",0,(IF(P58="","",(IF(LEFT(P58,1)>RIGHT(P58,1),2,1))))) -> 1 | O13: =IF(LEFT(P34,1)="L",0,(IF(P34="","",(IF(LEFT(P34,1)>RIGHT(P34,1),2,1))))) -> 1 | P13: =IF(RIGHT(P48,1)="L",0,(IF(P48="","",(IF(RIGHT(P48,1)>LEFT(P48,1),2,1))))) -> 1 | Q13: =IF(LEFT(P44,1)="L",0,(IF(P44="","",(IF(LEFT(P44,1)>RIGHT(P44,1),2,1))))) -> 2 | R13: =IF(RIGHT(P39,1)="L",0,(IF(P39="","",(IF(RIGHT(P39,1)>LEFT(P39,1),2,1))))) -> 2 | S13: =IF((AND(COUNTIF(J7:J30,">""")>2,COUNTIF(P33:P60,">""")>0)),SUM(K13,L13,M13,N13,O13,P13,Q13,R13),"") -> 8 | U13: 6
C14: 8 | D14: Алимбаев Максат | K14: =IF(RIGHT(P49,1)="W",$M$4&":0(W)",IF(RIGHT(P49,1)="L","0:"&$M$4&"(L)",IF(P49="","",RIGHT(P49,1)&":"&LEFT(P49,1)))) | L14: =IF(LEFT(P54,1)="W",$M$4&":0(W)",IF(LEFT(P54,1)="L","0:"&$M$4&"(L)",IF(P54="","",P54))) -> 1:3 | N14: =IF(LEFT(P58,1)="W",$M$4&":0(W)",IF(LEFT(P58,1)="L","0:"&$M$4&"(L)",IF(P58="","",P58))) -> 0:3 | O14: =IF(LEFT(P34,1)="W",$M$4&":0(W)",IF(LEFT(P34,1)="L","0:"&$M$4&"(L)",IF(P34="","",P34))) -> 0:3 | P14: =IF(RIGHT(P48,1)="W",$M$4&":0(W)",IF(RIGHT(P48,1)="L","0:"&$M$4&"(L)",IF(P48="","",RIGHT(P48,1)&":"&LEFT(P48,1)))) -> 2:3 | Q14: =IF(LEFT(P44,1)="W",$M$4&":0(W)",IF(LEFT(P44,1)="L","0:"&$M$4&"(L)",IF(P44="","",P44))) -> 3:2 | R14: =IF(RIGHT(P39,1)="W",$M$4&":0(W)",IF(RIGHT(P39,1)="L","0:"&$M$4&"(L)",IF(P39="","",RIGHT(P39,1)&":"&LEFT(P39,1)))) -> 3:1
K15: =IF(P49="","",IF(Q49="","",REPLACE(SUBSTITUTE(SUBSTITUTE(SUBSTITUTE(SUBSTITUTE(","&Q49,",-","#"),",","-"),"#",","),"-",",-"),1,1,""))) | L15: =IF(P54="","",IF(Q54="","",Q54)) | N15: =IF(P58="","",IF(Q58="","",Q58)) | O15: =IF(P34="","",IF(Q34="","",Q34)) | P15: =IF(P48="","",IF(Q48="","",REPLACE(SUBSTITUTE(SUBSTITUTE(SUBSTITUTE(SUBSTITUTE(","&Q48,",-","#"),",","-"),"#",","),"-",",-"),1,1,""))) | Q15: =IF(P44="","",IF(Q44="","",Q44)) | R15: =IF(P39="","",IF(Q39="","",REPLACE(SUBSTITUTE(SUBSTITUTE(SUBSTITUTE(SUBSTITUTE(","&Q39,",-","#"),",","-"),"#",","),"-",",-"),1,1,"")))
G16: 4 | H16: КМС | I16: 28 | J16: Тажиев Нурсултан+ | K16: =IF(LEFT(P53,1)="L",0,(IF(P53="","",(IF(LEFT(P53,1)>RIGHT(P53,1),2,1))))) | L16: =IF(RIGHT(P50,1)="L",0,(IF(P50="","",(IF(RIGHT(P50,1)>LEFT(P50,1),2,1))))) -> 1 | M16: =IF(RIGHT(P58,1)="L",0,(IF(P58="","",(IF(RIGHT(P58,1)>LEFT(P58,1),2,1))))) -> 2 | O16: =IF(RIGHT(P46,1)="L",0,(IF(P46="","",(IF(RIGHT(P46,1)>LEFT(P46,1),2,1))))) -> 1 | P16: =IF(LEFT(P43,1)="L",0,(IF(P43="","",(IF(LEFT(P43,1)>RIGHT(P43,1),2,1))))) -> 2 | Q16: =IF(RIGHT(P40,1)="L",0,(IF(P40="","",(IF(RIGHT(P40,1)>LEFT(P40,1),2,1))))) -> 2 | R16: =IF(LEFT(P36,1)="L",0,(IF(P36="","",(IF(LEFT(P36,1)>RIGHT(P36,1),2,1))))) -> 1 | S16: =IF((AND(COUNTIF(J7:J30,">""")>2,COUNTIF(P33:P60,">""")>0)),SUM(K16,L16,M16,N16,O16,P16,Q16,R16),"") -> 9 | U16: 4
K17: =IF(LEFT(P53,1)="W",$M$4&":0(W)",IF(LEFT(P53,1)="L","0:"&$M$4&"(L)",IF(P53="","",P53))) | L17: =IF(RIGHT(P50,1)="W",$M$4&":0(W)",IF(RIGHT(P50,1)="L","0:"&$M$4&"(L)",IF(P50="","",RIGHT(P50,1)&":"&LEFT(P50,1)))) -> 1:3 | M17: =IF(RIGHT(P58,1)="W",$M$4&":0(W)",IF(RIGHT(P58,1)="L","0:"&$M$4&"(L)",IF(P58="","",RIGHT(P58,1)&":"&LEFT(P58,1)))) -> 3:0 | O17: =IF(RIGHT(P46,1)="W",$M$4&":0(W)",IF(RIGHT(P46,1)="L","0:"&$M$4&"(L)",IF(P46="","",RIGHT(P46,1)&":"&LEFT(P46,1)))) -> 1:3 | P17: =IF(LEFT(P43,1)="W",$M$4&":0(W)",IF(LEFT(P43,1)="L","0:"&$M$4&"(L)",IF(P43="","",P43))) -> 3:1 | Q17: =IF(RIGHT(P40,1)="W",$M$4&":0(W)",IF(RIGHT(P40,1)="L","0:"&$M$4&"(L)",IF(P40="","",RIGHT(P40,1)&":"&LEFT(P40,1)))) -> 3:2 | R17: =IF(LEFT(P36,1)="W",$M$4&":0(W)",IF(LEFT(P36,1)="L","0:"&$M$4&"(L)",IF(P36="","",P36))) -> 2:3
K18: =IF(P53="","",IF(Q53="","",Q53)) | L18: =IF(P50="","",IF(Q50="","",REPLACE(SUBSTITUTE(SUBSTITUTE(SUBSTITUTE(SUBSTITUTE(","&Q50,",-","#"),",","-"),"#",","),"-",",-"),1,1,""))) | M18: =IF(P58="","",IF(Q58="","",REPLACE(SUBSTITUTE(SUBSTITUTE(SUBSTITUTE(SUBSTITUTE(","&Q58,",-","#"),",","-"),"#",","),"-",",-"),1,1,""))) | O18: =IF(P46="","",IF(Q46="","",REPLACE(SUBSTITUTE(SUBSTITUTE(SUBSTITUTE(SUBSTITUTE(","&Q46,",-","#"),",","-"),"#",","),"-",",-"),1,1,""))) | P18: =IF(P43="","",IF(Q43="","",Q43)) | Q18: =IF(P40="","",IF(Q40="","",REPLACE(SUBSTITUTE(SUBSTITUTE(SUBSTITUTE(SUBSTITUTE(","&Q40,",-","#"),",","-"),"#",","),"-",",-"),1,1,""))) | R18: =IF(P36="","",IF(Q36="","",Q36))
G19: 5 | H19: МС | I19: 35 | J19: Суртубаев Марат+ | K19: =IF(RIGHT(P41,1)="L",0,(IF(P41="","",(IF(RIGHT(P41,1)>LEFT(P41,1),2,1))))) | L19: =IF(LEFT(P37,1)="L",0,(IF(P37="","",(IF(LEFT(P37,1)>RIGHT(P37,1),2,1))))) -> 2 | M19: =IF(RIGHT(P34,1)="L",0,(IF(P34="","",(IF(RIGHT(P34,1)>LEFT(P34,1),2,1))))) -> 2 | N19: =IF(LEFT(P46,1)="L",0,(IF(P46="","",(IF(LEFT(P46,1)>RIGHT(P46,1),2,1))))) -> 2 | P19: =IF(LEFT(P59,1)="L",0,(IF(P59="","",(IF(LEFT(P59,1)>RIGHT(P59,1),2,1))))) -> 2 | Q19: =IF(LEFT(P51,1)="L",0,(IF(P51="","",(IF(LEFT(P51,1)>RIGHT(P51,1),2,1))))) -> 2 | R19: =IF(RIGHT(P56,1)="L",0,(IF(P56="","",(IF(RIGHT(P56,1)>LEFT(P56,1),2,1))))) -> 2 | S19: =IF((AND(COUNTIF(J7:J30,">""")>2,COUNTIF(P33:P60,">""")>0)),SUM(K19,L19,M19,N19,O19,P19,Q19,R19),"") -> 12 | U19: 1
K20: =IF(RIGHT(P41,1)="W",$M$4&":0(W)",IF(RIGHT(P41,1)="L","0:"&$M$4&"(L)",IF(P41="","",RIGHT(P41,1)&":"&LEFT(P41,1)))) | L20: =IF(LEFT(P37,1)="W",$M$4&":0(W)",IF(LEFT(P37,1)="L","0:"&$M$4&"(L)",IF(P37="","",P37))) -> 3:2 | M20: =IF(RIGHT(P34,1)="W",$M$4&":0(W)",IF(RIGHT(P34,1)="L","0:"&$M$4&"(L)",IF(P34="","",RIGHT(P34,1)&":"&LEFT(P34,1)))) -> 3:0 | N20: =IF(LEFT(P46,1)="W",$M$4&":0(W)",IF(LEFT(P46,1)="L","0:"&$M$4&"(L)",IF(P46="","",P46))) -> 3:1 | P20: =IF(LEFT(P59,1)="W",$M$4&":0(W)",IF(LEFT(P59,1)="L","0:"&$M$4&"(L)",IF(P59="","",P59))) -> 3:1 | Q20: =IF(LEFT(P51,1)="W",$M$4&":0(W)",IF(LEFT(P51,1)="L","0:"&$M$4&"(L)",IF(P51="","",P51))) -> 3:0 | R20: =IF(RIGHT(P56,1)="W",$M$4&":0(W)",IF(RIGHT(P56,1)="L","0:"&$M$4&"(L)",IF(P56="","",RIGHT(P56,1)&":"&LEFT(P56,1)))) -> 3:1
K21: =IF(P41="","",IF(Q41="","",REPLACE(SUBSTITUTE(SUBSTITUTE(SUBSTITUTE(SUBSTITUTE(","&Q41,",-","#"),",","-"),"#",","),"-",",-"),1,1,""))) | L21: =IF(P37="","",IF(Q37="","",Q37)) | M21: =IF(P34="","",IF(Q34="","",REPLACE(SUBSTITUTE(SUBSTITUTE(SUBSTITUTE(SUBSTITUTE(","&Q34,",-","#"),",","-"),"#",","),"-",",-"),1,1,""))) | N21: =IF(P46="","",IF(Q46="","",Q46)) | P21: =IF(P59="","",IF(Q59="","",Q59)) | Q21: =IF(P51="","",IF(Q51="","",Q51)) | R21: =IF(P56="","",IF(Q56="","",REPLACE(SUBSTITUTE(SUBSTITUTE(SUBSTITUTE(SUBSTITUTE(","&Q56,",-","#"),",","-"),"#",","),"-",",-"),1,1,"")))
B22: 3:0 | G22: 6 | H22: КМС | I22: 20 | J22: Нурмухамет Данияр+ | K22: =IF(LEFT(P38,1)="L",0,(IF(P38="","",(IF(LEFT(P38,1)>RIGHT(P38,1),2,1))))) | L22: =IF(RIGHT(P33,1)="L",0,(IF(P33="","",(IF(RIGHT(P33,1)>LEFT(P33,1),2,1))))) -> 1 | M22: =IF(LEFT(P48,1)="L",0,(IF(P48="","",(IF(LEFT(P48,1)>RIGHT(P48,1),2,1))))) -> 2 | N22: =IF(RIGHT(P43,1)="L",0,(IF(P43="","",(IF(RIGHT(P43,1)>LEFT(P43,1),2,1))))) -> 1 | O22: =IF(RIGHT(P59,1)="L",0,(IF(P59="","",(IF(RIGHT(P59,1)>LEFT(P59,1),2,1))))) -> 1 | Q22: =IF(RIGHT(P55,1)="L",0,(IF(P55="","",(IF(RIGHT(P55,1)>LEFT(P55,1),2,1))))) -> 2 | R22: =IF(LEFT(P52,1)="L",0,(IF(P52="","",(IF(LEFT(P52,1)>RIGHT(P52,1),2,1))))) -> 1 | S22: =IF((AND(COUNTIF(J7:J30,">""")>2,COUNTIF(P33:P60,">""")>0)),SUM(K22,L22,M22,N22,O22,P22,Q22,R22),"") -> 8 | U22: 5
B23: 3:1 | K23: =IF(LEFT(P38,1)="W",$M$4&":0(W)",IF(LEFT(P38,1)="L","0:"&$M$4&"(L)",IF(P38="","",P38))) | L23: =IF(RIGHT(P33,1)="W",$M$4&":0(W)",IF(RIGHT(P33,1)="L","0:"&$M$4&"(L)",IF(P33="","",RIGHT(P33,1)&":"&LEFT(P33,1)))) -> 1:3 | M23: =IF(LEFT(P48,1)="W",$M$4&":0(W)",IF(LEFT(P48,1)="L","0:"&$M$4&"(L)",IF(P48="","",P48))) -> 3:2 | N23: =IF(RIGHT(P43,1)="W",$M$4&":0(W)",IF(RIGHT(P43,1)="L","0:"&$M$4&"(L)",IF(P43="","",RIGHT(P43,1)&":"&LEFT(P43,1)))) -> 1:3 | O23: =IF(RIGHT(P59,1)="W",$M$4&":0(W)",IF(RIGHT(P59,1)="L","0:"&$M$4&"(L)",IF(P59="","",RIGHT(P59,1)&":"&LEFT(P59,1)))) -> 1:3 | Q23: =IF(RIGHT(P55,1)="W",$M$4&":0(W)",IF(RIGHT(P55,1)="L","0:"&$M$4&"(L)",IF(P55="","",RIGHT(P55,1)&":"&LEFT(P55,1)))) -> 3:0 | R23: =IF(LEFT(P52,1)="W",$M$4&":0(W)",IF(LEFT(P52,1)="L","0:"&$M$4&"(L)",IF(P52="","",P52))) -> 2:3
B24: 3:2 | K24: =IF(P38="","",IF(Q38="","",Q38)) | L24: =IF(P33="","",IF(Q33="","",REPLACE(SUBSTITUTE(SUBSTITUTE(SUBSTITUTE(SUBSTITUTE(","&Q33,",-","#"),",","-"),"#",","),"-",",-"),1,1,""))) | M24: =IF(P48="","",IF(Q48="","",Q48)) | N24: =IF(P43="","",IF(Q43="","",REPLACE(SUBSTITUTE(SUBSTITUTE(SUBSTITUTE(SUBSTITUTE(","&Q43,",-","#"),",","-"),"#",","),"-",",-"),1,1,""))) | O24: =IF(P59="","",IF(Q59="","",REPLACE(SUBSTITUTE(SUBSTITUTE(SUBSTITUTE(SUBSTITUTE(","&Q59,",-","#"),",","-"),"#",","),"-",",-"),1,1,""))) | Q24: =IF(P55="","",IF(Q55="","",REPLACE(SUBSTITUTE(SUBSTITUTE(SUBSTITUTE(SUBSTITUTE(","&Q55,",-","#"),",","-"),"#",","),"-",",-"),1,1,""))) | R24: =IF(P52="","",IF(Q52="","",Q52))
B25: 0:3 | G25: 7 | I25: 21 | J25: Утельбеков Ермек+ | K25: =IF(RIGHT(P35,1)="L",0,(IF(P35="","",(IF(RIGHT(P35,1)>LEFT(P35,1),2,1))))) | L25: =IF(LEFT(P47,1)="L",0,(IF(P47="","",(IF(LEFT(P47,1)>RIGHT(P47,1),2,1))))) -> 1 | M25: =IF(RIGHT(P44,1)="L",0,(IF(P44="","",(IF(RIGHT(P44,1)>LEFT(P44,1),2,1))))) -> 1 | N25: =IF(LEFT(P40,1)="L",0,(IF(P40="","",(IF(LEFT(P40,1)>RIGHT(P40,1),2,1))))) -> 1 | O25: =IF(RIGHT(P51,1)="L",0,(IF(P51="","",(IF(RIGHT(P51,1)>LEFT(P51,1),2,1))))) -> 1 | P25: =IF(LEFT(P55,1)="L",0,(IF(P55="","",(IF(LEFT(P55,1)>RIGHT(P55,1),2,1))))) -> 1 | R25: =IF(LEFT(P60,1)="L",0,(IF(P60="","",(IF(LEFT(P60,1)>RIGHT(P60,1),2,1))))) -> 0 | S25: =IF((AND(COUNTIF(J7:J30,">""")>2,COUNTIF(P33:P60,">""")>0)),SUM(K25,L25,M25,N25,O25,P25,Q25,R25),"") -> 5 | U25: 7
B26: 1:3 | K26: =IF(RIGHT(P35,1)="W",$M$4&":0(W)",IF(RIGHT(P35,1)="L","0:"&$M$4&"(L)",IF(P35="","",RIGHT(P35,1)&":"&LEFT(P35,1)))) | L26: =IF(LEFT(P47)="W",$M$4&":0(W)",IF(LEFT(P47,1)="L","0:"&$M$4&"(L)",IF(P47="","",P47))) -> 0:3 | M26: =IF(RIGHT(P44,1)="W",$M$4&":0(W)",IF(RIGHT(P44,1)="L","0:"&$M$4&"(L)",IF(P44="","",RIGHT(P44,1)&":"&LEFT(P44,1)))) -> 2:3 | N26: =IF(LEFT(P40,1)="W",$M$4&":0(W)",IF(LEFT(P40,1)="L","0:"&$M$4&"(L)",IF(P40="","",P40))) -> 2:3 | O26: =IF(RIGHT(P51,1)="W",$M$4&":0(W)",IF(RIGHT(P51,1)="L","0:"&$M$4&"(L)",IF(P51="","",RIGHT(P51,1)&":"&LEFT(P51,1)))) -> 0:3 | P26: =IF(LEFT(P55,1)="W",$M$4&":0(W)",IF(LEFT(P55,1)="L","0:"&$M$4&"(L)",IF(P55="","",P55))) -> 0:3 | R26: =IF(LEFT(P60,1)="W",$M$4&":0(W)",IF(LEFT(P60,1)="L","0:"&$M$4&"(L)",IF(P60="","",P60))) -> 0:3(L)
B27: 2:3 | K27: =IF(P35="","",IF(Q35="","",REPLACE(SUBSTITUTE(SUBSTITUTE(SUBSTITUTE(SUBSTITUTE(","&Q35,",-","#"),",","-"),"#",","),"-",",-"),1,1,""))) | L27: =IF(P47="","",IF(Q47="","",Q47)) | M27: =IF(P44="","",IF(Q44="","",REPLACE(SUBSTITUTE(SUBSTITUTE(SUBSTITUTE(SUBSTITUTE(","&Q44,",-","#"),",","-"),"#",","),"-",",-"),1,1,""))) | N27: =IF(P40="","",IF(Q40="","",Q40)) | O27: =IF(P51="","",IF(Q51="","",REPLACE(SUBSTITUTE(SUBSTITUTE(SUBSTITUTE(SUBSTITUTE(","&Q51,",-","#"),",","-"),"#",","),"-",",-"),1,1,""))) | P27: =IF(P55="","",IF(Q55="","",Q55)) | R27: =IF(P60="","",IF(Q60="","",Q60))
B28: W:L | G28: 8 | H28: КМС | I28: 26 | J28: Алимбаев Максат+ | K28: =IF(LEFT(P45,1)="L",0,(IF(P45="","",(IF(LEFT(P45,1)>RIGHT(P45,1),2,1))))) | L28: =IF(RIGHT(P42,1)="L",0,(IF(P42="","",(IF(RIGHT(P42,1)>LEFT(P42,1),2,1))))) -> 2 | M28: =IF(LEFT(P39,1)="L",0,(IF(P39="","",(IF(LEFT(P39,1)>RIGHT(P39,1),2,1))))) -> 1 | N28: =IF(RIGHT(P36,1)="L",0,(IF(P36="","",(IF(RIGHT(P36,1)>LEFT(P36,1),2,1))))) -> 2 | O28: =IF(LEFT(P56,1)="L",0,(IF(P56="","",(IF(LEFT(P56,1)>RIGHT(P56,1),2,1))))) -> 1 | P28: =IF(RIGHT(P52,1)="L",0,(IF(P52="","",(IF(RIGHT(P52,1)>LEFT(P52,1),2,1))))) -> 2 | Q28: =IF(RIGHT(P60,1)="L",0,(IF(P60="","",(IF(RIGHT(P60,1)>LEFT(P60,1),2,1))))) -> 2 | S28: =IF((AND(COUNTIF(J7:J30,">""")>2,COUNTIF(P33:P60,">""")>0)),SUM(K28,L28,M28,N28,O28,P28,Q28,R28),"") -> 10 | U28: 2
B29: L:W | K29: =IF(LEFT(P45,1)="W",$M$4&":0(W)",IF(LEFT(P45,1)="L","0:"&$M$4&"(L)",IF(P45="","",P45))) | L29: =IF(RIGHT(P42,1)="W",$M$4&":0(W)",IF(RIGHT(P42,1)="L","0:"&$M$4&"(L)",IF(P42="","",RIGHT(P42,1)&":"&LEFT(P42,1)))) -> 3:1 | M29: =IF(LEFT(P39,1)="W",$M$4&":0(W)",IF(LEFT(P39,1)="L","0:"&$M$4&"(L)",IF(P39="","",P39))) -> 1:3 | N29: =IF(RIGHT(P36,1)="W",$M$4&":0(W)",IF(RIGHT(P36,1)="L","0:"&$M$4&"(L)",IF(P36="","",RIGHT(P36,1)&":"&LEFT(P36,1)))) -> 3:2 | O29: =IF(LEFT(P56,1)="W",$M$4&":0(W)",IF(LEFT(P56,1)="L","0:"&$M$4&"(L)",IF(P56="","",P56))) -> 1:3 | P29: =IF(RIGHT(P52,1)="W",$M$4&":0(W)",IF(RIGHT(P52,1)="L","0:"&$M$4&"(L)",IF(P52="","",RIGHT(P52,1)&":"&LEFT(P52,1)))) -> 3:2 | Q29: =IF(RIGHT(P60,1)="W",$M$4&":0(W)",IF(RIGHT(P60,1)="L","0:"&$M$4&"(L)",IF(P60="","",RIGHT(P60,1)&":"&LEFT(P60,1)))) -> 3:0(W)
B30: 2:0 | K30: =IF(P45="","",IF(Q45="","",Q45)) | L30: =IF(P42="","",IF(Q42="","",REPLACE(SUBSTITUTE(SUBSTITUTE(SUBSTITUTE(SUBSTITUTE(","&Q42,",-","#"),",","-"),"#",","),"-",",-"),1,1,""))) | M30: =IF(P39="","",IF(Q39="","",Q39)) | N30: =IF(P36="","",IF(Q36="","",REPLACE(SUBSTITUTE(SUBSTITUTE(SUBSTITUTE(SUBSTITUTE(","&Q36,",-","#"),",","-"),"#",","),"-",",-"),1,1,""))) | O30: =IF(P56="","",IF(Q56="","",Q56)) | P30: =IF(P52="","",IF(Q52="","",REPLACE(SUBSTITUTE(SUBSTITUTE(SUBSTITUTE(SUBSTITUTE(","&Q52,",-","#"),",","-"),"#",","),"-",",-"),1,1,""))) | Q30: =IF(P60="","",IF(Q60="","",REPLACE(SUBSTITUTE(SUBSTITUTE(SUBSTITUTE(SUBSTITUTE(","&Q60,",-","#"),",","-"),"#",","),"-",",-"),1,1,"")))
B31: 2:1
B32: 1:2 | I32: ю | P32: счет по сетам | Q32: мячи
B33: 0:2 | G33: 1 круг | I33: 9 | J33: =IF(А1!Уч2="","",А1!Уч2) -> Токтамыс Нурбол+ | K33: ="-" -> - | L33: =IF(А1!Уч6="","",А1!Уч6) -> Нурмухамет Данияр+ | P33: 3:1 | S33: =IF(AND(I33<>"",P33=""),"встреча играется",IF(P33<>"","сыграна","")) -> сыграна
B34: 4:0 | I34: 13 | J34: =IF(А1!Уч3="","",А1!Уч3) -> Ибраев Ерлан+ | K34: ="-" -> - | L34: =IF(А1!Уч5="","",А1!Уч5) -> Суртубаев Марат+ | P34: 0:3 | S34: =IF(AND(I34<>"",P34=""),"встреча играется",IF(P34<>"","сыграна","")) -> сыграна
B35: 4:1 | J35: =IF(А1!Уч1="","",А1!Уч1) -> Дуйсенбай Есенали | K35: ="-" -> - | L35: =IF(А1!Уч7="","",А1!Уч7) -> Утельбеков Ермек+ | S35: =IF(AND(I35<>"",P35=""),"встреча играется",IF(P35<>"","сыграна",""))
B36: 4:2 | I36: 14 | J36: =IF(А1!Уч4="","",А1!Уч4) -> Тажиев Нурсултан+ | K36: ="-" -> - | L36: =IF(А1!Уч8="","",А1!Уч8) -> Алимбаев Максат+ | P36: 2:3 | S36: =IF(AND(I36<>"",P36=""),"встреча играется",IF(P36<>"","сыграна","")) -> сыграна
B37: 4:3 | G37: 2 круг | I37: 9 | J37: =IF(А1!Уч5="","",А1!Уч5) -> Суртубаев Марат+ | K37: ="-" -> - | L37: =IF(А1!Уч2="","",А1!Уч2) -> Токтамыс Нурбол+ | P37: 3:2 | S37: =IF(AND(I37<>"",P37=""),"встреча играется",IF(P37<>"","сыграна","")) -> сыграна
B38: 0:4 | J38: =IF(А1!Уч6="","",А1!Уч6) -> Нурмухамет Данияр+ | K38: ="-" -> - | L38: =IF(А1!Уч1="","",А1!Уч1) -> Дуйсенбай Есенали | S38: =IF(AND(I38<>"",P38=""),"встреча играется",IF(P38<>"","сыграна",""))
B39: 1:4 | I39: 12 | J39: =IF(А1!Уч8="","",А1!Уч8) -> Алимбаев Максат+ | K39: ="-" -> - | L39: =IF(А1!Уч3="","",А1!Уч3) -> Ибраев Ерлан+ | P39: 1:3 | S39: =IF(AND(I39<>"",P39=""),"встреча играется",IF(P39<>"","сыграна","")) -> сыграна
B40: 2:4 | I40: 14 | J40: =IF(А1!Уч7="","",А1!Уч7) -> Утельбеков Ермек+ | K40: ="-" -> - | L40: =IF(А1!Уч4="","",А1!Уч4) -> Тажиев Нурсултан+ | P40: 2:3 | S40: =IF(AND(I40<>"",P40=""),"встреча играется",IF(P40<>"","сыграна","")) -> сыграна
B41: 3:4 | G41: 3 круг | J41: =IF(А1!Уч1="","",А1!Уч1) -> Дуйсенбай Есенали | K41: ="-" -> - | L41: =IF(А1!Уч5="","",А1!Уч5) -> Суртубаев Марат+ | S41: =IF(AND(I41<>"",P41=""),"встреча играется",IF(P41<>"","сыграна",""))
I42: 12 | J42: =IF(А1!Уч2="","",А1!Уч2) -> Токтамыс Нурбол+ | K42: ="-" -> - | L42: =IF(А1!Уч8="","",А1!Уч8) -> Алимбаев Максат+ | P42: 1:3 | S42: =IF(AND(I42<>"",P42=""),"встреча играется",IF(P42<>"","сыграна","")) -> сыграна
I43: 14 | J43: =IF(А1!Уч4="","",А1!Уч4) -> Тажиев Нурсултан+ | K43: ="-" -> - | L43: =IF(А1!Уч6="","",А1!Уч6) -> Нурмухамет Данияр+ | P43: 3:1 | S43: =IF(AND(I43<>"",P43=""),"встреча играется",IF(P43<>"","сыграна","")) -> сыграна
I44: 13 | J44: =IF(А1!Уч3="","",А1!Уч3) -> Ибраев Ерлан+ | K44: ="-" -> - | L44: =IF(А1!Уч7="","",А1!Уч7) -> Утельбеков Ермек+ | P44: 3:2 | S44: =IF(AND(I44<>"",P44=""),"встреча играется",IF(P44<>"","сыграна","")) -> сыграна
G45: 4 круг | J45: =IF(А1!Уч8="","",А1!Уч8) -> Алимбаев Максат+ | K45: ="-" -> - | L45: =IF(А1!Уч1="","",А1!Уч1) -> Дуйсенбай Есенали | S45: =IF(AND(I45<>"",P45=""),"встреча играется",IF(P45<>"","сыграна",""))
I46: 20 | J46: =IF(А1!Уч5="","",А1!Уч5) -> Суртубаев Марат+ | K46: ="-" -> - | L46: =IF(А1!Уч4="","",А1!Уч4) -> Тажиев Нурсултан+ | P46: 3:1 | S46: =IF(AND(I46<>"",P46=""),"встреча играется",IF(P46<>"","сыграна","")) -> сыграна
I47: 21 | J47: =IF(А1!Уч7="","",А1!Уч7) -> Утельбеков Ермек+ | K47: ="-" -> - | L47: =IF(А1!Уч2="","",А1!Уч2) -> Токтамыс Нурбол+ | P47: 0:3 | S47: =IF(AND(I47<>"",P47=""),"встреча играется",IF(P47<>"","сыграна","")) -> сыграна
I48: 11 | J48: =IF(А1!Уч6="","",А1!Уч6) -> Нурмухамет Данияр+ | K48: ="-" -> - | L48: =IF(А1!Уч3="","",А1!Уч3) -> Ибраев Ерлан+ | P48: 3:2 | S48: =IF(AND(I48<>"",P48=""),"встреча играется",IF(P48<>"","сыграна","")) -> сыграна
G49: 5 круг | J49: =IF(А1!Уч1="","",А1!Уч1) -> Дуйсенбай Есенали | K49: ="-" -> - | L49: =IF(А1!Уч3="","",А1!Уч3) -> Ибраев Ерлан+ | S49: =IF(AND(I49<>"",P49=""),"встреча играется",IF(P49<>"","сыграна",""))
I50: 14 | J50: =IF(А1!Уч2="","",А1!Уч2) -> Токтамыс Нурбол+ | K50: ="-" -> - | L50: =IF(А1!Уч4="","",А1!Уч4) -> Тажиев Нурсултан+ | P50: 3:1 | S50: =IF(AND(I50<>"",P50=""),"встреча играется",IF(P50<>"","сыграна","")) -> сыграна
I51: 9 | J51: =IF(А1!Уч5="","",А1!Уч5) -> Суртубаев Марат+ | K51: ="-" -> - | L51: =IF(А1!Уч7="","",А1!Уч7) -> Утельбеков Ермек+ | P51: 3:0 | S51: =IF(AND(I51<>"",P51=""),"встреча играется",IF(P51<>"","сыграна","")) -> сыграна
I52: 12 | J52: =IF(А1!Уч6="","",А1!Уч6) -> Нурмухамет Данияр+ | K52: ="-" -> - | L52: =IF(А1!Уч8="","",А1!Уч8) -> Алимбаев Максат+ | P52: 2:3 | S52: =IF(AND(I52<>"",P52=""),"встреча играется",IF(P52<>"","сыграна","")) -> сыграна
G53: 6 круг | J53: =IF(А1!Уч4="","",А1!Уч4) -> Тажиев Нурсултан+ | K53: ="-" -> - | L53: =IF(А1!Уч1="","",А1!Уч1) -> Дуйсенбай Есенали | S53: =IF(AND(I53<>"",P53=""),"встреча играется",IF(P53<>"","сыграна",""))
I54: 13 | J54: =IF(А1!Уч3="","",А1!Уч3) -> Ибраев Ерлан+ | K54: ="-" -> - | L54: =IF(А1!Уч2="","",А1!Уч2) -> Токтамыс Нурбол+ | P54: 1:3 | S54: =IF(AND(I54<>"",P54=""),"встреча играется",IF(P54<>"","сыграна","")) -> сыграна
I55: 12 | J55: =IF(А1!Уч7="","",А1!Уч7) -> Утельбеков Ермек+ | K55: ="-" -> - | L55: =IF(А1!Уч6="","",А1!Уч6) -> Нурмухамет Данияр+ | P55: 0:3 | S55: =IF(AND(I55<>"",P55=""),"встреча играется",IF(P55<>"","сыграна","")) -> сыграна
I56: 9 | J56: =IF(А1!Уч8="","",А1!Уч8) -> Алимбаев Максат+ | K56: ="-" -> - | L56: =IF(А1!Уч5="","",А1!Уч5) -> Суртубаев Марат+ | P56: 1:3 | S56: =IF(AND(I56<>"",P56=""),"встреча играется",IF(P56<>"","сыграна","")) -> сыграна
G57: 7 круг | J57: =IF(А1!Уч1="","",А1!Уч1) -> Дуйсенбай Есенали | K57: ="-" -> - | L57: =IF(А1!Уч2="","",А1!Уч2) -> Токтамыс Нурбол+ | S57: =IF(AND(I57<>"",P57=""),"встреча играется",IF(P57<>"","сыграна",""))
I58: 14 | J58: =IF(А1!Уч3="","",А1!Уч3) -> Ибраев Ерлан+ | K58: ="-" -> - | L58: =IF(А1!Уч4="","",А1!Уч4) -> Тажиев Нурсултан+ | P58: 0:3 | S58: =IF(AND(I58<>"",P58=""),"встреча играется",IF(P58<>"","сыграна","")) -> сыграна
I59: 15 | J59: =IF(А1!Уч5="","",А1!Уч5) -> Суртубаев Марат+ | K59: ="-" -> - | L59: =IF(А1!Уч6="","",А1!Уч6) -> Нурмухамет Данияр+ | P59: 3:1 | S59: =IF(AND(I59<>"",P59=""),"встреча играется",IF(P59<>"","сыграна","")) -> сыграна
J60: =IF(А1!Уч7="","",А1!Уч7) -> Утельбеков Ермек+ | K60: ="-" -> - | L60: =IF(А1!Уч8="","",А1!Уч8) -> Алимбаев Максат+ | P60: L:W | S60: =IF(AND(I60<>"",P60=""),"встреча играется",IF(P60<>"","сыграна","")) -> сыграна

Sheet А2
D1: Турнир Открытое первенство города Астана (лиги) | K1: Дата: | L1: =Суперлига!L1 -> 46033
K4: матчи до | M4: 3 | N4: побед
C5: =IF(COUNTIF(D7:D14,"")>0,1,0) -> 0 | E5: =IF((COUNTIF(L33:R60,">""")+COUNTIF(T7:U30,">"""))>0,1,0) -> 1
C6: № | D6: Участники турнира | E6: Рейтинг | G6: № | H6: Разряд | I6: R | J6: Фамилия Имя | K6: 1 | L6: 2 | M6: 3 | N6: 4 | O6: 5 | P6: 6 | Q6: 7 | R6: 8 | S6: Очки | T6: Соотн. | U6: Место
C7: 1 | D7: Овчинников Евгений | G7: 1 | H7: КМС | I7: 22 | J7: Овчинников Евгений+ | L7: =IF(LEFT(P57,1)="L",0,(IF(P57="","",(IF(LEFT(P57,1)>RIGHT(P57,1),2,1))))) -> 1 | M7: =IF(LEFT(P49,1)="L",0,(IF(P49="","",(IF(LEFT(P49,1)>RIGHT(P49,1),2,1))))) -> 1 | N7: =IF(RIGHT(P53,1)="L",0,(IF(P53="","",(IF(RIGHT(P53,1)>LEFT(P53,1),2,1))))) -> 2 | O7: =IF(LEFT(P41,1)="L",0,(IF(P41="","",(IF(LEFT(P41,1)>RIGHT(P41,1),2,1))))) -> 2 | P7: =IF(RIGHT(P38,1)="L",0,(IF(P38="","",(IF(RIGHT(P38,1)>LEFT(P38,1),2,1))))) -> 2 | Q7: =IF(LEFT(P35,1)="L",0,(IF(P35="","",(IF(LEFT(P35,1)>RIGHT(P35,1),2,1))))) -> 2 | R7: =IF(RIGHT(P45,1)="L",0,(IF(P45="","",(IF(RIGHT(P45,1)>LEFT(P45,1),2,1))))) -> 1 | S7: =IF((AND(COUNTIF(J7:J30,">""")>2,COUNTIF(P33:P60,">""")>0)),SUM(K7,L7,M7,N7,O7,P7,Q7,R7),"") -> 11 | U7: 4
C8: 2 | D8: Пак Данил | L8: =IF(LEFT(P57,1)="W",$M$4&":0(W)",IF(LEFT(P57,1)="L","0:"&$M$4&"(L)",IF(P57="","",P57))) -> 1:3 | M8: =IF(LEFT(P49,1)="W",$M$4&":0(W)",IF(LEFT(P49,1)="L","0:"&$M$4&"(L)",IF(P49="","",P49))) -> 1:3 | N8: =IF(RIGHT(P53,1)="W",$M$4&":0(W)",IF(RIGHT(P53,1)="L","0:"&$M$4&"(L)",IF(P53="","",RIGHT(P53,1)&":"&LEFT(P53,1)))) -> 3:2 | O8: =IF(LEFT(P41,1)="W",$M$4&":0(W)",IF(LEFT(P41,1)="L","0:"&$M$4&"(L)",IF(P41="","",P41))) -> 3:1 | P8: =IF(RIGHT(P38,1)="W",$M$4&":0(W)",IF(RIGHT(P38,1)="L","0:"&$M$4&"(L)",IF(P38="","",RIGHT(P38,1)&":"&LEFT(P38,1)))) -> 3:2 | Q8: =IF(LEFT(P35,1)="W",$M$4&":0(W)",IF(LEFT(P35,1)="L","0:"&$M$4&"(L)",IF(P35="","",P35))) -> 3:2 | R8: =IF(RIGHT(P45,1)="W",$M$4&":0(W)",IF(RIGHT(P45,1)="L","0:"&$M$4&"(L)",IF(P45="","",RIGHT(P45,1)&":"&LEFT(P45,1)))) -> 0:3
C9: 3 | D9: Садыков Алмаз | L9: =IF(P57="","",IF(Q57="","",Q57)) | M9: =IF(P49="","",IF(Q49="","",Q49)) | N9: =IF(P53="","",IF(Q53="","",REPLACE(SUBSTITUTE(SUBSTITUTE(SUBSTITUTE(SUBSTITUTE(","&Q53,",-","#"),",","-"),"#",","),"-",",-"),1,1,""))) | O9: =IF(P41="","",IF(Q41="","",Q41)) | P9: =IF(P38="","",IF(Q38="","",REPLACE(SUBSTITUTE(SUBSTITUTE(SUBSTITUTE(SUBSTITUTE(","&Q38,",-","#"),",","-"),"#",","),"-",",-"),1,1,""))) | Q9: =IF(P35="","",IF(Q35="","",Q35)) | R9: =IF(P45="","",IF(Q45="","",REPLACE(SUBSTITUTE(SUBSTITUTE(SUBSTITUTE(SUBSTITUTE(","&Q45,",-","#"),",","-"),"#",","),"-",",-"),1,1,"")))
C10: 4 | D10: Шакар Ерасыл | G10: 2 | H10: МС | I10: 34 | J10: Пак Данил+ | K10: =IF(RIGHT(P57,1)="L",0,(IF(P57="","",(IF(RIGHT(P57,1)>LEFT(P57,1),2,1))))) -> 2 | M10: =IF(RIGHT(P54,1)="L",0,(IF(P54="","",(IF(RIGHT(P54,1)>LEFT(P54,1),2,1))))) -> 1 | N10: =IF(LEFT(P50,1)="L",0,(IF(P50="","",(IF(LEFT(P50,1)>RIGHT(P50,1),2,1))))) -> 2 | O10: =IF(RIGHT(P37,1)="L",0,(IF(P37="","",(IF(RIGHT(P37,1)>LEFT(P37,1),2,1))))) -> 2 | P10: =IF(LEFT(P33,1)="L",0,(IF(P33="","",(IF(LEFT(P33,1)>RIGHT(P33,1),2,1))))) -> 1 | Q10: =IF(RIGHT(P47,1)="L",0,(IF(P47="","",(IF(RIGHT(P47,1)>LEFT(P47,1),2,1))))) -> 2 | R10: =IF(LEFT(P42,1)="L",0,(IF(P42="","",(IF(LEFT(P42,1)>RIGHT(P42,1),2,1))))) -> 2 | S10: =IF((AND(COUNTIF(J7:J30,">""")>2,COUNTIF(P33:P60,">""")>0)),SUM(K10,L10,M10,N10,O10,P10,Q10,R10),"") -> 12 | U10: 3
C11: 5 | D11: Капышев Нуржан | K11: =IF(RIGHT(P57,1)="W",$M$4&":0(W)",IF(RIGHT(P57,1)="L","0:"&$M$4&"(L)",IF(P57="","",RIGHT(P57,1)&":"&LEFT(P57,1)))) -> 3:1 | M11: =IF(RIGHT(P54,1)="W",$M$4&":0(W)",IF(RIGHT(P54,1)="L","0:"&$M$4&"(L)",IF(P54="","",RIGHT(P54,1)&":"&LEFT(P54,1)))) -> 0:3 | N11: =IF(LEFT(P50,1)="W",$M$4&":0(W)",IF(LEFT(P50,1)="L","0:"&$M$4&"(L)",IF(P50="","",P50))) -> 3:1 | O11: =IF(RIGHT(P37,1)="W",$M$4&":0(W)",IF(RIGHT(P37,1)="L","0:"&$M$4&"(L)",IF(P37="","",RIGHT(P37,1)&":"&LEFT(P37,1)))) -> 3:1 | P11: =IF(LEFT(P33,1)="W",$M$4&":0(W)",IF(LEFT(P33,1)="L","0:"&$M$4&"(L)",IF(P33="","",P33))) -> 2:3 | Q11: =IF(RIGHT(P47,1)="W",$M$4&":0(W)",IF(RIGHT(P47,1)="L","0:"&$M$4&"(L)",IF(P47="","",RIGHT(P47,1)&":"&LEFT(P47,1)))) -> 3:2 | R11: =IF(LEFT(P42,1)="W",$M$4&":0(W)",IF(LEFT(P42,1)="L","0:"&$M$4&"(L)",IF(P42="","",P42))) -> 3:0
C12: 6 | D12: Куанышбеков Алмат | K12: =IF(P57="","",IF(Q57="","",REPLACE(SUBSTITUTE(SUBSTITUTE(SUBSTITUTE(SUBSTITUTE(","&Q57,",-","#"),",","-"),"#",","),"-",",-"),1,1,""))) | M12: =IF(P54="","",IF(Q54="","",REPLACE(SUBSTITUTE(SUBSTITUTE(SUBSTITUTE(SUBSTITUTE(","&Q54,",-","#"),",","-"),"#",","),"-",",-"),1,1,""))) | N12: =IF(P50="","",IF(Q50="","",Q50)) | O12: =IF(P37="","",IF(Q37="","",REPLACE(SUBSTITUTE(SUBSTITUTE(SUBSTITUTE(SUBSTITUTE(","&Q37,",-","#"),",","-"),"#",","),"-",",-"),1,1,""))) | P12: =IF(P33="","",IF(Q33="","",Q33)) | Q12: =IF(P47="","",IF(Q47="","",REPLACE(SUBSTITUTE(SUBSTITUTE(SUBSTITUTE(SUBSTITUTE(","&Q47,",-","#"),",","-"),"#",","),"-",",-"),1,1,""))) | R12: =IF(P42="","",IF(Q42="","",Q42))
C13: 7 | D13: Боченин Игорь | G13: 3 | H13: МС | I13: 34 | J13: Садыков Алмаз+ | K13: =IF(RIGHT(P49,1)="L",0,(IF(P49="","",(IF(RIGHT(P49,1)>LEFT(P49,1),2,1))))) -> 2 | L13: =IF(LEFT(P54,1)="L",0,(IF(P54="","",(IF(LEFT(P54,1)>RIGHT(P54,1),2,1))))) -> 2 | N13: =IF(LEFT(P58,1)="L",0,(IF(P58="","",(IF(LEFT(P58,1)>RIGHT(P58,1),2,1))))) -> 2 | O13: =IF(LEFT(P34,1)="L",0,(IF(P34="","",(IF(LEFT(P34,1)>RIGHT(P34,1),2,1))))) -> 2 | P13: =IF(RIGHT(P48,1)="L",0,(IF(P48="","",(IF(RIGHT(P48,1)>LEFT(P48,1),2,1))))) -> 1 | Q13: =IF(LEFT(P44,1)="L",0,(IF(P44="","",(IF(LEFT(P44,1)>RIGHT(P44,1),2,1))))) -> 2 | R13: =IF(RIGHT(P39,1)="L",0,(IF(P39="","",(IF(RIGHT(P39,1)>LEFT(P39,1),2,1))))) -> 2 | S13: =IF((AND(COUNTIF(J7:J30,">""")>2,COUNTIF(P33:P60,">""")>0)),SUM(K13,L13,M13,N13,O13,P13,Q13,R13),"") -> 13 | U13: 1
C14: 8 | D14: Ердяков Роман | K14: =IF(RIGHT(P49,1)="W",$M$4&":0(W)",IF(RIGHT(P49,1)="L","0:"&$M$4&"(L)",IF(P49="","",RIGHT(P49,1)&":"&LEFT(P49,1)))) -> 3:1 | L14: =IF(LEFT(P54,1)="W",$M$4&":0(W)",IF(LEFT(P54,1)="L","0:"&$M$4&"(L)",IF(P54="","",P54))) -> 3:0 | N14: =IF(LEFT(P58,1)="W",$M$4&":0(W)",IF(LEFT(P58,1)="L","0:"&$M$4&"(L)",IF(P58="","",P58))) -> 3:1 | O14: =IF(LEFT(P34,1)="W",$M$4&":0(W)",IF(LEFT(P34,1)="L","0:"&$M$4&"(L)",IF(P34="","",P34))) -> 3:2 | P14: =IF(RIGHT(P48,1)="W",$M$4&":0(W)",IF(RIGHT(P48,1)="L","0:"&$M$4&"(L)",IF(P48="","",RIGHT(P48,1)&":"&LEFT(P48,1)))) -> 2:3 | Q14: =IF(LEFT(P44,1)="W",$M$4&":0(W)",IF(LEFT(P44,1)="L","0:"&$M$4&"(L)",IF(P44="","",P44))) -> 3:0 | R14: =IF(RIGHT(P39,1)="W",$M$4&":0(W)",IF(RIGHT(P39,1)="L","0:"&$M$4&"(L)",IF(P39="","",RIGHT(P39,1)&":"&LEFT(P39,1)))) -> 3:0
K15: =IF(P49="","",IF(Q49="","",REPLACE(SUBSTITUTE(SUBSTITUTE(SUBSTITUTE(SUBSTITUTE(","&Q49,",-","#"),",","-"),"#",","),"-",",-"),1,1,""))) | L15: =IF(P54="","",IF(Q54="","",Q54)) | N15: =IF(P58="","",IF(Q58="","",Q58)) | O15: =IF(P34="","",IF(Q34="","",Q34)) | P15: =IF(P48="","",IF(Q48="","",REPLACE(SUBSTITUTE(SUBSTITUTE(SUBSTITUTE(SUBSTITUTE(","&Q48,",-","#"),",","-"),"#",","),"-",",-"),1,1,""))) | Q15: =IF(P44="","",IF(Q44="","",Q44)) | R15: =IF(P39="","",IF(Q39="","",REPLACE(SUBSTITUTE(SUBSTITUTE(SUBSTITUTE(SUBSTITUTE(","&Q39,",-","#"),",","-"),"#",","),"-",",-"),1,1,"")))
G16: 4 | H16: КМС | I16: 19 | J16: Шакар Ерасыл+ | K16: =IF(LEFT(P53,1)="L",0,(IF(P53="","",(IF(LEFT(P53,1)>RIGHT(P53,1),2,1))))) -> 1 | L16: =IF(RIGHT(P50,1)="L",0,(IF(P50="","",(IF(RIGHT(P50,1)>LEFT(P50,1),2,1))))) -> 1 | M16: =IF(RIGHT(P58,1)="L",0,(IF(P58="","",(IF(RIGHT(P58,1)>LEFT(P58,1),2,1))))) -> 1 | O16: =IF(RIGHT(P46,1)="L",0,(IF(P46="","",(IF(RIGHT(P46,1)>LEFT(P46,1),2,1))))) -> 2 | P16: =IF(LEFT(P43,1)="L",0,(IF(P43="","",(IF(LEFT(P43,1)>RIGHT(P43,1),2,1))))) -> 1 | Q16: =IF(RIGHT(P40,1)="L",0,(IF(P40="","",(IF(RIGHT(P40,1)>LEFT(P40,1),2,1))))) -> 1 | R16: =IF(LEFT(P36,1)="L",0,(IF(P36="","",(IF(LEFT(P36,1)>RIGHT(P36,1),2,1))))) -> 2 | S16: =IF((AND(COUNTIF(J7:J30,">""")>2,COUNTIF(P33:P60,">""")>0)),SUM(K16,L16,M16,N16,O16,P16,Q16,R16),"") -> 9 | U16: 6
K17: =IF(LEFT(P53,1)="W",$M$4&":0(W)",IF(LEFT(P53,1)="L","0:"&$M$4&"(L)",IF(P53="","",P53))) -> 2:3 | L17: =IF(RIGHT(P50,1)="W",$M$4&":0(W)",IF(RIGHT(P50,1)="L","0:"&$M$4&"(L)",IF(P50="","",RIGHT(P50,1)&":"&LEFT(P50,1)))) -> 1:3 | M17: =IF(RIGHT(P58,1)="W",$M$4&":0(W)",IF(RIGHT(P58,1)="L","0:"&$M$4&"(L)",IF(P58="","",RIGHT(P58,1)&":"&LEFT(P58,1)))) -> 1:3 | O17: =IF(RIGHT(P46,1)="W",$M$4&":0(W)",IF(RIGHT(P46,1)="L","0:"&$M$4&"(L)",IF(P46="","",RIGHT(P46,1)&":"&LEFT(P46,1)))) -> 3:2 | P17: =IF(LEFT(P43,1)="W",$M$4&":0(W)",IF(LEFT(P43,1)="L","0:"&$M$4&"(L)",IF(P43="","",P43))) -> 2:3 | Q17: =IF(RIGHT(P40,1)="W",$M$4&":0(W)",IF(RIGHT(P40,1)="L","0:"&$M$4&"(L)",IF(P40="","",RIGHT(P40,1)&":"&LEFT(P40,1)))) -> 1:3 | R17: =IF(LEFT(P36,1)="W",$M$4&":0(W)",IF(LEFT(P36,1)="L","0:"&$M$4&"(L)",IF(P36="","",P36))) -> 3:0
K18: =IF(P53="","",IF(Q53="","",Q53)) | L18: =IF(P50="","",IF(Q50="","",REPLACE(SUBSTITUTE(SUBSTITUTE(SUBSTITUTE(SUBSTITUTE(","&Q50,",-","#"),",","-"),"#",","),"-",",-"),1,1,""))) | M18: =IF(P58="","",IF(Q58="","",REPLACE(SUBSTITUTE(SUBSTITUTE(SUBSTITUTE(SUBSTITUTE(","&Q58,",-","#"),",","-"),"#",","),"-",",-"),1,1,""))) | O18: =IF(P46="","",IF(Q46="","",REPLACE(SUBSTITUTE(SUBSTITUTE(SUBSTITUTE(SUBSTITUTE(","&Q46,",-","#"),",","-"),"#",","),"-",",-"),1,1,""))) | P18: =IF(P43="","",IF(Q43="","",Q43)) | Q18: =IF(P40="","",IF(Q40="","",REPLACE(SUBSTITUTE(SUBSTITUTE(SUBSTITUTE(SUBSTITUTE(","&Q40,",-","#"),",","-"),"#",","),"-",",-"),1,1,""))) | R18: =IF(P36="","",IF(Q36="","",Q36))
G19: 5 | I19: 19 | J19: Капышев Нуржан+ | K19: =IF(RIGHT(P41,1)="L",0,(IF(P41="","",(IF(RIGHT(P41,1)>LEFT(P41,1),2,1))))) -> 1 | L19: =IF(LEFT(P37,1)="L",0,(IF(P37="","",(IF(LEFT(P37,1)>RIGHT(P37,1),2,1))))) -> 1 | M19: =IF(RIGHT(P34,1)="L",0,(IF(P34="","",(IF(RIGHT(P34,1)>LEFT(P34,1),2,1))))) -> 1 | N19: =IF(LEFT(P46,1)="L",0,(IF(P46="","",(IF(LEFT(P46,1)>RIGHT(P46,1),2,1))))) -> 1 | P19: =IF(LEFT(P59,1)="L",0,(IF(P59="","",(IF(LEFT(P59,1)>RIGHT(P59,1),2,1))))) -> 1 | Q19: =IF(LEFT(P51,1)="L",0,(IF(P51="","",(IF(LEFT(P51,1)>RIGHT(P51,1),2,1))))) -> 0 | R19: =IF(RIGHT(P56,1)="L",0,(IF(P56="","",(IF(RIGHT(P56,1)>LEFT(P56,1),2,1))))) -> 1 | S19: =IF((AND(COUNTIF(J7:J30,">""")>2,COUNTIF(P33:P60,">""")>0)),SUM(K19,L19,M19,N19,O19,P19,Q19,R19),"") -> 6 | U19: 8
K20: =IF(RIGHT(P41,1)="W",$M$4&":0(W)",IF(RIGHT(P41,1)="L","0:"&$M$4&"(L)",IF(P41="","",RIGHT(P41,1)&":"&LEFT(P41,1)))) -> 1:3 | L20: =IF(LEFT(P37,1)="W",$M$4&":0(W)",IF(LEFT(P37,1)="L","0:"&$M$4&"(L)",IF(P37="","",P37))) -> 1:3 | M20: =IF(RIGHT(P34,1)="W",$M$4&":0(W)",IF(RIGHT(P34,1)="L","0:"&$M$4&"(L)",IF(P34="","",RIGHT(P34,1)&":"&LEFT(P34,1)))) -> 2:3 | N20: =IF(LEFT(P46,1)="W",$M$4&":0(W)",IF(LEFT(P46,1)="L","0:"&$M$4&"(L)",IF(P46="","",P46))) -> 2:3 | P20: =IF(LEFT(P59,1)="W",$M$4&":0(W)",IF(LEFT(P59,1)="L","0:"&$M$4&"(L)",IF(P59="","",P59))) -> 2:3 | Q20: =IF(LEFT(P51,1)="W",$M$4&":0(W)",IF(LEFT(P51,1)="L","0:"&$M$4&"(L)",IF(P51="","",P51))) -> 0:3(L) | R20: =IF(RIGHT(P56,1)="W",$M$4&":0(W)",IF(RIGHT(P56,1)="L","0:"&$M$4&"(L)",IF(P56="","",RIGHT(P56,1)&":"&LEFT(P56,1)))) -> 1:3
K21: =IF(P41="","",IF(Q41="","",REPLACE(SUBSTITUTE(SUBSTITUTE(SUBSTITUTE(SUBSTITUTE(","&Q41,",-","#"),",","-"),"#",","),"-",",-"),1,1,""))) | L21: =IF(P37="","",IF(Q37="","",Q37)) | M21: =IF(P34="","",IF(Q34="","",REPLACE(SUBSTITUTE(SUBSTITUTE(SUBSTITUTE(SUBSTITUTE(","&Q34,",-","#"),",","-"),"#",","),"-",",-"),1,1,""))) | N21: =IF(P46="","",IF(Q46="","",Q46)) | P21: =IF(P59="","",IF(Q59="","",Q59)) | Q21: =IF(P51="","",IF(Q51="","",Q51)) | R21: =IF(P56="","",IF(Q56="","",REPLACE(SUBSTITUTE(SUBSTITUTE(SUBSTITUTE(SUBSTITUTE(","&Q56,",-","#"),",","-"),"#",","),"-",",-"),1,1,"")))
B22: 3:0 | G22: 6 | H22: КМС | I22: 19 | J22: Куанышбеков Алмат+ | K22: =IF(LEFT(P38,1)="L",0,(IF(P38="","",(IF(LEFT(P38,1)>RIGHT(P38,1),2,1))))) -> 1 | L22: =IF(RIGHT(P33,1)="L",0,(IF(P33="","",(IF(RIGHT(P33,1)>LEFT(P33,1),2,1))))) -> 2 | M22: =IF(LEFT(P48,1)="L",0,(IF(P48="","",(IF(LEFT(P48,1)>RIGHT(P48,1),2,1))))) -> 2 | N22: =IF(RIGHT(P43,1)="L",0,(IF(P43="","",(IF(RIGHT(P43,1)>LEFT(P43,1),2,1))))) -> 2 | O22: =IF(RIGHT(P59,1)="L",0,(IF(P59="","",(IF(RIGHT(P59,1)>LEFT(P59,1),2,1))))) -> 2 | Q22: =IF(RIGHT(P55,1)="L",0,(IF(P55="","",(IF(RIGHT(P55,1)>LEFT(P55,1),2,1))))) -> 1 | R22: =IF(LEFT(P52,1)="L",0,(IF(P52="","",(IF(LEFT(P52,1)>RIGHT(P52,1),2,1))))) -> 2 | S22: =IF((AND(COUNTIF(J7:J30,">""")>2,COUNTIF(P33:P60,">""")>0)),SUM(K22,L22,M22,N22,O22,P22,Q22,R22),"") -> 12 | U22: 2
B23: 3:1 | K23: =IF(LEFT(P38,1)="W",$M$4&":0(W)",IF(LEFT(P38,1)="L","0:"&$M$4&"(L)",IF(P38="","",P38))) -> 2:3 | L23: =IF(RIGHT(P33,1)="W",$M$4&":0(W)",IF(RIGHT(P33,1)="L","0:"&$M$4&"(L)",IF(P33="","",RIGHT(P33,1)&":"&LEFT(P33,1)))) -> 3:2 | M23: =IF(LEFT(P48,1)="W",$M$4&":0(W)",IF(LEFT(P48,1)="L","0:"&$M$4&"(L)",IF(P48="","",P48))) -> 3:2 | N23: =IF(RIGHT(P43,1)="W",$M$4&":0(W)",IF(RIGHT(P43,1)="L","0:"&$M$4&"(L)",IF(P43="","",RIGHT(P43,1)&":"&LEFT(P43,1)))) -> 3:2 | O23: =IF(RIGHT(P59,1)="W",$M$4&":0(W)",IF(RIGHT(P59,1)="L","0:"&$M$4&"(L)",IF(P59="","",RIGHT(P59,1)&":"&LEFT(P59,1)))) -> 3:2 | Q23: =IF(RIGHT(P55,1)="W",$M$4&":0(W)",IF(RIGHT(P55,1)="L","0:"&$M$4&"(L)",IF(P55="","",RIGHT(P55,1)&":"&LEFT(P55,1)))) -> 0:3 | R23: =IF(LEFT(P52,1)="W",$M$4&":0(W)",IF(LEFT(P52,1)="L","0:"&$M$4&"(L)",IF(P52="","",P52))) -> 3:0
B24: 3:2 | K24: =IF(P38="","",IF(Q38="","",Q38)) | L24: =IF(P33="","",IF(Q33="","",REPLACE(SUBSTITUTE(SUBSTITUTE(SUBSTITUTE(SUBSTITUTE(","&Q33,",-","#"),",","-"),"#",","),"-",",-"),1,1,""))) | M24: =IF(P48="","",IF(Q48="","",Q48)) | N24: =IF(P43="","",IF(Q43="","",REPLACE(SUBSTITUTE(SUBSTITUTE(SUBSTITUTE(SUBSTITUTE(","&Q43,",-","#"),",","-"),"#",","),"-",",-"),1,1,""))) | O24: =IF(P59="","",IF(Q59="","",REPLACE(SUBSTITUTE(SUBSTITUTE(SUBSTITUTE(SUBSTITUTE(","&Q59,",-","#"),",","-"),"#",","),"-",",-"),1,1,""))) | Q24: =IF(P55="","",IF(Q55="","",REPLACE(SUBSTITUTE(SUBSTITUTE(SUBSTITUTE(SUBSTITUTE(","&Q55,",-","#"),",","-"),"#",","),"-",",-"),1,1,""))) | R24: =IF(P52="","",IF(Q52="","",Q52))
B25: 0:3 | G25: 7 | I25: 18 | J25: Боченин Игорь+ | K25: =IF(RIGHT(P35,1)="L",0,(IF(P35="","",(IF(RIGHT(P35,1)>LEFT(P35,1),2,1))))) -> 1 | L25: =IF(LEFT(P47,1)="L",0,(IF(P47="","",(IF(LEFT(P47,1)>RIGHT(P47,1),2,1))))) -> 1 | M25: =IF(RIGHT(P44,1)="L",0,(IF(P44="","",(IF(RIGHT(P44,1)>LEFT(P44,1),2,1))))) -> 1 | N25: =IF(LEFT(P40,1)="L",0,(IF(P40="","",(IF(LEFT(P40,1)>RIGHT(P40,1),2,1))))) -> 2 | O25: =IF(RIGHT(P51,1)="L",0,(IF(P51="","",(IF(RIGHT(P51,1)>LEFT(P51,1),2,1))))) -> 2 | P25: =IF(LEFT(P55,1)="L",0,(IF(P55="","",(IF(LEFT(P55,1)>RIGHT(P55,1),2,1))))) -> 2 | R25: =IF(LEFT(P60,1)="L",0,(IF(P60="","",(IF(LEFT(P60,1)>RIGHT(P60,1),2,1))))) -> 2 | S25: =IF((AND(COUNTIF(J7:J30,">""")>2,COUNTIF(P33:P60,">""")>0)),SUM(K25,L25,M25,N25,O25,P25,Q25,R25),"") -> 11 | U25: 5
B26: 1:3 | K26: =IF(RIGHT(P35,1)="W",$M$4&":0(W)",IF(RIGHT(P35,1)="L","0:"&$M$4&"(L)",IF(P35="","",RIGHT(P35,1)&":"&LEFT(P35,1)))) -> 2:3 | L26: =IF(LEFT(P47)="W",$M$4&":0(W)",IF(LEFT(P47,1)="L","0:"&$M$4&"(L)",IF(P47="","",P47))) -> 2:3 | M26: =IF(RIGHT(P44,1)="W",$M$4&":0(W)",IF(RIGHT(P44,1)="L","0:"&$M$4&"(L)",IF(P44="","",RIGHT(P44,1)&":"&LEFT(P44,1)))) -> 0:3 | N26: =IF(LEFT(P40,1)="W",$M$4&":0(W)",IF(LEFT(P40,1)="L","0:"&$M$4&"(L)",IF(P40="","",P40))) -> 3:1 | O26: =IF(RIGHT(P51,1)="W",$M$4&":0(W)",IF(RIGHT(P51,1)="L","0:"&$M$4&"(L)",IF(P51="","",RIGHT(P51,1)&":"&LEFT(P51,1)))) -> 3:0(W) | P26: =IF(LEFT(P55,1)="W",$M$4&":0(W)",IF(LEFT(P55,1)="L","0:"&$M$4&"(L)",IF(P55="","",P55))) -> 3:0 | R26: =IF(LEFT(P60,1)="W",$M$4&":0(W)",IF(LEFT(P60,1)="L","0:"&$M$4&"(L)",IF(P60="","",P60))) -> 3:0
B27: 2:3 | K27: =IF(P35="","",IF(Q35="","",REPLACE(SUBSTITUTE(SUBSTITUTE(SUBSTITUTE(SUBSTITUTE(","&Q35,",-","#"),",","-"),"#",","),"-",",-"),1,1,""))) | L27: =IF(P47="","",IF(Q47="","",Q47)) | M27: =IF(P44="","",IF(Q44="","",REPLACE(SUBSTITUTE(SUBSTITUTE(SUBSTITUTE(SUBSTITUTE(","&Q44,",-","#"),",","-"),"#",","),"-",",-"),1,1,""))) | N27: =IF(P40="","",IF(Q40="","",Q40)) | O27: =IF(P51="","",IF(Q51="","",REPLACE(SUBSTITUTE(SUBSTITUTE(SUBSTITUTE(SUBSTITUTE(","&Q51,",-","#"),",","-"),"#",","),"-",",-"),1,1,""))) | P27: =IF(P55="","",IF(Q55="","",Q55)) | R27: =IF(P60="","",IF(Q60="","",Q60))
B28: W:L | G28: 8 | I28: 14 | J28: Ердяков Роман+ | K28: =IF(LEFT(P45,1)="L",0,(IF(P45="","",(IF(LEFT(P45,1)>RIGHT(P45,1),2,1))))) -> 2 | L28: =IF(RIGHT(P42,1)="L",0,(IF(P42="","",(IF(RIGHT(P42,1)>LEFT(P42,1),2,1))))) -> 1 | M28: =IF(LEFT(P39,1)="L",0,(IF(P39="","",(IF(LEFT(P39,1)>RIGHT(P39,1),2,1))))) -> 1 | N28: =IF(RIGHT(P36,1)="L",0,(IF(P36="","",(IF(RIGHT(P36,1)>LEFT(P36,1),2,1))))) -> 1 | O28: =IF(LEFT(P56,1)="L",0,(IF(P56="","",(IF(LEFT(P56,1)>RIGHT(P56,1),2,1))))) -> 2 | P28: =IF(RIGHT(P52,1)="L",0,(IF(P52="","",(IF(RIGHT(P52,1)>LEFT(P52,1),2,1))))) -> 1 | Q28: =IF(RIGHT(P60,1)="L",0,(IF(P60="","",(IF(RIGHT(P60,1)>LEFT(P60,1),2,1))))) -> 1 | S28: =IF((AND(COUNTIF(J7:J30,">""")>2,COUNTIF(P33:P60,">""")>0)),SUM(K28,L28,M28,N28,O28,P28,Q28,R28),"") -> 9 | U28: 7
B29: L:W | K29: =IF(LEFT(P45,1)="W",$M$4&":0(W)",IF(LEFT(P45,1)="L","0:"&$M$4&"(L)",IF(P45="","",P45))) -> 3:0 | L29: =IF(RIGHT(P42,1)="W",$M$4&":0(W)",IF(RIGHT(P42,1)="L","0:"&$M$4&"(L)",IF(P42="","",RIGHT(P42,1)&":"&LEFT(P42,1)))) -> 0:3 | M29: =IF(LEFT(P39,1)="W",$M$4&":0(W)",IF(LEFT(P39,1)="L","0:"&$M$4&"(L)",IF(P39="","",P39))) -> 0:3 | N29: =IF(RIGHT(P36,1)="W",$M$4&":0(W)",IF(RIGHT(P36,1)="L","0:"&$M$4&"(L)",IF(P36="","",RIGHT(P36,1)&":"&LEFT(P36,1)))) -> 0:3 | O29: =IF(LEFT(P56,1)="W",$M$4&":0(W)",IF(LEFT(P56,1)="L","0:"&$M$4&"(L)",IF(P56="","",P56))) -> 3:1 | P29: =IF(RIGHT(P52,1)="W",$M$4&":0(W)",IF(RIGHT(P52,1)="L","0:"&$M$4&"(L)",IF(P52="","",RIGHT(P52,1)&":"&LEFT(P52,1)))) -> 0:3 | Q29: =IF(RIGHT(P60,1)="W",$M$4&":0(W)",IF(RIGHT(P60,1)="L","0:"&$M$4&"(L)",IF(P60="","",RIGHT(P60,1)&":"&LEFT(P60,1)))) -> 0:3
B30: 2:0 | K30: =IF(P45="","",IF(Q45="","",Q45)) | L30: =IF(P42="","",IF(Q42="","",REPLACE(SUBSTITUTE(SUBSTITUTE(SUBSTITUTE(SUBSTITUTE(","&Q42,",-","#"),",","-"),"#",","),"-",",-"),1,1,""))) | M30: =IF(P39="","",IF(Q39="","",Q39)) | N30: =IF(P36="","",IF(Q36="","",REPLACE(SUBSTITUTE(SUBSTITUTE(SUBSTITUTE(SUBSTITUTE(","&Q36,",-","#"),",","-"),"#",","),"-",",-"),1,1,""))) | O30: =IF(P56="","",IF(Q56="","",Q56)) | P30: =IF(P52="","",IF(Q52="","",REPLACE(SUBSTITUTE(SUBSTITUTE(SUBSTITUTE(SUBSTITUTE(","&Q52,",-","#"),",","-"),"#",","),"-",",-"),1,1,""))) | Q30: =IF(P60="","",IF(Q60="","",REPLACE(SUBSTITUTE(SUBSTITUTE(SUBSTITUTE(SUBSTITUTE(","&Q60,",-","#"),",","-"),"#",","),"-",",-"),1,1,"")))
B31: 2:1
B32: 1:2 | I32: ю | P32: счет по сетам | Q32: мячи
B33: 0:2 | G33: 1 круг | I33: 17 | J33: =IF(Уч2="","",Уч2) -> Пак Данил+ | K33: ="-" -> - | L33: =IF(Уч6="","",Уч6) -> Куанышбеков Алмат+ | P33: 2:3 | S33: =IF(AND(I33<>"",P33=""),"встреча играется",IF(P33<>"","сыграна","")) -> сыграна
B34: 4:0 | I34: 15 | J34: =IF(Уч3="","",Уч3) -> Садыков Алмаз+ | K34: ="-" -> - | L34: =IF(Уч5="","",Уч5) -> Капышев Нуржан+ | P34: 3:2 | S34: =IF(AND(I34<>"",P34=""),"встреча играется",IF(P34<>"","сыграна","")) -> сыграна
B35: 4:1 | I35: 16 | J35: =IF(Уч1="","",Уч1) -> Овчинников Евгений+ | K35: ="-" -> - | L35: =IF(Уч7="","",Уч7) -> Боченин Игорь+ | P35: 3:2 | S35: =IF(AND(I35<>"",P35=""),"встреча играется",IF(P35<>"","сыграна","")) -> сыграна
B36: 4:2 | I36: 17 | J36: =IF(Уч4="","",Уч4) -> Шакар Ерасыл+ | K36: ="-" -> - | L36: =IF(Уч8="","",Уч8) -> Ердяков Роман+ | P36: 3:0 | S36: =IF(AND(I36<>"",P36=""),"встреча играется",IF(P36<>"","сыграна","")) -> сыграна
B37: 4:3 | G37: 2 круг | I37: 16 | J37: =IF(Уч5="","",Уч5) -> Капышев Нуржан+ | K37: ="-" -> - | L37: =IF(Уч2="","",Уч2) -> Пак Данил+ | P37: 1:3 | S37: =IF(AND(I37<>"",P37=""),"встреча играется",IF(P37<>"","сыграна","")) -> сыграна
B38: 0:4 | I38: 16 | J38: =IF(Уч6="","",Уч6) -> Куанышбеков Алмат+ | K38: ="-" -> - | L38: =IF(Уч1="","",Уч1) -> Овчинников Евгений+ | P38: 2:3 | S38: =IF(AND(I38<>"",P38=""),"встреча играется",IF(P38<>"","сыграна","")) -> сыграна
B39: 1:4 | I39: 15 | J39: =IF(Уч8="","",Уч8) -> Ердяков Роман+ | K39: ="-" -> - | L39: =IF(Уч3="","",Уч3) -> Садыков Алмаз+ | P39: 0:3 | S39: =IF(AND(I39<>"",P39=""),"встреча играется",IF(P39<>"","сыграна","")) -> сыграна
B40: 2:4 | I40: 18 | J40: =IF(Уч7="","",Уч7) -> Боченин Игорь+ | K40: ="-" -> - | L40: =IF(Уч4="","",Уч4) -> Шакар Ерасыл+ | P40: 3:1 | S40: =IF(AND(I40<>"",P40=""),"встреча играется",IF(P40<>"","сыграна","")) -> сыграна
B41: 3:4 | G41: 3 круг | I41: 16 | J41: =IF(Уч1="","",Уч1) -> Овчинников Евгений+ | K41: ="-" -> - | L41: =IF(Уч5="","",Уч5) -> Капышев Нуржан+ | P41: 3:1 | S41: =IF(AND(I41<>"",P41=""),"встреча играется",IF(P41<>"","сыграна","")) -> сыграна
I42: 17 | J42: =IF(Уч2="","",Уч2) -> Пак Данил+ | K42: ="-" -> - | L42: =IF(Уч8="","",Уч8) -> Ердяков Роман+ | P42: 3:0 | S42: =IF(AND(I42<>"",P42=""),"встреча играется",IF(P42<>"","сыграна","")) -> сыграна
I43: 9 | J43: =IF(Уч4="","",Уч4) -> Шакар Ерасыл+ | K43: ="-" -> - | L43: =IF(Уч6="","",Уч6) -> Куанышбеков Алмат+ | P43: 2:3 | S43: =IF(AND(I43<>"",P43=""),"встреча играется",IF(P43<>"","сыграна","")) -> сыграна
I44: 18 | J44: =IF(Уч3="","",Уч3) -> Садыков Алмаз+ | K44: ="-" -> - | L44: =IF(Уч7="","",Уч7) -> Боченин Игорь+ | P44: 3:0 | S44: =IF(AND(I44<>"",P44=""),"встреча играется",IF(P44<>"","сыграна","")) -> сыграна
G45: 4 круг | I45: 18 | J45: =IF(Уч8="","",Уч8) -> Ердяков Роман+ | K45: ="-" -> - | L45: =IF(Уч1="","",Уч1) -> Овчинников Евгений+ | P45: 3:0 | S45: =IF(AND(I45<>"",P45=""),"встреча играется",IF(P45<>"","сыграна","")) -> сыграна
J46: =IF(Уч5="","",Уч5) -> Капышев Нуржан+ | K46: ="-" -> - | L46: =IF(Уч4="","",Уч4) -> Шакар Ерасыл+ | P46: 2:3 | S46: =IF(AND(I46<>"",P46=""),"встреча играется",IF(P46<>"","сыграна","")) -> сыграна
I47: 17 | J47: =IF(Уч7="","",Уч7) -> Боченин Игорь+ | K47: ="-" -> - | L47: =IF(Уч2="","",Уч2) -> Пак Данил+ | P47: 2:3 | S47: =IF(AND(I47<>"",P47=""),"встреча играется",IF(P47<>"","сыграна","")) -> сыграна
I48: 24 | J48: =IF(Уч6="","",Уч6) -> Куанышбеков Алмат+ | K48: ="-" -> - | L48: =IF(Уч3="","",Уч3) -> Садыков Алмаз+ | P48: 3:2 | S48: =IF(AND(I48<>"",P48=""),"встреча играется",IF(P48<>"","сыграна","")) -> сыграна
G49: 5 круг | I49: 16 | J49: =IF(Уч1="","",Уч1) -> Овчинников Евгений+ | K49: ="-" -> - | L49: =IF(Уч3="","",Уч3) -> Садыков Алмаз+ | P49: 1:3 | S49: =IF(AND(I49<>"",P49=""),"встреча играется",IF(P49<>"","сыграна","")) -> сыграна
I50: 17 | J50: =IF(Уч2="","",Уч2) -> Пак Данил+ | K50: ="-" -> - | L50: =IF(Уч4="","",Уч4) -> Шакар Ерасыл+ | P50: 3:1 | S50: =IF(AND(I50<>"",P50=""),"встреча играется",IF(P50<>"","сыграна","")) -> сыграна
J51: =IF(Уч5="","",Уч5) -> Капышев Нуржан+ | K51: ="-" -> - | L51: =IF(Уч7="","",Уч7) -> Боченин Игорь+ | P51: L:W | S51: =IF(AND(I51<>"",P51=""),"встреча играется",IF(P51<>"","сыграна","")) -> сыграна
I52: 15 | J52: =IF(Уч6="","",Уч6) -> Куанышбеков Алмат+ | K52: ="-" -> - | L52: =IF(Уч8="","",Уч8) -> Ердяков Роман+ | P52: 3:0 | S52: =IF(AND(I52<>"",P52=""),"встреча играется",IF(P52<>"","сыграна","")) -> сыграна
G53: 6 круг | J53: =IF(Уч4="","",Уч4) -> Шакар Ерасыл+ | K53: ="-" -> - | L53: =IF(Уч1="","",Уч1) -> Овчинников Евгений+ | P53: 2:3 | S53: =IF(AND(I53<>"",P53=""),"встреча играется",IF(P53<>"","сыграна","")) -> сыграна
I54: 17 | J54: =IF(Уч3="","",Уч3) -> Садыков Алмаз+ | K54: ="-" -> - | L54: =IF(Уч2="","",Уч2) -> Пак Данил+ | P54: 3:0 | S54: =IF(AND(I54<>"",P54=""),"встреча играется",IF(P54<>"","сыграна","")) -> сыграна
I55: 17 | J55: =IF(Уч7="","",Уч7) -> Боченин Игорь+ | K55: ="-" -> - | L55: =IF(Уч6="","",Уч6) -> Куанышбеков Алмат+ | P55: 3:0 | S55: =IF(AND(I55<>"",P55=""),"встреча играется",IF(P55<>"","сыграна","")) -> сыграна
I56: 11 | J56: =IF(Уч8="","",Уч8) -> Ердяков Роман+ | K56: ="-" -> - | L56: =IF(Уч5="","",Уч5) -> Капышев Нуржан+ | P56: 3:1 | S56: =IF(AND(I56<>"",P56=""),"встреча играется",IF(P56<>"","сыграна","")) -> сыграна
G57: 7 круг | I57: 17 | J57: =IF(Уч1="","",Уч1) -> Овчинников Евгений+ | K57: ="-" -> - | L57: =IF(Уч2="","",Уч2) -> Пак Данил+ | P57: 1:3 | S57: =IF(AND(I57<>"",P57=""),"встреча играется",IF(P57<>"","сыграна","")) -> сыграна
I58: 16 | J58: =IF(Уч3="","",Уч3) -> Садыков Алмаз+ | K58: ="-" -> - | L58: =IF(Уч4="","",Уч4) -> Шакар Ерасыл+ | P58: 3:1 | S58: =IF(AND(I58<>"",P58=""),"встреча играется",IF(P58<>"","сыграна","")) -> сыграна
I59: 18 | J59: =IF(Уч5="","",Уч5) -> Капышев Нуржан+ | K59: ="-" -> - | L59: =IF(Уч6="","",Уч6) -> Куанышбеков Алмат+ | P59: 2:3 | S59: =IF(AND(I59<>"",P59=""),"встреча играется",IF(P59<>"","сыграна","")) -> сыграна
I60: 17 | J60: =IF(Уч7="","",Уч7) -> Боченин Игорь+ | K60: ="-" -> - | L60: =IF(Уч8="","",Уч8) -> Ердяков Роман+ | P60: 3:0 | S60: =IF(AND(I60<>"",P60=""),"встреча играется",IF(P60<>"","сыграна","")) -> сыграна

Sheet А3
D1: Турнир Открытое первенство города Астана (лиги) | K1: Дата: | L1: =Суперлига!L1 -> 46033
K4: матчи до | M4: 3 | N4: побед
C5: =IF(COUNTIF(D7:D14,"")>0,1,0) -> 0 | E5: =IF((COUNTIF(L33:R60,">""")+COUNTIF(T7:U30,">"""))>0,1,0) -> 1
C6: № | D6: Участники турнира | E6: Рейтинг | G6: № | H6: Разряд | I6: R | J6: Фамилия Имя | K6: 1 | L6: 2 | M6: 3 | N6: 4 | O6: 5 | P6: 6 | Q6: 7 | R6: 8 | S6: Очки | T6: Соотн. | U6: Место
C7: 1 | D7: Швайдюк Андрей | G7: 1 | H7: КМС | I7: 20 | J7: Швайдюк Андрей+ | L7: =IF(LEFT(P57,1)="L",0,(IF(P57="","",(IF(LEFT(P57,1)>RIGHT(P57,1),2,1))))) -> 2 | M7: =IF(LEFT(P49,1)="L",0,(IF(P49="","",(IF(LEFT(P49,1)>RIGHT(P49,1),2,1))))) -> 2 | N7: =IF(RIGHT(P53,1)="L",0,(IF(P53="","",(IF(RIGHT(P53,1)>LEFT(P53,1),2,1))))) -> 1 | O7: =IF(LEFT(P41,1)="L",0,(IF(P41="","",(IF(LEFT(P41,1)>RIGHT(P41,1),2,1))))) -> 2 | P7: =IF(RIGHT(P38,1)="L",0,(IF(P38="","",(IF(RIGHT(P38,1)>LEFT(P38,1),2,1))))) -> 2 | Q7: =IF(LEFT(P35,1)="L",0,(IF(P35="","",(IF(LEFT(P35,1)>RIGHT(P35,1),2,1))))) -> 2 | R7: =IF(RIGHT(P45,1)="L",0,(IF(P45="","",(IF(RIGHT(P45,1)>LEFT(P45,1),2,1))))) -> 2 | S7: =IF((AND(COUNTIF(J7:J30,">""")>2,COUNTIF(P33:P60,">""")>0)),SUM(K7,L7,M7,N7,O7,P7,Q7,R7),"") -> 13 | U7: 1
C8: 2 | D8: Шакар Файзолла | L8: =IF(LEFT(P57,1)="W",$M$4&":0(W)",IF(LEFT(P57,1)="L","0:"&$M$4&"(L)",IF(P57="","",P57))) -> 3:2 | M8: =IF(LEFT(P49,1)="W",$M$4&":0(W)",IF(LEFT(P49,1)="L","0:"&$M$4&"(L)",IF(P49="","",P49))) -> 3:2 | N8: =IF(RIGHT(P53,1)="W",$M$4&":0(W)",IF(RIGHT(P53,1)="L","0:"&$M$4&"(L)",IF(P53="","",RIGHT(P53,1)&":"&LEFT(P53,1)))) -> 1:3 | O8: =IF(LEFT(P41,1)="W",$M$4&":0(W)",IF(LEFT(P41,1)="L","0:"&$M$4&"(L)",IF(P41="","",P41))) -> 3:0 | P8: =IF(RIGHT(P38,1)="W",$M$4&":0(W)",IF(RIGHT(P38,1)="L","0:"&$M$4&"(L)",IF(P38="","",RIGHT(P38,1)&":"&LEFT(P38,1)))) -> 3:1 | Q8: =IF(LEFT(P35,1)="W",$M$4&":0(W)",IF(LEFT(P35,1)="L","0:"&$M$4&"(L)",IF(P35="","",P35))) -> 3:1 | R8: =IF(RIGHT(P45,1)="W",$M$4&":0(W)",IF(RIGHT(P45,1)="L","0:"&$M$4&"(L)",IF(P45="","",RIGHT(P45,1)&":"&LEFT(P45,1)))) -> 3:0
C9: 3 | D9: Бермагамбетов Ильяс | L9: =IF(P57="","",IF(Q57="","",Q57)) | M9: =IF(P49="","",IF(Q49="","",Q49)) | N9: =IF(P53="","",IF(Q53="","",REPLACE(SUBSTITUTE(SUBSTITUTE(SUBSTITUTE(SUBSTITUTE(","&Q53,",-","#"),",","-"),"#",","),"-",",-"),1,1,""))) | O9: =IF(P41="","",IF(Q41="","",Q41)) | P9: =IF(P38="","",IF(Q38="","",REPLACE(SUBSTITUTE(SUBSTITUTE(SUBSTITUTE(SUBSTITUTE(","&Q38,",-","#"),",","-"),"#",","),"-",",-"),1,1,""))) | Q9: =IF(P35="","",IF(Q35="","",Q35)) | R9: =IF(P45="","",IF(Q45="","",REPLACE(SUBSTITUTE(SUBSTITUTE(SUBSTITUTE(SUBSTITUTE(","&Q45,",-","#"),",","-"),"#",","),"-",",-"),1,1,"")))
C10: 4 | D10: Джаманбаев Жасулан | G10: 2 | I10: 14 | J10: Шакар Файзолла+ | K10: =IF(RIGHT(P57,1)="L",0,(IF(P57="","",(IF(RIGHT(P57,1)>LEFT(P57,1),2,1))))) -> 1 | M10: =IF(RIGHT(P54,1)="L",0,(IF(P54="","",(IF(RIGHT(P54,1)>LEFT(P54,1),2,1))))) -> 2 | N10: =IF(LEFT(P50,1)="L",0,(IF(P50="","",(IF(LEFT(P50,1)>RIGHT(P50,1),2,1))))) -> 2 | O10: =IF(RIGHT(P37,1)="L",0,(IF(P37="","",(IF(RIGHT(P37,1)>LEFT(P37,1),2,1))))) -> 2 | P10: =IF(LEFT(P33,1)="L",0,(IF(P33="","",(IF(LEFT(P33,1)>RIGHT(P33,1),2,1))))) -> 1 | Q10: =IF(RIGHT(P47,1)="L",0,(IF(P47="","",(IF(RIGHT(P47,1)>LEFT(P47,1),2,1))))) -> 2 | R10: =IF(LEFT(P42,1)="L",0,(IF(P42="","",(IF(LEFT(P42,1)>RIGHT(P42,1),2,1))))) -> 2 | S10: =IF((AND(COUNTIF(J7:J30,">""")>2,COUNTIF(P33:P60,">""")>0)),SUM(K10,L10,M10,N10,O10,P10,Q10,R10),"") -> 12 | U10: 2
C11: 5 | D11: Кужунтаев Кайрат | K11: =IF(RIGHT(P57,1)="W",$M$4&":0(W)",IF(RIGHT(P57,1)="L","0:"&$M$4&"(L)",IF(P57="","",RIGHT(P57,1)&":"&LEFT(P57,1)))) -> 2:3 | M11: =IF(RIGHT(P54,1)="W",$M$4&":0(W)",IF(RIGHT(P54,1)="L","0:"&$M$4&"(L)",IF(P54="","",RIGHT(P54,1)&":"&LEFT(P54,1)))) -> 3:1 | N11: =IF(LEFT(P50,1)="W",$M$4&":0(W)",IF(LEFT(P50,1)="L","0:"&$M$4&"(L)",IF(P50="","",P50))) -> 3:0 | O11: =IF(RIGHT(P37,1)="W",$M$4&":0(W)",IF(RIGHT(P37,1)="L","0:"&$M$4&"(L)",IF(P37="","",RIGHT(P37,1)&":"&LEFT(P37,1)))) -> 3:0 | P11: =IF(LEFT(P33,1)="W",$M$4&":0(W)",IF(LEFT(P33,1)="L","0:"&$M$4&"(L)",IF(P33="","",P33))) -> 0:3 | Q11: =IF(RIGHT(P47,1)="W",$M$4&":0(W)",IF(RIGHT(P47,1)="L","0:"&$M$4&"(L)",IF(P47="","",RIGHT(P47,1)&":"&LEFT(P47,1)))) -> 3:2 | R11: =IF(LEFT(P42,1)="W",$M$4&":0(W)",IF(LEFT(P42,1)="L","0:"&$M$4&"(L)",IF(P42="","",P42))) -> 3:1
C12: 6 | D12: Мукушев Нурлан | K12: =IF(P57="","",IF(Q57="","",REPLACE(SUBSTITUTE(SUBSTITUTE(SUBSTITUTE(SUBSTITUTE(","&Q57,",-","#"),",","-"),"#",","),"-",",-"),1,1,""))) | M12: =IF(P54="","",IF(Q54="","",REPLACE(SUBSTITUTE(SUBSTITUTE(SUBSTITUTE(SUBSTITUTE(","&Q54,",-","#"),",","-"),"#",","),"-",",-"),1,1,""))) | N12: =IF(P50="","",IF(Q50="","",Q50)) | O12: =IF(P37="","",IF(Q37="","",REPLACE(SUBSTITUTE(SUBSTITUTE(SUBSTITUTE(SUBSTITUTE(","&Q37,",-","#"),",","-"),"#",","),"-",",-"),1,1,""))) | P12: =IF(P33="","",IF(Q33="","",Q33)) | Q12: =IF(P47="","",IF(Q47="","",REPLACE(SUBSTITUTE(SUBSTITUTE(SUBSTITUTE(SUBSTITUTE(","&Q47,",-","#"),",","-"),"#",","),"-",",-"),1,1,""))) | R12: =IF(P42="","",IF(Q42="","",Q42))
C13: 7 | D13: Омурбаев Нурбек | G13: 3 | I13: 13 | J13: Бермагамбетов Ильяс+ | K13: =IF(RIGHT(P49,1)="L",0,(IF(P49="","",(IF(RIGHT(P49,1)>LEFT(P49,1),2,1))))) -> 1 | L13: =IF(LEFT(P54,1)="L",0,(IF(P54="","",(IF(LEFT(P54,1)>RIGHT(P54,1),2,1))))) -> 1 | N13: =IF(LEFT(P58,1)="L",0,(IF(P58="","",(IF(LEFT(P58,1)>RIGHT(P58,1),2,1))))) -> 1 | O13: =IF(LEFT(P34,1)="L",0,(IF(P34="","",(IF(LEFT(P34,1)>RIGHT(P34,1),2,1))))) -> 2 | P13: =IF(RIGHT(P48,1)="L",0,(IF(P48="","",(IF(RIGHT(P48,1)>LEFT(P48,1),2,1))))) -> 1 | Q13: =IF(LEFT(P44,1)="L",0,(IF(P44="","",(IF(LEFT(P44,1)>RIGHT(P44,1),2,1))))) -> 2 | R13: =IF(RIGHT(P39,1)="L",0,(IF(P39="","",(IF(RIGHT(P39,1)>LEFT(P39,1),2,1))))) -> 2 | S13: =IF((AND(COUNTIF(J7:J30,">""")>2,COUNTIF(P33:P60,">""")>0)),SUM(K13,L13,M13,N13,O13,P13,Q13,R13),"") -> 10 | U13: 5
C14: 8 | D14: Ахметов Данияр | K14: =IF(RIGHT(P49,1)="W",$M$4&":0(W)",IF(RIGHT(P49,1)="L","0:"&$M$4&"(L)",IF(P49="","",RIGHT(P49,1)&":"&LEFT(P49,1)))) -> 2:3 | L14: =IF(LEFT(P54,1)="W",$M$4&":0(W)",IF(LEFT(P54,1)="L","0:"&$M$4&"(L)",IF(P54="","",P54))) -> 1:3 | N14: =IF(LEFT(P58,1)="W",$M$4&":0(W)",IF(LEFT(P58,1)="L","0:"&$M$4&"(L)",IF(P58="","",P58))) -> 0:3 | O14: =IF(LEFT(P34,1)="W",$M$4&":0(W)",IF(LEFT(P34,1)="L","0:"&$M$4&"(L)",IF(P34="","",P34))) -> 3:2 | P14: =IF(RIGHT(P48,1)="W",$M$4&":0(W)",IF(RIGHT(P48,1)="L","0:"&$M$4&"(L)",IF(P48="","",RIGHT(P48,1)&":"&LEFT(P48,1)))) -> 0:3 | Q14: =IF(LEFT(P44,1)="W",$M$4&":0(W)",IF(LEFT(P44,1)="L","0:"&$M$4&"(L)",IF(P44="","",P44))) -> 3:2 | R14: =IF(RIGHT(P39,1)="W",$M$4&":0(W)",IF(RIGHT(P39,1)="L","0:"&$M$4&"(L)",IF(P39="","",RIGHT(P39,1)&":"&LEFT(P39,1)))) -> 3:0
K15: =IF(P49="","",IF(Q49="","",REPLACE(SUBSTITUTE(SUBSTITUTE(SUBSTITUTE(SUBSTITUTE(","&Q49,",-","#"),",","-"),"#",","),"-",",-"),1,1,""))) | L15: =IF(P54="","",IF(Q54="","",Q54)) | N15: =IF(P58="","",IF(Q58="","",Q58)) | O15: =IF(P34="","",IF(Q34="","",Q34)) | P15: =IF(P48="","",IF(Q48="","",REPLACE(SUBSTITUTE(SUBSTITUTE(SUBSTITUTE(SUBSTITUTE(","&Q48,",-","#"),",","-"),"#",","),"-",",-"),1,1,""))) | Q15: =IF(P44="","",IF(Q44="","",Q44)) | R15: =IF(P39="","",IF(Q39="","",REPLACE(SUBSTITUTE(SUBSTITUTE(SUBSTITUTE(SUBSTITUTE(","&Q39,",-","#"),",","-"),"#",","),"-",",-"),1,1,"")))
G16: 4 | I16: 17 | J16: Джаманбаев Жасулан+ | K16: =IF(LEFT(P53,1)="L",0,(IF(P53="","",(IF(LEFT(P53,1)>RIGHT(P53,1),2,1))))) -> 2 | L16: =IF(RIGHT(P50,1)="L",0,(IF(P50="","",(IF(RIGHT(P50,1)>LEFT(P50,1),2,1))))) -> 1 | M16: =IF(RIGHT(P58,1)="L",0,(IF(P58="","",(IF(RIGHT(P58,1)>LEFT(P58,1),2,1))))) -> 2 | O16: =IF(RIGHT(P46,1)="L",0,(IF(P46="","",(IF(RIGHT(P46,1)>LEFT(P46,1),2,1))))) -> 1 | P16: =IF(LEFT(P43,1)="L",0,(IF(P43="","",(IF(LEFT(P43,1)>RIGHT(P43,1),2,1))))) -> 2 | Q16: =IF(RIGHT(P40,1)="L",0,(IF(P40="","",(IF(RIGHT(P40,1)>LEFT(P40,1),2,1))))) -> 2 | R16: =IF(LEFT(P36,1)="L",0,(IF(P36="","",(IF(LEFT(P36,1)>RIGHT(P36,1),2,1))))) -> 2 | S16: =IF((AND(COUNTIF(J7:J30,">""")>2,COUNTIF(P33:P60,">""")>0)),SUM(K16,L16,M16,N16,O16,P16,Q16,R16),"") -> 12 | U16: 3
K17: =IF(LEFT(P53,1)="W",$M$4&":0(W)",IF(LEFT(P53,1)="L","0:"&$M$4&"(L)",IF(P53="","",P53))) -> 3:1 | L17: =IF(RIGHT(P50,1)="W",$M$4&":0(W)",IF(RIGHT(P50,1)="L","0:"&$M$4&"(L)",IF(P50="","",RIGHT(P50,1)&":"&LEFT(P50,1)))) -> 0:3 | M17: =IF(RIGHT(P58,1)="W",$M$4&":0(W)",IF(RIGHT(P58,1)="L","0:"&$M$4&"(L)",IF(P58="","",RIGHT(P58,1)&":"&LEFT(P58,1)))) -> 3:0 | O17: =IF(RIGHT(P46,1)="W",$M$4&":0(W)",IF(RIGHT(P46,1)="L","0:"&$M$4&"(L)",IF(P46="","",RIGHT(P46,1)&":"&LEFT(P46,1)))) -> 0:3 | P17: =IF(LEFT(P43,1)="W",$M$4&":0(W)",IF(LEFT(P43,1)="L","0:"&$M$4&"(L)",IF(P43="","",P43))) -> 3:2 | Q17: =IF(RIGHT(P40,1)="W",$M$4&":0(W)",IF(RIGHT(P40,1)="L","0:"&$M$4&"(L)",IF(P40="","",RIGHT(P40,1)&":"&LEFT(P40,1)))) -> 3:1 | R17: =IF(LEFT(P36,1)="W",$M$4&":0(W)",IF(LEFT(P36,1)="L","0:"&$M$4&"(L)",IF(P36="","",P36))) -> 3:0
K18: =IF(P53="","",IF(Q53="","",Q53)) | L18: =IF(P50="","",IF(Q50="","",REPLACE(SUBSTITUTE(SUBSTITUTE(SUBSTITUTE(SUBSTITUTE(","&Q50,",-","#"),",","-"),"#",","),"-",",-"),1,1,""))) | M18: =IF(P58="","",IF(Q58="","",REPLACE(SUBSTITUTE(SUBSTITUTE(SUBSTITUTE(SUBSTITUTE(","&Q58,",-","#"),",","-"),"#",","),"-",",-"),1,1,""))) | O18: =IF(P46="","",IF(Q46="","",REPLACE(SUBSTITUTE(SUBSTITUTE(SUBSTITUTE(SUBSTITUTE(","&Q46,",-","#"),",","-"),"#",","),"-",",-"),1,1,""))) | P18: =IF(P43="","",IF(Q43="","",Q43)) | Q18: =IF(P40="","",IF(Q40="","",REPLACE(SUBSTITUTE(SUBSTITUTE(SUBSTITUTE(SUBSTITUTE(","&Q40,",-","#"),",","-"),"#",","),"-",",-"),1,1,""))) | R18: =IF(P36="","",IF(Q36="","",Q36))
G19: 5 | I19: 14 | J19: Кужунтаев Кайрат+ | K19: =IF(RIGHT(P41,1)="L",0,(IF(P41="","",(IF(RIGHT(P41,1)>LEFT(P41,1),2,1))))) -> 1 | L19: =IF(LEFT(P37,1)="L",0,(IF(P37="","",(IF(LEFT(P37,1)>RIGHT(P37,1),2,1))))) -> 1 | M19: =IF(RIGHT(P34,1)="L",0,(IF(P34="","",(IF(RIGHT(P34,1)>LEFT(P34,1),2,1))))) -> 1 | N19: =IF(LEFT(P46,1)="L",0,(IF(P46="","",(IF(LEFT(P46,1)>RIGHT(P46,1),2,1))))) -> 2 | P19: =IF(LEFT(P59,1)="L",0,(IF(P59="","",(IF(LEFT(P59,1)>RIGHT(P59,1),2,1))))) -> 1 | Q19: =IF(LEFT(P51,1)="L",0,(IF(P51="","",(IF(LEFT(P51,1)>RIGHT(P51,1),2,1))))) -> 1 | R19: =IF(RIGHT(P56,1)="L",0,(IF(P56="","",(IF(RIGHT(P56,1)>LEFT(P56,1),2,1))))) -> 1 | S19: =IF((AND(COUNTIF(J7:J30,">""")>2,COUNTIF(P33:P60,">""")>0)),SUM(K19,L19,M19,N19,O19,P19,Q19,R19),"") -> 8 | U19: 8
K20: =IF(RIGHT(P41,1)="W",$M$4&":0(W)",IF(RIGHT(P41,1)="L","0:"&$M$4&"(L)",IF(P41="","",RIGHT(P41,1)&":"&LEFT(P41,1)))) -> 0:3 | L20: =IF(LEFT(P37,1)="W",$M$4&":0(W)",IF(LEFT(P37,1)="L","0:"&$M$4&"(L)",IF(P37="","",P37))) -> 0:3 | M20: =IF(RIGHT(P34,1)="W",$M$4&":0(W)",IF(RIGHT(P34,1)="L","0:"&$M$4&"(L)",IF(P34="","",RIGHT(P34,1)&":"&LEFT(P34,1)))) -> 2:3 | N20: =IF(LEFT(P46,1)="W",$M$4&":0(W)",IF(LEFT(P46,1)="L","0:"&$M$4&"(L)",IF(P46="","",P46))) -> 3:0 | P20: =IF(LEFT(P59,1)="W",$M$4&":0(W)",IF(LEFT(P59,1)="L","0:"&$M$4&"(L)",IF(P59="","",P59))) -> 1:3 | Q20: =IF(LEFT(P51,1)="W",$M$4&":0(W)",IF(LEFT(P51,1)="L","0:"&$M$4&"(L)",IF(P51="","",P51))) -> 0:3 | R20: =IF(RIGHT(P56,1)="W",$M$4&":0(W)",IF(RIGHT(P56,1)="L","0:"&$M$4&"(L)",IF(P56="","",RIGHT(P56,1)&":"&LEFT(P56,1)))) -> 2:3
K21: =IF(P41="","",IF(Q41="","",REPLACE(SUBSTITUTE(SUBSTITUTE(SUBSTITUTE(SUBSTITUTE(","&Q41,",-","#"),",","-"),"#",","),"-",",-"),1,1,""))) | L21: =IF(P37="","",IF(Q37="","",Q37)) | M21: =IF(P34="","",IF(Q34="","",REPLACE(SUBSTITUTE(SUBSTITUTE(SUBSTITUTE(SUBSTITUTE(","&Q34,",-","#"),",","-"),"#",","),"-",",-"),1,1,""))) | N21: =IF(P46="","",IF(Q46="","",Q46)) | P21: =IF(P59="","",IF(Q59="","",Q59)) | Q21: =IF(P51="","",IF(Q51="","",Q51)) | R21: =IF(P56="","",IF(Q56="","",REPLACE(SUBSTITUTE(SUBSTITUTE(SUBSTITUTE(SUBSTITUTE(","&Q56,",-","#"),",","-"),"#",","),"-",",-"),1,1,"")))
B22: 3:0 | G22: 6 | I22: 12 | J22: Мукушев Нурлан+ | K22: =IF(LEFT(P38,1)="L",0,(IF(P38="","",(IF(LEFT(P38,1)>RIGHT(P38,1),2,1))))) -> 1 | L22: =IF(RIGHT(P33,1)="L",0,(IF(P33="","",(IF(RIGHT(P33,1)>LEFT(P33,1),2,1))))) -> 2 | M22: =IF(LEFT(P48,1)="L",0,(IF(P48="","",(IF(LEFT(P48,1)>RIGHT(P48,1),2,1))))) -> 2 | N22: =IF(RIGHT(P43,1)="L",0,(IF(P43="","",(IF(RIGHT(P43,1)>LEFT(P43,1),2,1))))) -> 1 | O22: =IF(RIGHT(P59,1)="L",0,(IF(P59="","",(IF(RIGHT(P59,1)>LEFT(P59,1),2,1))))) -> 2 | Q22: =IF(RIGHT(P55,1)="L",0,(IF(P55="","",(IF(RIGHT(P55,1)>LEFT(P55,1),2,1))))) -> 2 | R22: =IF(LEFT(P52,1)="L",0,(IF(P52="","",(IF(LEFT(P52,1)>RIGHT(P52,1),2,1))))) -> 1 | S22: =IF((AND(COUNTIF(J7:J30,">""")>2,COUNTIF(P33:P60,">""")>0)),SUM(K22,L22,M22,N22,O22,P22,Q22,R22),"") -> 11 | U22: 4
B23: 3:1 | K23: =IF(LEFT(P38,1)="W",$M$4&":0(W)",IF(LEFT(P38,1)="L","0:"&$M$4&"(L)",IF(P38="","",P38))) -> 1:3 | L23: =IF(RIGHT(P33,1)="W",$M$4&":0(W)",IF(RIGHT(P33,1)="L","0:"&$M$4&"(L)",IF(P33="","",RIGHT(P33,1)&":"&LEFT(P33,1)))) -> 3:0 | M23: =IF(LEFT(P48,1)="W",$M$4&":0(W)",IF(LEFT(P48,1)="L","0:"&$M$4&"(L)",IF(P48="","",P48))) -> 3:0 | N23: =IF(RIGHT(P43,1)="W",$M$4&":0(W)",IF(RIGHT(P43,1)="L","0:"&$M$4&"(L)",IF(P43="","",RIGHT(P43,1)&":"&LEFT(P43,1)))) -> 2:3 | O23: =IF(RIGHT(P59,1)="W",$M$4&":0(W)",IF(RIGHT(P59,1)="L","0:"&$M$4&"(L)",IF(P59="","",RIGHT(P59,1)&":"&LEFT(P59,1)))) -> 3:1 | Q23: =IF(RIGHT(P55,1)="W",$M$4&":0(W)",IF(RIGHT(P55,1)="L","0:"&$M$4&"(L)",IF(P55="","",RIGHT(P55,1)&":"&LEFT(P55,1)))) -> 3:0 | R23: =IF(LEFT(P52,1)="W",$M$4&":0(W)",IF(LEFT(P52,1)="L","0:"&$M$4&"(L)",IF(P52="","",P52))) -> 2:3
B24: 3:2 | K24: =IF(P38="","",IF(Q38="","",Q38)) | L24: =IF(P33="","",IF(Q33="","",REPLACE(SUBSTITUTE(SUBSTITUTE(SUBSTITUTE(SUBSTITUTE(","&Q33,",-","#"),",","-"),"#",","),"-",",-"),1,1,""))) | M24: =IF(P48="","",IF(Q48="","",Q48)) | N24: =IF(P43="","",IF(Q43="","",REPLACE(SUBSTITUTE(SUBSTITUTE(SUBSTITUTE(SUBSTITUTE(","&Q43,",-","#"),",","-"),"#",","),"-",",-"),1,1,""))) | O24: =IF(P59="","",IF(Q59="","",REPLACE(SUBSTITUTE(SUBSTITUTE(SUBSTITUTE(SUBSTITUTE(","&Q59,",-","#"),",","-"),"#",","),"-",",-"),1,1,""))) | Q24: =IF(P55="","",IF(Q55="","",REPLACE(SUBSTITUTE(SUBSTITUTE(SUBSTITUTE(SUBSTITUTE(","&Q55,",-","#"),",","-"),"#",","),"-",",-"),1,1,""))) | R24: =IF(P52="","",IF(Q52="","",Q52))
B25: 0:3 | G25: 7 | I25: 10 | J25: Омурбаев Нурбек+ | K25: =IF(RIGHT(P35,1)="L",0,(IF(P35="","",(IF(RIGHT(P35,1)>LEFT(P35,1),2,1))))) -> 1 | L25: =IF(LEFT(P47,1)="L",0,(IF(P47="","",(IF(LEFT(P47,1)>RIGHT(P47,1),2,1))))) -> 1 | M25: =IF(RIGHT(P44,1)="L",0,(IF(P44="","",(IF(RIGHT(P44,1)>LEFT(P44,1),2,1))))) -> 1 | N25: =IF(LEFT(P40,1)="L",0,(IF(P40="","",(IF(LEFT(P40,1)>RIGHT(P40,1),2,1))))) -> 1 | O25: =IF(RIGHT(P51,1)="L",0,(IF(P51="","",(IF(RIGHT(P51,1)>LEFT(P51,1),2,1))))) -> 2 | P25: =IF(LEFT(P55,1)="L",0,(IF(P55="","",(IF(LEFT(P55,1)>RIGHT(P55,1),2,1))))) -> 1 | R25: =IF(LEFT(P60,1)="L",0,(IF(P60="","",(IF(LEFT(P60,1)>RIGHT(P60,1),2,1))))) -> 2 | S25: =IF((AND(COUNTIF(J7:J30,">""")>2,COUNTIF(P33:P60,">""")>0)),SUM(K25,L25,M25,N25,O25,P25,Q25,R25),"") -> 9 | U25: 6
B26: 1:3 | K26: =IF(RIGHT(P35,1)="W",$M$4&":0(W)",IF(RIGHT(P35,1)="L","0:"&$M$4&"(L)",IF(P35="","",RIGHT(P35,1)&":"&LEFT(P35,1)))) -> 1:3 | L26: =IF(LEFT(P47)="W",$M$4&":0(W)",IF(LEFT(P47,1)="L","0:"&$M$4&"(L)",IF(P47="","",P47))) -> 2:3 | M26: =IF(RIGHT(P44,1)="W",$M$4&":0(W)",IF(RIGHT(P44,1)="L","0:"&$M$4&"(L)",IF(P44="","",RIGHT(P44,1)&":"&LEFT(P44,1)))) -> 2:3 | N26: =IF(LEFT(P40,1)="W",$M$4&":0(W)",IF(LEFT(P40,1)="L","0:"&$M$4&"(L)",IF(P40="","",P40))) -> 1:3 | O26: =IF(RIGHT(P51,1)="W",$M$4&":0(W)",IF(RIGHT(P51,1)="L","0:"&$M$4&"(L)",IF(P51="","",RIGHT(P51,1)&":"&LEFT(P51,1)))) -> 3:0 | P26: =IF(LEFT(P55,1)="W",$M$4&":0(W)",IF(LEFT(P55,1)="L","0:"&$M$4&"(L)",IF(P55="","",P55))) -> 0:3 | R26: =IF(LEFT(P60,1)="W",$M$4&":0(W)",IF(LEFT(P60,1)="L","0:"&$M$4&"(L)",IF(P60="","",P60))) -> 3:1
B27: 2:3 | K27: =IF(P35="","",IF(Q35="","",REPLACE(SUBSTITUTE(SUBSTITUTE(SUBSTITUTE(SUBSTITUTE(","&Q35,",-","#"),",","-"),"#",","),"-",",-"),1,1,""))) | L27: =IF(P47="","",IF(Q47="","",Q47)) | M27: =IF(P44="","",IF(Q44="","",REPLACE(SUBSTITUTE(SUBSTITUTE(SUBSTITUTE(SUBSTITUTE(","&Q44,",-","#"),",","-"),"#",","),"-",",-"),1,1,""))) | N27: =IF(P40="","",IF(Q40="","",Q40)) | O27: =IF(P51="","",IF(Q51="","",REPLACE(SUBSTITUTE(SUBSTITUTE(SUBSTITUTE(SUBSTITUTE(","&Q51,",-","#"),",","-"),"#",","),"-",",-"),1,1,""))) | P27: =IF(P55="","",IF(Q55="","",Q55)) | R27: =IF(P60="","",IF(Q60="","",Q60))
B28: W:L | G28: 8 | J28: Ахметов Данияр+ | K28: =IF(LEFT(P45,1)="L",0,(IF(P45="","",(IF(LEFT(P45,1)>RIGHT(P45,1),2,1))))) -> 1 | L28: =IF(RIGHT(P42,1)="L",0,(IF(P42="","",(IF(RIGHT(P42,1)>LEFT(P42,1),2,1))))) -> 1 | M28: =IF(LEFT(P39,1)="L",0,(IF(P39="","",(IF(LEFT(P39,1)>RIGHT(P39,1),2,1))))) -> 1 | N28: =IF(RIGHT(P36,1)="L",0,(IF(P36="","",(IF(RIGHT(P36,1)>LEFT(P36,1),2,1))))) -> 1 | O28: =IF(LEFT(P56,1)="L",0,(IF(P56="","",(IF(LEFT(P56,1)>RIGHT(P56,1),2,1))))) -> 2 | P28: =IF(RIGHT(P52,1)="L",0,(IF(P52="","",(IF(RIGHT(P52,1)>LEFT(P52,1),2,1))))) -> 2 | Q28: =IF(RIGHT(P60,1)="L",0,(IF(P60="","",(IF(RIGHT(P60,1)>LEFT(P60,1),2,1))))) -> 1 | S28: =IF((AND(COUNTIF(J7:J30,">""")>2,COUNTIF(P33:P60,">""")>0)),SUM(K28,L28,M28,N28,O28,P28,Q28,R28),"") -> 9 | U28: 7
B29: L:W | K29: =IF(LEFT(P45,1)="W",$M$4&":0(W)",IF(LEFT(P45,1)="L","0:"&$M$4&"(L)",IF(P45="","",P45))) -> 0:3 | L29: =IF(RIGHT(P42,1)="W",$M$4&":0(W)",IF(RIGHT(P42,1)="L","0:"&$M$4&"(L)",IF(P42="","",RIGHT(P42,1)&":"&LEFT(P42,1)))) -> 1:3 | M29: =IF(LEFT(P39,1)="W",$M$4&":0(W)",IF(LEFT(P39,1)="L","0:"&$M$4&"(L)",IF(P39="","",P39))) -> 0:3 | N29: =IF(RIGHT(P36,1)="W",$M$4&":0(W)",IF(RIGHT(P36,1)="L","0:"&$M$4&"(L)",IF(P36="","",RIGHT(P36,1)&":"&LEFT(P36,1)))) -> 0:3 | O29: =IF(LEFT(P56,1)="W",$M$4&":0(W)",IF(LEFT(P56,1)="L","0:"&$M$4&"(L)",IF(P56="","",P56))) -> 3:2 | P29: =IF(RIGHT(P52,1)="W",$M$4&":0(W)",IF(RIGHT(P52,1)="L","0:"&$M$4&"(L)",IF(P52="","",RIGHT(P52,1)&":"&LEFT(P52,1)))) -> 3:2 | Q29: =IF(RIGHT(P60,1)="W",$M$4&":0(W)",IF(RIGHT(P60,1)="L","0:"&$M$4&"(L)",IF(P60="","",RIGHT(P60,1)&":"&LEFT(P60,1)))) -> 1:3
B30: 2:0 | K30: =IF(P45="","",IF(Q45="","",Q45)) | L30: =IF(P42="","",IF(Q42="","",REPLACE(SUBSTITUTE(SUBSTITUTE(SUBSTITUTE(SUBSTITUTE(","&Q42,",-","#"),",","-"),"#",","),"-",",-"),1,1,""))) | M30: =IF(P39="","",IF(Q39="","",Q39)) | N30: =IF(P36="","",IF(Q36="","",REPLACE(SUBSTITUTE(SUBSTITUTE(SUBSTITUTE(SUBSTITUTE(","&Q36,",-","#"),",","-"),"#",","),"-",",-"),1,1,""))) | O30: =IF(P56="","",IF(Q56="","",Q56)) | P30: =IF(P52="","",IF(Q52="","",REPLACE(SUBSTITUTE(SUBSTITUTE(SUBSTITUTE(SUBSTITUTE(","&Q52,",-","#"),",","-"),"#",","),"-",",-"),1,1,""))) | Q30: =IF(P60="","",IF(Q60="","",REPLACE(SUBSTITUTE(SUBSTITUTE(SUBSTITUTE(SUBSTITUTE(","&Q60,",-","#"),",","-"),"#",","),"-",",-"),1,1,"")))
B31: 2:1
B32: 1:2 | I32: ю | P32: счет по сетам | Q32: мячи
B33: 0:2 | G33: 1 круг | I33: 18 | J33: =IF(А3!Уч2="","",А3!Уч2) -> Шакар Файзолла+ | K33: ="-" -> - | L33: =IF(А3!Уч6="","",А3!Уч6) -> Мукушев Нурлан+ | P33: 0:3 | S33: =IF(AND(I33<>"",P33=""),"встреча играется",IF(P33<>"","сыграна","")) -> сыграна
B34: 4:0 | I34: 19 | J34: =IF(А3!Уч3="","",А3!Уч3) -> Бермагамбетов Ильяс+ | K34: ="-" -> - | L34: =IF(А3!Уч5="","",А3!Уч5) -> Кужунтаев Кайрат+ | P34: 3:2 | S34: =IF(AND(I34<>"",P34=""),"встреча играется",IF(P34<>"","сыграна","")) -> сыграна
B35: 4:1 | I35: 19 | J35: =IF(А3!Уч1="","",А3!Уч1) -> Швайдюк Андрей+ | K35: ="-" -> - | L35: =IF(А3!Уч7="","",А3!Уч7) -> Омурбаев Нурбек+ | P35: 3:1 | S35: =IF(AND(I35<>"",P35=""),"встреча играется",IF(P35<>"","сыграна","")) -> сыграна
B36: 4:2 | I36: 20 | J36: =IF(А3!Уч4="","",А3!Уч4) -> Джаманбаев Жасулан+ | K36: ="-" -> - | L36: =IF(А3!Уч8="","",А3!Уч8) -> Ахметов Данияр+ | P36: 3:0 | S36: =IF(AND(I36<>"",P36=""),"встреча играется",IF(P36<>"","сыграна","")) -> сыграна
B37: 4:3 | G37: 2 круг | I37: 20 | J37: =IF(А3!Уч5="","",А3!Уч5) -> Кужунтаев Кайрат+ | K37: ="-" -> - | L37: =IF(А3!Уч2="","",А3!Уч2) -> Шакар Файзолла+ | P37: 0:3 | S37: =IF(AND(I37<>"",P37=""),"встреча играется",IF(P37<>"","сыграна","")) -> сыграна
B38: 0:4 | I38: 14 | J38: =IF(А3!Уч6="","",А3!Уч6) -> Мукушев Нурлан+ | K38: ="-" -> - | L38: =IF(А3!Уч1="","",А3!Уч1) -> Швайдюк Андрей+ | P38: 1:3 | S38: =IF(AND(I38<>"",P38=""),"встреча играется",IF(P38<>"","сыграна","")) -> сыграна
B39: 1:4 | I39: 20 | J39: =IF(А3!Уч8="","",А3!Уч8) -> Ахметов Данияр+ | K39: ="-" -> - | L39: =IF(А3!Уч3="","",А3!Уч3) -> Бермагамбетов Ильяс+ | P39: 0:3 | S39: =IF(AND(I39<>"",P39=""),"встреча играется",IF(P39<>"","сыграна","")) -> сыграна
B40: 2:4 | I40: 20 | J40: =IF(А3!Уч7="","",А3!Уч7) -> Омурбаев Нурбек+ | K40: ="-" -> - | L40: =IF(А3!Уч4="","",А3!Уч4) -> Джаманбаев Жасулан+ | P40: 1:3 | S40: =IF(AND(I40<>"",P40=""),"встреча играется",IF(P40<>"","сыграна","")) -> сыграна
B41: 3:4 | G41: 3 круг | I41: 19 | J41: =IF(А3!Уч1="","",А3!Уч1) -> Швайдюк Андрей+ | K41: ="-" -> - | L41: =IF(А3!Уч5="","",А3!Уч5) -> Кужунтаев Кайрат+ | P41: 3:0 | S41: =IF(AND(I41<>"",P41=""),"встреча играется",IF(P41<>"","сыграна","")) -> сыграна
J42: =IF(А3!Уч2="","",А3!Уч2) -> Шакар Файзолла+ | K42: ="-" -> - | L42: =IF(А3!Уч8="","",А3!Уч8) -> Ахметов Данияр+ | P42: 3:1 | S42: =IF(AND(I42<>"",P42=""),"встреча играется",IF(P42<>"","сыграна","")) -> сыграна
I43: 14 | J43: =IF(А3!Уч4="","",А3!Уч4) -> Джаманбаев Жасулан+ | K43: ="-" -> - | L43: =IF(А3!Уч6="","",А3!Уч6) -> Мукушев Нурлан+ | P43: 3:2 | S43: =IF(AND(I43<>"",P43=""),"встреча играется",IF(P43<>"","сыграна","")) -> сыграна
I44: 20 | J44: =IF(А3!Уч3="","",А3!Уч3) -> Бермагамбетов Ильяс+ | K44: ="-" -> - | L44: =IF(А3!Уч7="","",А3!Уч7) -> Омурбаев Нурбек+ | P44: 3:2 | S44: =IF(AND(I44<>"",P44=""),"встреча играется",IF(P44<>"","сыграна","")) -> сыграна
G45: 4 круг | I45: 15 | J45: =IF(А3!Уч8="","",А3!Уч8) -> Ахметов Данияр+ | K45: ="-" -> - | L45: =IF(А3!Уч1="","",А3!Уч1) -> Швайдюк Андрей+ | P45: 0:3 | S45: =IF(AND(I45<>"",P45=""),"встреча играется",IF(P45<>"","сыграна","")) -> сыграна
I46: 20 | J46: =IF(А3!Уч5="","",А3!Уч5) -> Кужунтаев Кайрат+ | K46: ="-" -> - | L46: =IF(А3!Уч4="","",А3!Уч4) -> Джаманбаев Жасулан+ | P46: 3:0 | S46: =IF(AND(I46<>"",P46=""),"встреча играется",IF(P46<>"","сыграна","")) -> сыграна
I47: 15 | J47: =IF(А3!Уч7="","",А3!Уч7) -> Омурбаев Нурбек+ | K47: ="-" -> - | L47: =IF(А3!Уч2="","",А3!Уч2) -> Шакар Файзолла+ | P47: 2:3 | S47: =IF(AND(I47<>"",P47=""),"встреча играется",IF(P47<>"","сыграна","")) -> сыграна
I48: 15 | J48: =IF(А3!Уч6="","",А3!Уч6) -> Мукушев Нурлан+ | K48: ="-" -> - | L48: =IF(А3!Уч3="","",А3!Уч3) -> Бермагамбетов Ильяс+ | P48: 3:0 | S48: =IF(AND(I48<>"",P48=""),"встреча играется",IF(P48<>"","сыграна","")) -> сыграна
G49: 5 круг | J49: =IF(А3!Уч1="","",А3!Уч1) -> Швайдюк Андрей+ | K49: ="-" -> - | L49: =IF(А3!Уч3="","",А3!Уч3) -> Бермагамбетов Ильяс+ | P49: 3:2 | S49: =IF(AND(I49<>"",P49=""),"встреча играется",IF(P49<>"","сыграна","")) -> сыграна
I50: 14 | J50: =IF(А3!Уч2="","",А3!Уч2) -> Шакар Файзолла+ | K50: ="-" -> - | L50: =IF(А3!Уч4="","",А3!Уч4) -> Джаманбаев Жасулан+ | P50: 3:0 | S50: =IF(AND(I50<>"",P50=""),"встреча играется",IF(P50<>"","сыграна","")) -> сыграна
I51: 19 | J51: =IF(А3!Уч5="","",А3!Уч5) -> Кужунтаев Кайрат+ | K51: ="-" -> - | L51: =IF(А3!Уч7="","",А3!Уч7) -> Омурбаев Нурбек+ | P51: 0:3 | S51: =IF(AND(I51<>"",P51=""),"встреча играется",IF(P51<>"","сыграна","")) -> сыграна
I52: 21 | J52: =IF(А3!Уч6="","",А3!Уч6) -> Мукушев Нурлан+ | K52: ="-" -> - | L52: =IF(А3!Уч8="","",А3!Уч8) -> Ахметов Данияр+ | P52: 2:3 | S52: =IF(AND(I52<>"",P52=""),"встреча играется",IF(P52<>"","сыграна","")) -> сыграна
G53: 6 круг | I53: 15 | J53: =IF(А3!Уч4="","",А3!Уч4) -> Джаманбаев Жасулан+ | K53: ="-" -> - | L53: =IF(А3!Уч1="","",А3!Уч1) -> Швайдюк Андрей+ | P53: 3:1 | S53: =IF(AND(I53<>"",P53=""),"встреча играется",IF(P53<>"","сыграна","")) -> сыграна
I54: 15 | J54: =IF(А3!Уч3="","",А3!Уч3) -> Бермагамбетов Ильяс+ | K54: ="-" -> - | L54: =IF(А3!Уч2="","",А3!Уч2) -> Шакар Файзолла+ | P54: 1:3 | S54: =IF(AND(I54<>"",P54=""),"встреча играется",IF(P54<>"","сыграна","")) -> сыграна
I55: 20 | J55: =IF(А3!Уч7="","",А3!Уч7) -> Омурбаев Нурбек+ | K55: ="-" -> - | L55: =IF(А3!Уч6="","",А3!Уч6) -> Мукушев Нурлан+ | P55: 0:3 | S55: =IF(AND(I55<>"",P55=""),"встреча играется",IF(P55<>"","сыграна","")) -> сыграна
I56: 21 | J56: =IF(А3!Уч8="","",А3!Уч8) -> Ахметов Данияр+ | K56: ="-" -> - | L56: =IF(А3!Уч5="","",А3!Уч5) -> Кужунтаев Кайрат+ | P56: 3:2 | S56: =IF(AND(I56<>"",P56=""),"встреча играется",IF(P56<>"","сыграна","")) -> сыграна
G57: 7 круг | I57: 15 | J57: =IF(А3!Уч1="","",А3!Уч1) -> Швайдюк Андрей+ | K57: ="-" -> - | L57: =IF(А3!Уч2="","",А3!Уч2) -> Шакар Файзолла+ | P57: 3:2 | S57: =IF(AND(I57<>"",P57=""),"встреча играется",IF(P57<>"","сыграна","")) -> сыграна
I58: 17 | J58: =IF(А3!Уч3="","",А3!Уч3) -> Бермагамбетов Ильяс+ | K58: ="-" -> - | L58: =IF(А3!Уч4="","",А3!Уч4) -> Джаманбаев Жасулан+ | P58: 0:3 | S58: =IF(AND(I58<>"",P58=""),"встреча играется",IF(P58<>"","сыграна","")) -> сыграна
I59: 17 | J59: =IF(А3!Уч5="","",А3!Уч5) -> Кужунтаев Кайрат+ | K59: ="-" -> - | L59: =IF(А3!Уч6="","",А3!Уч6) -> Мукушев Нурлан+ | P59: 1:3 | S59: =IF(AND(I59<>"",P59=""),"встреча играется",IF(P59<>"","сыграна","")) -> сыграна
I60: 21 | J60: =IF(А3!Уч7="","",А3!Уч7) -> Омурбаев Нурбек+ | K60: ="-" -> - | L60: =IF(А3!Уч8="","",А3!Уч8) -> Ахметов Данияр+ | P60: 3:1 | S60: =IF(AND(I60<>"",P60=""),"встреча играется",IF(P60<>"","сыграна","")) -> сыграна

Sheet А4
D1: Турнир Открытое первенство города Астана (лиги) | K1: Дата: | L1: =Суперлига!L1 -> 46033
K4: матчи до | M4: 3 | N4: побед
C5: =IF(COUNTIF(D7:D14,"")>0,1,0) -> 0 | E5: =IF((COUNTIF(L33:R60,">""")+COUNTIF(T7:U30,">"""))>0,1,0) -> 1
C6: № | D6: Участники турнира | E6: Рейтинг | G6: № | H6: Разряд | I6: R | J6: Фамилия Имя | K6: 1 | L6: 2 | M6: 3 | N6: 4 | O6: 5 | P6: 6 | Q6: 7 | R6: 8 | S6: Очки | T6: Соотн. | U6: Место
C7: 1 | D7: Саламатов Кобеген | G7: 1 | H7: КМС | I7: 22 | J7: Саламатов Кобеген+ | L7: =IF(LEFT(P57,1)="L",0,(IF(P57="","",(IF(LEFT(P57,1)>RIGHT(P57,1),2,1))))) -> 1 | M7: =IF(LEFT(P49,1)="L",0,(IF(P49="","",(IF(LEFT(P49,1)>RIGHT(P49,1),2,1))))) -> 2 | N7: =IF(RIGHT(P53,1)="L",0,(IF(P53="","",(IF(RIGHT(P53,1)>LEFT(P53,1),2,1))))) -> 2 | O7: =IF(LEFT(P41,1)="L",0,(IF(P41="","",(IF(LEFT(P41,1)>RIGHT(P41,1),2,1))))) -> 2 | P7: =IF(RIGHT(P38,1)="L",0,(IF(P38="","",(IF(RIGHT(P38,1)>LEFT(P38,1),2,1))))) -> 2 | Q7: =IF(LEFT(P35,1)="L",0,(IF(P35="","",(IF(LEFT(P35,1)>RIGHT(P35,1),2,1))))) -> 2 | R7: =IF(RIGHT(P45,1)="L",0,(IF(P45="","",(IF(RIGHT(P45,1)>LEFT(P45,1),2,1))))) -> 1 | S7: =IF((AND(COUNTIF(J7:J30,">""")>2,COUNTIF(P33:P60,">""")>0)),SUM(K7,L7,M7,N7,O7,P7,Q7,R7),"") -> 12 | U7: 2
C8: 2 | D8: Ярмухамедов Елдос | L8: =IF(LEFT(P57,1)="W",$M$4&":0(W)",IF(LEFT(P57,1)="L","0:"&$M$4&"(L)",IF(P57="","",P57))) -> 1:3 | M8: =IF(LEFT(P49,1)="W",$M$4&":0(W)",IF(LEFT(P49,1)="L","0:"&$M$4&"(L)",IF(P49="","",P49))) -> 3:0 | N8: =IF(RIGHT(P53,1)="W",$M$4&":0(W)",IF(RIGHT(P53,1)="L","0:"&$M$4&"(L)",IF(P53="","",RIGHT(P53,1)&":"&LEFT(P53,1)))) -> 3:1 | O8: =IF(LEFT(P41,1)="W",$M$4&":0(W)",IF(LEFT(P41,1)="L","0:"&$M$4&"(L)",IF(P41="","",P41))) -> 3:1 | P8: =IF(RIGHT(P38,1)="W",$M$4&":0(W)",IF(RIGHT(P38,1)="L","0:"&$M$4&"(L)",IF(P38="","",RIGHT(P38,1)&":"&LEFT(P38,1)))) -> 3:1 | Q8: =IF(LEFT(P35,1)="W",$M$4&":0(W)",IF(LEFT(P35,1)="L","0:"&$M$4&"(L)",IF(P35="","",P35))) -> 3:0 | R8: =IF(RIGHT(P45,1)="W",$M$4&":0(W)",IF(RIGHT(P45,1)="L","0:"&$M$4&"(L)",IF(P45="","",RIGHT(P45,1)&":"&LEFT(P45,1)))) -> 2:3
C9: 3 | D9: Кадыралы Жандос | L9: =IF(P57="","",IF(Q57="","",Q57)) | M9: =IF(P49="","",IF(Q49="","",Q49)) | N9: =IF(P53="","",IF(Q53="","",REPLACE(SUBSTITUTE(SUBSTITUTE(SUBSTITUTE(SUBSTITUTE(","&Q53,",-","#"),",","-"),"#",","),"-",",-"),1,1,""))) | O9: =IF(P41="","",IF(Q41="","",Q41)) | P9: =IF(P38="","",IF(Q38="","",REPLACE(SUBSTITUTE(SUBSTITUTE(SUBSTITUTE(SUBSTITUTE(","&Q38,",-","#"),",","-"),"#",","),"-",",-"),1,1,""))) | Q9: =IF(P35="","",IF(Q35="","",Q35)) | R9: =IF(P45="","",IF(Q45="","",REPLACE(SUBSTITUTE(SUBSTITUTE(SUBSTITUTE(SUBSTITUTE(","&Q45,",-","#"),",","-"),"#",","),"-",",-"),1,1,"")))
C10: 4 | D10: Демьянов Павел | G10: 2 | I10: 16 | J10: Ярмухамедов Елдос+ | K10: =IF(RIGHT(P57,1)="L",0,(IF(P57="","",(IF(RIGHT(P57,1)>LEFT(P57,1),2,1))))) -> 2 | M10: =IF(RIGHT(P54,1)="L",0,(IF(P54="","",(IF(RIGHT(P54,1)>LEFT(P54,1),2,1))))) -> 2 | N10: =IF(LEFT(P50,1)="L",0,(IF(P50="","",(IF(LEFT(P50,1)>RIGHT(P50,1),2,1))))) -> 2 | O10: =IF(RIGHT(P37,1)="L",0,(IF(P37="","",(IF(RIGHT(P37,1)>LEFT(P37,1),2,1))))) -> 1 | P10: =IF(LEFT(P33,1)="L",0,(IF(P33="","",(IF(LEFT(P33,1)>RIGHT(P33,1),2,1))))) -> 1 | Q10: =IF(RIGHT(P47,1)="L",0,(IF(P47="","",(IF(RIGHT(P47,1)>LEFT(P47,1),2,1))))) -> 1 | R10: =IF(LEFT(P42,1)="L",0,(IF(P42="","",(IF(LEFT(P42,1)>RIGHT(P42,1),2,1))))) -> 2 | S10: =IF((AND(COUNTIF(J7:J30,">""")>2,COUNTIF(P33:P60,">""")>0)),SUM(K10,L10,M10,N10,O10,P10,Q10,R10),"") -> 11 | U10: 4
C11: 5 | D11: Сидельников Евгений | K11: =IF(RIGHT(P57,1)="W",$M$4&":0(W)",IF(RIGHT(P57,1)="L","0:"&$M$4&"(L)",IF(P57="","",RIGHT(P57,1)&":"&LEFT(P57,1)))) -> 3:1 | M11: =IF(RIGHT(P54,1)="W",$M$4&":0(W)",IF(RIGHT(P54,1)="L","0:"&$M$4&"(L)",IF(P54="","",RIGHT(P54,1)&":"&LEFT(P54,1)))) -> 3:2 | N11: =IF(LEFT(P50,1)="W",$M$4&":0(W)",IF(LEFT(P50,1)="L","0:"&$M$4&"(L)",IF(P50="","",P50))) -> 3:1 | O11: =IF(RIGHT(P37,1)="W",$M$4&":0(W)",IF(RIGHT(P37,1)="L","0:"&$M$4&"(L)",IF(P37="","",RIGHT(P37,1)&":"&LEFT(P37,1)))) -> 2:3 | P11: =IF(LEFT(P33,1)="W",$M$4&":0(W)",IF(LEFT(P33,1)="L","0:"&$M$4&"(L)",IF(P33="","",P33))) -> 2:3 | Q11: =IF(RIGHT(P47,1)="W",$M$4&":0(W)",IF(RIGHT(P47,1)="L","0:"&$M$4&"(L)",IF(P47="","",RIGHT(P47,1)&":"&LEFT(P47,1)))) -> 0:3 | R11: =IF(LEFT(P42,1)="W",$M$4&":0(W)",IF(LEFT(P42,1)="L","0:"&$M$4&"(L)",IF(P42="","",P42))) -> 3:1
C12: 6 | D12: Литвиненко Максим | K12: =IF(P57="","",IF(Q57="","",REPLACE(SUBSTITUTE(SUBSTITUTE(SUBSTITUTE(SUBSTITUTE(","&Q57,",-","#"),",","-"),"#",","),"-",",-"),1,1,""))) | M12: =IF(P54="","",IF(Q54="","",REPLACE(SUBSTITUTE(SUBSTITUTE(SUBSTITUTE(SUBSTITUTE(","&Q54,",-","#"),",","-"),"#",","),"-",",-"),1,1,""))) | N12: =IF(P50="","",IF(Q50="","",Q50)) | O12: =IF(P37="","",IF(Q37="","",REPLACE(SUBSTITUTE(SUBSTITUTE(SUBSTITUTE(SUBSTITUTE(","&Q37,",-","#"),",","-"),"#",","),"-",",-"),1,1,""))) | P12: =IF(P33="","",IF(Q33="","",Q33)) | Q12: =IF(P47="","",IF(Q47="","",REPLACE(SUBSTITUTE(SUBSTITUTE(SUBSTITUTE(SUBSTITUTE(","&Q47,",-","#"),",","-"),"#",","),"-",",-"),1,1,""))) | R12: =IF(P42="","",IF(Q42="","",Q42))
C13: 7 | D13: Бекбулатов Ернур | G13: 3 | I13: 11 | J13: Кадыралы Жандос+ | K13: =IF(RIGHT(P49,1)="L",0,(IF(P49="","",(IF(RIGHT(P49,1)>LEFT(P49,1),2,1))))) -> 1 | L13: =IF(LEFT(P54,1)="L",0,(IF(P54="","",(IF(LEFT(P54,1)>RIGHT(P54,1),2,1))))) -> 1 | N13: =IF(LEFT(P58,1)="L",0,(IF(P58="","",(IF(LEFT(P58,1)>RIGHT(P58,1),2,1))))) -> 1 | O13: =IF(LEFT(P34,1)="L",0,(IF(P34="","",(IF(LEFT(P34,1)>RIGHT(P34,1),2,1))))) -> 2 | P13: =IF(RIGHT(P48,1)="L",0,(IF(P48="","",(IF(RIGHT(P48,1)>LEFT(P48,1),2,1))))) -> 1 | Q13: =IF(LEFT(P44,1)="L",0,(IF(P44="","",(IF(LEFT(P44,1)>RIGHT(P44,1),2,1))))) -> 1 | R13: =IF(RIGHT(P39,1)="L",0,(IF(P39="","",(IF(RIGHT(P39,1)>LEFT(P39,1),2,1))))) -> 2 | S13: =IF((AND(COUNTIF(J7:J30,">""")>2,COUNTIF(P33:P60,">""")>0)),SUM(K13,L13,M13,N13,O13,P13,Q13,R13),"") -> 9 | U13: 7
C14: 8 | D14: Кенесбек Нурсултан | K14: =IF(RIGHT(P49,1)="W",$M$4&":0(W)",IF(RIGHT(P49,1)="L","0:"&$M$4&"(L)",IF(P49="","",RIGHT(P49,1)&":"&LEFT(P49,1)))) -> 0:3 | L14: =IF(LEFT(P54,1)="W",$M$4&":0(W)",IF(LEFT(P54,1)="L","0:"&$M$4&"(L)",IF(P54="","",P54))) -> 2:3 | N14: =IF(LEFT(P58,1)="W",$M$4&":0(W)",IF(LEFT(P58,1)="L","0:"&$M$4&"(L)",IF(P58="","",P58))) -> 1:3 | O14: =IF(LEFT(P34,1)="W",$M$4&":0(W)",IF(LEFT(P34,1)="L","0:"&$M$4&"(L)",IF(P34="","",P34))) -> 3:2 | P14: =IF(RIGHT(P48,1)="W",$M$4&":0(W)",IF(RIGHT(P48,1)="L","0:"&$M$4&"(L)",IF(P48="","",RIGHT(P48,1)&":"&LEFT(P48,1)))) -> 0:3 | Q14: =IF(LEFT(P44,1)="W",$M$4&":0(W)",IF(LEFT(P44,1)="L","0:"&$M$4&"(L)",IF(P44="","",P44))) -> 2:3 | R14: =IF(RIGHT(P39,1)="W",$M$4&":0(W)",IF(RIGHT(P39,1)="L","0:"&$M$4&"(L)",IF(P39="","",RIGHT(P39,1)&":"&LEFT(P39,1)))) -> 3:0
K15: =IF(P49="","",IF(Q49="","",REPLACE(SUBSTITUTE(SUBSTITUTE(SUBSTITUTE(SUBSTITUTE(","&Q49,",-","#"),",","-"),"#",","),"-",",-"),1,1,""))) | L15: =IF(P54="","",IF(Q54="","",Q54)) | N15: =IF(P58="","",IF(Q58="","",Q58)) | O15: =IF(P34="","",IF(Q34="","",Q34)) | P15: =IF(P48="","",IF(Q48="","",REPLACE(SUBSTITUTE(SUBSTITUTE(SUBSTITUTE(SUBSTITUTE(","&Q48,",-","#"),",","-"),"#",","),"-",",-"),1,1,""))) | Q15: =IF(P44="","",IF(Q44="","",Q44)) | R15: =IF(P39="","",IF(Q39="","",REPLACE(SUBSTITUTE(SUBSTITUTE(SUBSTITUTE(SUBSTITUTE(","&Q39,",-","#"),",","-"),"#",","),"-",",-"),1,1,"")))
G16: 4 | I16: 13 | J16: Демьянов Павел+ | K16: =IF(LEFT(P53,1)="L",0,(IF(P53="","",(IF(LEFT(P53,1)>RIGHT(P53,1),2,1))))) -> 1 | L16: =IF(RIGHT(P50,1)="L",0,(IF(P50="","",(IF(RIGHT(P50,1)>LEFT(P50,1),2,1))))) -> 1 | M16: =IF(RIGHT(P58,1)="L",0,(IF(P58="","",(IF(RIGHT(P58,1)>LEFT(P58,1),2,1))))) -> 2 | O16: =IF(RIGHT(P46,1)="L",0,(IF(P46="","",(IF(RIGHT(P46,1)>LEFT(P46,1),2,1))))) -> 2 | P16: =IF(LEFT(P43,1)="L",0,(IF(P43="","",(IF(LEFT(P43,1)>RIGHT(P43,1),2,1))))) -> 1 | Q16: =IF(RIGHT(P40,1)="L",0,(IF(P40="","",(IF(RIGHT(P40,1)>LEFT(P40,1),2,1))))) -> 1 | R16: =IF(LEFT(P36,1)="L",0,(IF(P36="","",(IF(LEFT(P36,1)>RIGHT(P36,1),2,1))))) -> 2 | S16: =IF((AND(COUNTIF(J7:J30,">""")>2,COUNTIF(P33:P60,">""")>0)),SUM(K16,L16,M16,N16,O16,P16,Q16,R16),"") -> 10 | U16: 5
K17: =IF(LEFT(P53,1)="W",$M$4&":0(W)",IF(LEFT(P53,1)="L","0:"&$M$4&"(L)",IF(P53="","",P53))) -> 1:3 | L17: =IF(RIGHT(P50,1)="W",$M$4&":0(W)",IF(RIGHT(P50,1)="L","0:"&$M$4&"(L)",IF(P50="","",RIGHT(P50,1)&":"&LEFT(P50,1)))) -> 1:3 | M17: =IF(RIGHT(P58,1)="W",$M$4&":0(W)",IF(RIGHT(P58,1)="L","0:"&$M$4&"(L)",IF(P58="","",RIGHT(P58,1)&":"&LEFT(P58,1)))) -> 3:1 | O17: =IF(RIGHT(P46,1)="W",$M$4&":0(W)",IF(RIGHT(P46,1)="L","0:"&$M$4&"(L)",IF(P46="","",RIGHT(P46,1)&":"&LEFT(P46,1)))) -> 3:2 | P17: =IF(LEFT(P43,1)="W",$M$4&":0(W)",IF(LEFT(P43,1)="L","0:"&$M$4&"(L)",IF(P43="","",P43))) -> 1:3 | Q17: =IF(RIGHT(P40,1)="W",$M$4&":0(W)",IF(RIGHT(P40,1)="L","0:"&$M$4&"(L)",IF(P40="","",RIGHT(P40,1)&":"&LEFT(P40,1)))) -> 1:3 | R17: =IF(LEFT(P36,1)="W",$M$4&":0(W)",IF(LEFT(P36,1)="L","0:"&$M$4&"(L)",IF(P36="","",P36))) -> 3:2
K18: =IF(P53="","",IF(Q53="","",Q53)) | L18: =IF(P50="","",IF(Q50="","",REPLACE(SUBSTITUTE(SUBSTITUTE(SUBSTITUTE(SUBSTITUTE(","&Q50,",-","#"),",","-"),"#",","),"-",",-"),1,1,""))) | M18: =IF(P58="","",IF(Q58="","",REPLACE(SUBSTITUTE(SUBSTITUTE(SUBSTITUTE(SUBSTITUTE(","&Q58,",-","#"),",","-"),"#",","),"-",",-"),1,1,""))) | O18: =IF(P46="","",IF(Q46="","",REPLACE(SUBSTITUTE(SUBSTITUTE(SUBSTITUTE(SUBSTITUTE(","&Q46,",-","#"),",","-"),"#",","),"-",",-"),1,1,""))) | P18: =IF(P43="","",IF(Q43="","",Q43)) | Q18: =IF(P40="","",IF(Q40="","",REPLACE(SUBSTITUTE(SUBSTITUTE(SUBSTITUTE(SUBSTITUTE(","&Q40,",-","#"),",","-"),"#",","),"-",",-"),1,1,""))) | R18: =IF(P36="","",IF(Q36="","",Q36))
G19: 5 | H19: 1 р | I19: 10 | J19: Сидельников Евгений+ | K19: =IF(RIGHT(P41,1)="L",0,(IF(P41="","",(IF(RIGHT(P41,1)>LEFT(P41,1),2,1))))) -> 1 | L19: =IF(LEFT(P37,1)="L",0,(IF(P37="","",(IF(LEFT(P37,1)>RIGHT(P37,1),2,1))))) -> 2 | M19: =IF(RIGHT(P34,1)="L",0,(IF(P34="","",(IF(RIGHT(P34,1)>LEFT(P34,1),2,1))))) -> 1 | N19: =IF(LEFT(P46,1)="L",0,(IF(P46="","",(IF(LEFT(P46,1)>RIGHT(P46,1),2,1))))) -> 1 | P19: =IF(LEFT(P59,1)="L",0,(IF(P59="","",(IF(LEFT(P59,1)>RIGHT(P59,1),2,1))))) -> 2 | Q19: =IF(LEFT(P51,1)="L",0,(IF(P51="","",(IF(LEFT(P51,1)>RIGHT(P51,1),2,1))))) -> 1 | R19: =IF(RIGHT(P56,1)="L",0,(IF(P56="","",(IF(RIGHT(P56,1)>LEFT(P56,1),2,1))))) -> 2 | S19: =IF((AND(COUNTIF(J7:J30,">""")>2,COUNTIF(P33:P60,">""")>0)),SUM(K19,L19,M19,N19,O19,P19,Q19,R19),"") -> 10 | U19: 6
K20: =IF(RIGHT(P41,1)="W",$M$4&":0(W)",IF(RIGHT(P41,1)="L","0:"&$M$4&"(L)",IF(P41="","",RIGHT(P41,1)&":"&LEFT(P41,1)))) -> 1:3 | L20: =IF(LEFT(P37,1)="W",$M$4&":0(W)",IF(LEFT(P37,1)="L","0:"&$M$4&"(L)",IF(P37="","",P37))) -> 3:2 | M20: =IF(RIGHT(P34,1)="W",$M$4&":0(W)",IF(RIGHT(P34,1)="L","0:"&$M$4&"(L)",IF(P34="","",RIGHT(P34,1)&":"&LEFT(P34,1)))) -> 2:3 | N20: =IF(LEFT(P46,1)="W",$M$4&":0(W)",IF(LEFT(P46,1)="L","0:"&$M$4&"(L)",IF(P46="","",P46))) -> 2:3 | P20: =IF(LEFT(P59,1)="W",$M$4&":0(W)",IF(LEFT(P59,1)="L","0:"&$M$4&"(L)",IF(P59="","",P59))) -> 3:2 | Q20: =IF(LEFT(P51,1)="W",$M$4&":0(W)",IF(LEFT(P51,1)="L","0:"&$M$4&"(L)",IF(P51="","",P51))) -> 0:3 | R20: =IF(RIGHT(P56,1)="W",$M$4&":0(W)",IF(RIGHT(P56,1)="L","0:"&$M$4&"(L)",IF(P56="","",RIGHT(P56,1)&":"&LEFT(P56,1)))) -> 3:1
K21: =IF(P41="","",IF(Q41="","",REPLACE(SUBSTITUTE(SUBSTITUTE(SUBSTITUTE(SUBSTITUTE(","&Q41,",-","#"),",","-"),"#",","),"-",",-"),1,1,""))) | L21: =IF(P37="","",IF(Q37="","",Q37)) | M21: =IF(P34="","",IF(Q34="","",REPLACE(SUBSTITUTE(SUBSTITUTE(SUBSTITUTE(SUBSTITUTE(","&Q34,",-","#"),",","-"),"#",","),"-",",-"),1,1,""))) | N21: =IF(P46="","",IF(Q46="","",Q46)) | P21: =IF(P59="","",IF(Q59="","",Q59)) | Q21: =IF(P51="","",IF(Q51="","",Q51)) | R21: =IF(P56="","",IF(Q56="","",REPLACE(SUBSTITUTE(SUBSTITUTE(SUBSTITUTE(SUBSTITUTE(","&Q56,",-","#"),",","-"),"#",","),"-",",-"),1,1,"")))
B22: 3:0 | G22: 6 | I22: 16 | J22: Литвиненко Максим+ | K22: =IF(LEFT(P38,1)="L",0,(IF(P38="","",(IF(LEFT(P38,1)>RIGHT(P38,1),2,1))))) -> 1 | L22: =IF(RIGHT(P33,1)="L",0,(IF(P33="","",(IF(RIGHT(P33,1)>LEFT(P33,1),2,1))))) -> 2 | M22: =IF(LEFT(P48,1)="L",0,(IF(P48="","",(IF(LEFT(P48,1)>RIGHT(P48,1),2,1))))) -> 2 | N22: =IF(RIGHT(P43,1)="L",0,(IF(P43="","",(IF(RIGHT(P43,1)>LEFT(P43,1),2,1))))) -> 2 | O22: =IF(RIGHT(P59,1)="L",0,(IF(P59="","",(IF(RIGHT(P59,1)>LEFT(P59,1),2,1))))) -> 1 | Q22: =IF(RIGHT(P55,1)="L",0,(IF(P55="","",(IF(RIGHT(P55,1)>LEFT(P55,1),2,1))))) -> 1 | R22: =IF(LEFT(P52,1)="L",0,(IF(P52="","",(IF(LEFT(P52,1)>RIGHT(P52,1),2,1))))) -> 2 | S22: =IF((AND(COUNTIF(J7:J30,">""")>2,COUNTIF(P33:P60,">""")>0)),SUM(K22,L22,M22,N22,O22,P22,Q22,R22),"") -> 11 | U22: 3
B23: 3:1 | K23: =IF(LEFT(P38,1)="W",$M$4&":0(W)",IF(LEFT(P38,1)="L","0:"&$M$4&"(L)",IF(P38="","",P38))) -> 1:3 | L23: =IF(RIGHT(P33,1)="W",$M$4&":0(W)",IF(RIGHT(P33,1)="L","0:"&$M$4&"(L)",IF(P33="","",RIGHT(P33,1)&":"&LEFT(P33,1)))) -> 3:2 | M23: =IF(LEFT(P48,1)="W",$M$4&":0(W)",IF(LEFT(P48,1)="L","0:"&$M$4&"(L)",IF(P48="","",P48))) -> 3:0 | N23: =IF(RIGHT(P43,1)="W",$M$4&":0(W)",IF(RIGHT(P43,1)="L","0:"&$M$4&"(L)",IF(P43="","",RIGHT(P43,1)&":"&LEFT(P43,1)))) -> 3:1 | O23: =IF(RIGHT(P59,1)="W",$M$4&":0(W)",IF(RIGHT(P59,1)="L","0:"&$M$4&"(L)",IF(P59="","",RIGHT(P59,1)&":"&LEFT(P59,1)))) -> 2:3 | Q23: =IF(RIGHT(P55,1)="W",$M$4&":0(W)",IF(RIGHT(P55,1)="L","0:"&$M$4&"(L)",IF(P55="","",RIGHT(P55,1)&":"&LEFT(P55,1)))) -> 0:3 | R23: =IF(LEFT(P52,1)="W",$M$4&":0(W)",IF(LEFT(P52,1)="L","0:"&$M$4&"(L)",IF(P52="","",P52))) -> 3:1
B24: 3:2 | K24: =IF(P38="","",IF(Q38="","",Q38)) | L24: =IF(P33="","",IF(Q33="","",REPLACE(SUBSTITUTE(SUBSTITUTE(SUBSTITUTE(SUBSTITUTE(","&Q33,",-","#"),",","-"),"#",","),"-",",-"),1,1,""))) | M24: =IF(P48="","",IF(Q48="","",Q48)) | N24: =IF(P43="","",IF(Q43="","",REPLACE(SUBSTITUTE(SUBSTITUTE(SUBSTITUTE(SUBSTITUTE(","&Q43,",-","#"),",","-"),"#",","),"-",",-"),1,1,""))) | O24: =IF(P59="","",IF(Q59="","",REPLACE(SUBSTITUTE(SUBSTITUTE(SUBSTITUTE(SUBSTITUTE(","&Q59,",-","#"),",","-"),"#",","),"-",",-"),1,1,""))) | Q24: =IF(P55="","",IF(Q55="","",REPLACE(SUBSTITUTE(SUBSTITUTE(SUBSTITUTE(SUBSTITUTE(","&Q55,",-","#"),",","-"),"#",","),"-",",-"),1,1,""))) | R24: =IF(P52="","",IF(Q52="","",Q52))
B25: 0:3 | G25: 7 | H25: КМС | I25: 20 | J25: Бекбулатов Ернур+ | K25: =IF(RIGHT(P35,1)="L",0,(IF(P35="","",(IF(RIGHT(P35,1)>LEFT(P35,1),2,1))))) -> 1 | L25: =IF(LEFT(P47,1)="L",0,(IF(P47="","",(IF(LEFT(P47,1)>RIGHT(P47,1),2,1))))) -> 2 | M25: =IF(RIGHT(P44,1)="L",0,(IF(P44="","",(IF(RIGHT(P44,1)>LEFT(P44,1),2,1))))) -> 2 | N25: =IF(LEFT(P40,1)="L",0,(IF(P40="","",(IF(LEFT(P40,1)>RIGHT(P40,1),2,1))))) -> 2 | O25: =IF(RIGHT(P51,1)="L",0,(IF(P51="","",(IF(RIGHT(P51,1)>LEFT(P51,1),2,1))))) -> 2 | P25: =IF(LEFT(P55,1)="L",0,(IF(P55="","",(IF(LEFT(P55,1)>RIGHT(P55,1),2,1))))) -> 2 | R25: =IF(LEFT(P60,1)="L",0,(IF(P60="","",(IF(LEFT(P60,1)>RIGHT(P60,1),2,1))))) -> 2 | S25: =IF((AND(COUNTIF(J7:J30,">""")>2,COUNTIF(P33:P60,">""")>0)),SUM(K25,L25,M25,N25,O25,P25,Q25,R25),"") -> 13 | U25: 1
B26: 1:3 | K26: =IF(RIGHT(P35,1)="W",$M$4&":0(W)",IF(RIGHT(P35,1)="L","0:"&$M$4&"(L)",IF(P35="","",RIGHT(P35,1)&":"&LEFT(P35,1)))) -> 0:3 | L26: =IF(LEFT(P47)="W",$M$4&":0(W)",IF(LEFT(P47,1)="L","0:"&$M$4&"(L)",IF(P47="","",P47))) -> 3:0 | M26: =IF(RIGHT(P44,1)="W",$M$4&":0(W)",IF(RIGHT(P44,1)="L","0:"&$M$4&"(L)",IF(P44="","",RIGHT(P44,1)&":"&LEFT(P44,1)))) -> 3:2 | N26: =IF(LEFT(P40,1)="W",$M$4&":0(W)",IF(LEFT(P40,1)="L","0:"&$M$4&"(L)",IF(P40="","",P40))) -> 3:1 | O26: =IF(RIGHT(P51,1)="W",$M$4&":0(W)",IF(RIGHT(P51,1)="L","0:"&$M$4&"(L)",IF(P51="","",RIGHT(P51,1)&":"&LEFT(P51,1)))) -> 3:0 | P26: =IF(LEFT(P55,1)="W",$M$4&":0(W)",IF(LEFT(P55,1)="L","0:"&$M$4&"(L)",IF(P55="","",P55))) -> 3:0 | R26: =IF(LEFT(P60,1)="W",$M$4&":0(W)",IF(LEFT(P60,1)="L","0:"&$M$4&"(L)",IF(P60="","",P60))) -> 3:0
B27: 2:3 | K27: =IF(P35="","",IF(Q35="","",REPLACE(SUBSTITUTE(SUBSTITUTE(SUBSTITUTE(SUBSTITUTE(","&Q35,",-","#"),",","-"),"#",","),"-",",-"),1,1,""))) | L27: =IF(P47="","",IF(Q47="","",Q47)) | M27: =IF(P44="","",IF(Q44="","",REPLACE(SUBSTITUTE(SUBSTITUTE(SUBSTITUTE(SUBSTITUTE(","&Q44,",-","#"),",","-"),"#",","),"-",",-"),1,1,""))) | N27: =IF(P40="","",IF(Q40="","",Q40)) | O27: =IF(P51="","",IF(Q51="","",REPLACE(SUBSTITUTE(SUBSTITUTE(SUBSTITUTE(SUBSTITUTE(","&Q51,",-","#"),",","-"),"#",","),"-",",-"),1,1,""))) | P27: =IF(P55="","",IF(Q55="","",Q55)) | R27: =IF(P60="","",IF(Q60="","",Q60))
B28: W:L | G28: 8 | I28: 9 | J28: Кенесбек Нурсултан+ | K28: =IF(LEFT(P45,1)="L",0,(IF(P45="","",(IF(LEFT(P45,1)>RIGHT(P45,1),2,1))))) -> 2 | L28: =IF(RIGHT(P42,1)="L",0,(IF(P42="","",(IF(RIGHT(P42,1)>LEFT(P42,1),2,1))))) -> 1 | M28: =IF(LEFT(P39,1)="L",0,(IF(P39="","",(IF(LEFT(P39,1)>RIGHT(P39,1),2,1))))) -> 1 | N28: =IF(RIGHT(P36,1)="L",0,(IF(P36="","",(IF(RIGHT(P36,1)>LEFT(P36,1),2,1))))) -> 1 | O28: =IF(LEFT(P56,1)="L",0,(IF(P56="","",(IF(LEFT(P56,1)>RIGHT(P56,1),2,1))))) -> 1 | P28: =IF(RIGHT(P52,1)="L",0,(IF(P52="","",(IF(RIGHT(P52,1)>LEFT(P52,1),2,1))))) -> 1 | Q28: =IF(RIGHT(P60,1)="L",0,(IF(P60="","",(IF(RIGHT(P60,1)>LEFT(P60,1),2,1))))) -> 1 | S28: =IF((AND(COUNTIF(J7:J30,">""")>2,COUNTIF(P33:P60,">""")>0)),SUM(K28,L28,M28,N28,O28,P28,Q28,R28),"") -> 8 | U28: 8
B29: L:W | K29: =IF(LEFT(P45,1)="W",$M$4&":0(W)",IF(LEFT(P45,1)="L","0:"&$M$4&"(L)",IF(P45="","",P45))) -> 3:2 | L29: =IF(RIGHT(P42,1)="W",$M$4&":0(W)",IF(RIGHT(P42,1)="L","0:"&$M$4&"(L)",IF(P42="","",RIGHT(P42,1)&":"&LEFT(P42,1)))) -> 1:3 | M29: =IF(LEFT(P39,1)="W",$M$4&":0(W)",IF(LEFT(P39,1)="L","0:"&$M$4&"(L)",IF(P39="","",P39))) -> 0:3 | N29: =IF(RIGHT(P36,1)="W",$M$4&":0(W)",IF(RIGHT(P36,1)="L","0:"&$M$4&"(L)",IF(P36="","",RIGHT(P36,1)&":"&LEFT(P36,1)))) -> 2:3 | O29: =IF(LEFT(P56,1)="W",$M$4&":0(W)",IF(LEFT(P56,1)="L","0:"&$M$4&"(L)",IF(P56="","",P56))) -> 1:3 | P29: =IF(RIGHT(P52,1)="W",$M$4&":0(W)",IF(RIGHT(P52,1)="L","0:"&$M$4&"(L)",IF(P52="","",RIGHT(P52,1)&":"&LEFT(P52,1)))) -> 1:3 | Q29: =IF(RIGHT(P60,1)="W",$M$4&":0(W)",IF(RIGHT(P60,1)="L","0:"&$M$4&"(L)",IF(P60="","",RIGHT(P60,1)&":"&LEFT(P60,1)))) -> 0:3
B30: 2:0 | K30: =IF(P45="","",IF(Q45="","",Q45)) | L30: =IF(P42="","",IF(Q42="","",REPLACE(SUBSTITUTE(SUBSTITUTE(SUBSTITUTE(SUBSTITUTE(","&Q42,",-","#"),",","-"),"#",","),"-",",-"),1,1,""))) | M30: =IF(P39="","",IF(Q39="","",Q39)) | N30: =IF(P36="","",IF(Q36="","",REPLACE(SUBSTITUTE(SUBSTITUTE(SUBSTITUTE(SUBSTITUTE(","&Q36,",-","#"),",","-"),"#",","),"-",",-"),1,1,""))) | O30: =IF(P56="","",IF(Q56="","",Q56)) | P30: =IF(P52="","",IF(Q52="","",REPLACE(SUBSTITUTE(SUBSTITUTE(SUBSTITUTE(SUBSTITUTE(","&Q52,",-","#"),",","-"),"#",","),"-",",-"),1,1,""))) | Q30: =IF(P60="","",IF(Q60="","",REPLACE(SUBSTITUTE(SUBSTITUTE(SUBSTITUTE(SUBSTITUTE(","&Q60,",-","#"),",","-"),"#",","),"-",",-"),1,1,"")))
B31: 2:1
B32: 1:2 | I32: ю | P32: счет по сетам | Q32: мячи
B33: 0:2 | G33: 1 круг | I33: 21 | J33: =IF(А4!Уч2="","",А4!Уч2) -> Ярмухамедов Елдос+ | K33: ="-" -> - | L33: =IF(А4!Уч6="","",А4!Уч6) -> Литвиненко Максим+ | P33: 2:3 | S33: =IF(AND(I33<>"",P33=""),"встреча играется",IF(P33<>"","сыграна","")) -> сыграна
B34: 4:0 | I34: 22 | J34: =IF(А4!Уч3="","",А4!Уч3) -> Кадыралы Жандос+ | K34: ="-" -> - | L34: =IF(А4!Уч5="","",А4!Уч5) -> Сидельников Евгений+ | P34: 3:2 | S34: =IF(AND(I34<>"",P34=""),"встреча играется",IF(P34<>"","сыграна","")) -> сыграна
B35: 4:1 | I35: 23 | J35: =IF(А4!Уч1="","",А4!Уч1) -> Саламатов Кобеген+ | K35: ="-" -> - | L35: =IF(А4!Уч7="","",А4!Уч7) -> Бекбулатов Ернур+ | P35: 3:0 | S35: =IF(AND(I35<>"",P35=""),"встреча играется",IF(P35<>"","сыграна","")) -> сыграна
B36: 4:2 | I36: 24 | J36: =IF(А4!Уч4="","",А4!Уч4) -> Демьянов Павел+ | K36: ="-" -> - | L36: =IF(А4!Уч8="","",А4!Уч8) -> Кенесбек Нурсултан+ | P36: 3:2 | S36: =IF(AND(I36<>"",P36=""),"встреча играется",IF(P36<>"","сыграна","")) -> сыграна
B37: 4:3 | G37: 2 круг | I37: 21 | J37: =IF(А4!Уч5="","",А4!Уч5) -> Сидельников Евгений+ | K37: ="-" -> - | L37: =IF(А4!Уч2="","",А4!Уч2) -> Ярмухамедов Елдос+ | P37: 3:2 | S37: =IF(AND(I37<>"",P37=""),"встреча играется",IF(P37<>"","сыграна","")) -> сыграна
B38: 0:4 | I38: 19 | J38: =IF(А4!Уч6="","",А4!Уч6) -> Литвиненко Максим+ | K38: ="-" -> - | L38: =IF(А4!Уч1="","",А4!Уч1) -> Саламатов Кобеген+ | P38: 1:3 | S38: =IF(AND(I38<>"",P38=""),"встреча играется",IF(P38<>"","сыграна","")) -> сыграна
B39: 1:4 | I39: 22 | J39: =IF(А4!Уч8="","",А4!Уч8) -> Кенесбек Нурсултан+ | K39: ="-" -> - | L39: =IF(А4!Уч3="","",А4!Уч3) -> Кадыралы Жандос+ | P39: 0:3 | S39: =IF(AND(I39<>"",P39=""),"встреча играется",IF(P39<>"","сыграна","")) -> сыграна
B40: 2:4 | I40: 24 | J40: =IF(А4!Уч7="","",А4!Уч7) -> Бекбулатов Ернур+ | K40: ="-" -> - | L40: =IF(А4!Уч4="","",А4!Уч4) -> Демьянов Павел+ | P40: 3:1 | S40: =IF(AND(I40<>"",P40=""),"встреча играется",IF(P40<>"","сыграна","")) -> сыграна
B41: 3:4 | G41: 3 круг | I41: 21 | J41: =IF(А4!Уч1="","",А4!Уч1) -> Саламатов Кобеген+ | K41: ="-" -> - | L41: =IF(А4!Уч5="","",А4!Уч5) -> Сидельников Евгений+ | P41: 3:1 | S41: =IF(AND(I41<>"",P41=""),"встреча играется",IF(P41<>"","сыграна","")) -> сыграна
I42: 23 | J42: =IF(А4!Уч2="","",А4!Уч2) -> Ярмухамедов Елдос+ | K42: ="-" -> - | L42: =IF(А4!Уч8="","",А4!Уч8) -> Кенесбек Нурсултан+ | P42: 3:1 | S42: =IF(AND(I42<>"",P42=""),"встреча играется",IF(P42<>"","сыграна","")) -> сыграна
I43: 19 | J43: =IF(А4!Уч4="","",А4!Уч4) -> Демьянов Павел+ | K43: ="-" -> - | L43: =IF(А4!Уч6="","",А4!Уч6) -> Литвиненко Максим+ | P43: 1:3 | S43: =IF(AND(I43<>"",P43=""),"встреча играется",IF(P43<>"","сыграна","")) -> сыграна
I44: 22 | J44: =IF(А4!Уч3="","",А4!Уч3) -> Кадыралы Жандос+ | K44: ="-" -> - | L44: =IF(А4!Уч7="","",А4!Уч7) -> Бекбулатов Ернур+ | P44: 2:3 | S44: =IF(AND(I44<>"",P44=""),"встреча играется",IF(P44<>"","сыграна","")) -> сыграна
G45: 4 круг | I45: 19 | J45: =IF(А4!Уч8="","",А4!Уч8) -> Кенесбек Нурсултан+ | K45: ="-" -> - | L45: =IF(А4!Уч1="","",А4!Уч1) -> Саламатов Кобеген+ | P45: 3:2 | S45: =IF(AND(I45<>"",P45=""),"встреча играется",IF(P45<>"","сыграна","")) -> сыграна
I46: 16 | J46: =IF(А4!Уч5="","",А4!Уч5) -> Сидельников Евгений+ | K46: ="-" -> - | L46: =IF(А4!Уч4="","",А4!Уч4) -> Демьянов Павел+ | P46: 2:3 | S46: =IF(AND(I46<>"",P46=""),"встреча играется",IF(P46<>"","сыграна","")) -> сыграна
I47: 21 | J47: =IF(А4!Уч7="","",А4!Уч7) -> Бекбулатов Ернур+ | K47: ="-" -> - | L47: =IF(А4!Уч2="","",А4!Уч2) -> Ярмухамедов Елдос+ | P47: 3:0 | S47: =IF(AND(I47<>"",P47=""),"встреча играется",IF(P47<>"","сыграна","")) -> сыграна
I48: 22 | J48: =IF(А4!Уч6="","",А4!Уч6) -> Литвиненко Максим+ | K48: ="-" -> - | L48: =IF(А4!Уч3="","",А4!Уч3) -> Кадыралы Жандос+ | P48: 3:0 | S48: =IF(AND(I48<>"",P48=""),"встреча играется",IF(P48<>"","сыграна","")) -> сыграна
G49: 5 круг | I49: 19 | J49: =IF(А4!Уч1="","",А4!Уч1) -> Саламатов Кобеген+ | K49: ="-" -> - | L49: =IF(А4!Уч3="","",А4!Уч3) -> Кадыралы Жандос+ | P49: 3:0 | S49: =IF(AND(I49<>"",P49=""),"встреча играется",IF(P49<>"","сыграна","")) -> сыграна
I50: 16 | J50: =IF(А4!Уч2="","",А4!Уч2) -> Ярмухамедов Елдос+ | K50: ="-" -> - | L50: =IF(А4!Уч4="","",А4!Уч4) -> Демьянов Павел+ | P50: 3:1 | S50: =IF(AND(I50<>"",P50=""),"встреча играется",IF(P50<>"","сыграна","")) -> сыграна
I51: 23 | J51: =IF(А4!Уч5="","",А4!Уч5) -> Сидельников Евгений+ | K51: ="-" -> - | L51: =IF(А4!Уч7="","",А4!Уч7) -> Бекбулатов Ернур+ | P51: 0:3 | S51: =IF(AND(I51<>"",P51=""),"встреча играется",IF(P51<>"","сыграна","")) -> сыграна
I52: 23 | J52: =IF(А4!Уч6="","",А4!Уч6) -> Литвиненко Максим+ | K52: ="-" -> - | L52: =IF(А4!Уч8="","",А4!Уч8) -> Кенесбек Нурсултан+ | P52: 3:1 | S52: =IF(AND(I52<>"",P52=""),"встреча играется",IF(P52<>"","сыграна","")) -> сыграна
G53: 6 круг | I53: 19 | J53: =IF(А4!Уч4="","",А4!Уч4) -> Демьянов Павел+ | K53: ="-" -> - | L53: =IF(А4!Уч1="","",А4!Уч1) -> Саламатов Кобеген+ | P53: 1:3 | S53: =IF(AND(I53<>"",P53=""),"встреча играется",IF(P53<>"","сыграна","")) -> сыграна
I54: 18 | J54: =IF(А4!Уч3="","",А4!Уч3) -> Кадыралы Жандос+ | K54: ="-" -> - | L54: =IF(А4!Уч2="","",А4!Уч2) -> Ярмухамедов Елдос+ | P54: 2:3 | S54: =IF(AND(I54<>"",P54=""),"встреча играется",IF(P54<>"","сыграна","")) -> сыграна
I55: 21 | J55: =IF(А4!Уч7="","",А4!Уч7) -> Бекбулатов Ернур+ | K55: ="-" -> - | L55: =IF(А4!Уч6="","",А4!Уч6) -> Литвиненко Максим+ | P55: 3:0 | S55: =IF(AND(I55<>"",P55=""),"встреча играется",IF(P55<>"","сыграна","")) -> сыграна
I56: 23 | J56: =IF(А4!Уч8="","",А4!Уч8) -> Кенесбек Нурсултан+ | K56: ="-" -> - | L56: =IF(А4!Уч5="","",А4!Уч5) -> Сидельников Евгений+ | P56: 1:3 | S56: =IF(AND(I56<>"",P56=""),"встреча играется",IF(P56<>"","сыграна","")) -> сыграна
G57: 7 круг | I57: 9 | J57: =IF(А4!Уч1="","",А4!Уч1) -> Саламатов Кобеген+ | K57: ="-" -> - | L57: =IF(А4!Уч2="","",А4!Уч2) -> Ярмухамедов Елдос+ | P57: 1:3 | S57: =IF(AND(I57<>"",P57=""),"встреча играется",IF(P57<>"","сыграна","")) -> сыграна
I58: 29 | J58: =IF(А4!Уч3="","",А4!Уч3) -> Кадыралы Жандос+ | K58: ="-" -> - | L58: =IF(А4!Уч4="","",А4!Уч4) -> Демьянов Павел+ | P58: 1:3 | S58: =IF(AND(I58<>"",P58=""),"встреча играется",IF(P58<>"","сыграна","")) -> сыграна
I59: 27 | J59: =IF(А4!Уч5="","",А4!Уч5) -> Сидельников Евгений+ | K59: ="-" -> - | L59: =IF(А4!Уч6="","",А4!Уч6) -> Литвиненко Максим+ | P59: 3:2 | S59: =IF(AND(I59<>"",P59=""),"встреча играется",IF(P59<>"","сыграна","")) -> сыграна
I60: 11 | J60: =IF(А4!Уч7="","",А4!Уч7) -> Бекбулатов Ернур+ | K60: ="-" -> - | L60: =IF(А4!Уч8="","",А4!Уч8) -> Кенесбек Нурсултан+ | P60: 3:0 | S60: =IF(AND(I60<>"",P60=""),"встреча играется",IF(P60<>"","сыграна","")) -> сыграна

Sheet А5
D1: Турнир Открытое первенство города Астана (лиги) | K1: Дата: | L1: =Суперлига!L1 -> 46033
K4: матчи до | M4: 3 | N4: побед
C5: =IF(COUNTIF(D7:D14,"")>0,1,0) -> 0 | E5: =IF((COUNTIF(L33:R60,">""")+COUNTIF(T7:U30,">"""))>0,1,0) -> 1
C6: № | D6: Участники турнира | E6: Рейтинг | G6: № | H6: Разряд | I6: R | J6: Фамилия Имя | K6: 1 | L6: 2 | M6: 3 | N6: 4 | O6: 5 | P6: 6 | Q6: 7 | R6: 8 | S6: Очки | T6: Соотн. | U6: Место
C7: 1 | D7: Усин Фархат | G7: 1 | I7: 9 | J7: Усин Фархат+ | L7: =IF(LEFT(P57,1)="L",0,(IF(P57="","",(IF(LEFT(P57,1)>RIGHT(P57,1),2,1))))) -> 1 | M7: =IF(LEFT(P49,1)="L",0,(IF(P49="","",(IF(LEFT(P49,1)>RIGHT(P49,1),2,1))))) -> 1 | N7: =IF(RIGHT(P53,1)="L",0,(IF(P53="","",(IF(RIGHT(P53,1)>LEFT(P53,1),2,1))))) -> 2 | O7: =IF(LEFT(P41,1)="L",0,(IF(P41="","",(IF(LEFT(P41,1)>RIGHT(P41,1),2,1))))) | P7: =IF(RIGHT(P38,1)="L",0,(IF(P38="","",(IF(RIGHT(P38,1)>LEFT(P38,1),2,1))))) -> 1 | Q7: =IF(LEFT(P35,1)="L",0,(IF(P35="","",(IF(LEFT(P35,1)>RIGHT(P35,1),2,1))))) -> 2 | R7: =IF(RIGHT(P45,1)="L",0,(IF(P45="","",(IF(RIGHT(P45,1)>LEFT(P45,1),2,1))))) -> 1 | S7: =IF((AND(COUNTIF(J7:J30,">""")>2,COUNTIF(P33:P60,">""")>0)),SUM(K7,L7,M7,N7,O7,P7,Q7,R7),"") -> 8 | T7: =8/7 -> 1.1428571 | U7: 6
C8: 2 | D8: Тищенко Сергей | L8: =IF(LEFT(P57,1)="W",$M$4&":0(W)",IF(LEFT(P57,1)="L","0:"&$M$4&"(L)",IF(P57="","",P57))) -> 1:3 | M8: =IF(LEFT(P49,1)="W",$M$4&":0(W)",IF(LEFT(P49,1)="L","0:"&$M$4&"(L)",IF(P49="","",P49))) -> 1:3 | N8: =IF(RIGHT(P53,1)="W",$M$4&":0(W)",IF(RIGHT(P53,1)="L","0:"&$M$4&"(L)",IF(P53="","",RIGHT(P53,1)&":"&LEFT(P53,1)))) -> 3:2 | O8: =IF(LEFT(P41,1)="W",$M$4&":0(W)",IF(LEFT(P41,1)="L","0:"&$M$4&"(L)",IF(P41="","",P41))) | P8: =IF(RIGHT(P38,1)="W",$M$4&":0(W)",IF(RIGHT(P38,1)="L","0:"&$M$4&"(L)",IF(P38="","",RIGHT(P38,1)&":"&LEFT(P38,1)))) -> 2:3 | Q8: =IF(LEFT(P35,1)="W",$M$4&":0(W)",IF(LEFT(P35,1)="L","0:"&$M$4&"(L)",IF(P35="","",P35))) -> 3:2 | R8: =IF(RIGHT(P45,1)="W",$M$4&":0(W)",IF(RIGHT(P45,1)="L","0:"&$M$4&"(L)",IF(P45="","",RIGHT(P45,1)&":"&LEFT(P45,1)))) -> 1:3
C9: 3 | D9: Раков Денис | L9: =IF(P57="","",IF(Q57="","",Q57)) | M9: =IF(P49="","",IF(Q49="","",Q49)) | N9: =IF(P53="","",IF(Q53="","",REPLACE(SUBSTITUTE(SUBSTITUTE(SUBSTITUTE(SUBSTITUTE(","&Q53,",-","#"),",","-"),"#",","),"-",",-"),1,1,""))) | O9: =IF(P41="","",IF(Q41="","",Q41)) | P9: =IF(P38="","",IF(Q38="","",REPLACE(SUBSTITUTE(SUBSTITUTE(SUBSTITUTE(SUBSTITUTE(","&Q38,",-","#"),",","-"),"#",","),"-",",-"),1,1,""))) | Q9: =IF(P35="","",IF(Q35="","",Q35)) | R9: =IF(P45="","",IF(Q45="","",REPLACE(SUBSTITUTE(SUBSTITUTE(SUBSTITUTE(SUBSTITUTE(","&Q45,",-","#"),",","-"),"#",","),"-",",-"),1,1,"")))
C10: 4 | D10: Саргалиев Марат | G10: 2 | I10: 8 | J10: Тищенко Сергей+ | K10: =IF(RIGHT(P57,1)="L",0,(IF(P57="","",(IF(RIGHT(P57,1)>LEFT(P57,1),2,1))))) -> 2 | M10: =IF(RIGHT(P54,1)="L",0,(IF(P54="","",(IF(RIGHT(P54,1)>LEFT(P54,1),2,1))))) -> 1 | N10: =IF(LEFT(P50,1)="L",0,(IF(P50="","",(IF(LEFT(P50,1)>RIGHT(P50,1),2,1))))) -> 2 | O10: =IF(RIGHT(P37,1)="L",0,(IF(P37="","",(IF(RIGHT(P37,1)>LEFT(P37,1),2,1))))) | P10: =IF(LEFT(P33,1)="L",0,(IF(P33="","",(IF(LEFT(P33,1)>RIGHT(P33,1),2,1))))) -> 2 | Q10: =IF(RIGHT(P47,1)="L",0,(IF(P47="","",(IF(RIGHT(P47,1)>LEFT(P47,1),2,1))))) -> 1 | R10: =IF(LEFT(P42,1)="L",0,(IF(P42="","",(IF(LEFT(P42,1)>RIGHT(P42,1),2,1))))) -> 1 | S10: =IF((AND(COUNTIF(J7:J30,">""")>2,COUNTIF(P33:P60,">""")>0)),SUM(K10,L10,M10,N10,O10,P10,Q10,R10),"") -> 9 | U10: 3
C11: 5 | D11: Ахметов Саят | K11: =IF(RIGHT(P57,1)="W",$M$4&":0(W)",IF(RIGHT(P57,1)="L","0:"&$M$4&"(L)",IF(P57="","",RIGHT(P57,1)&":"&LEFT(P57,1)))) -> 3:1 | M11: =IF(RIGHT(P54,1)="W",$M$4&":0(W)",IF(RIGHT(P54,1)="L","0:"&$M$4&"(L)",IF(P54="","",RIGHT(P54,1)&":"&LEFT(P54,1)))) -> 0:3 | N11: =IF(LEFT(P50,1)="W",$M$4&":0(W)",IF(LEFT(P50,1)="L","0:"&$M$4&"(L)",IF(P50="","",P50))) -> 3:0 | O11: =IF(RIGHT(P37,1)="W",$M$4&":0(W)",IF(RIGHT(P37,1)="L","0:"&$M$4&"(L)",IF(P37="","",RIGHT(P37,1)&":"&LEFT(P37,1)))) | P11: =IF(LEFT(P33,1)="W",$M$4&":0(W)",IF(LEFT(P33,1)="L","0:"&$M$4&"(L)",IF(P33="","",P33))) -> 3:0 | Q11: =IF(RIGHT(P47,1)="W",$M$4&":0(W)",IF(RIGHT(P47,1)="L","0:"&$M$4&"(L)",IF(P47="","",RIGHT(P47,1)&":"&LEFT(P47,1)))) -> 1:3 | R11: =IF(LEFT(P42,1)="W",$M$4&":0(W)",IF(LEFT(P42,1)="L","0:"&$M$4&"(L)",IF(P42="","",P42))) -> 0:3
C12: 6 | D12: Шугаев Вадим | K12: =IF(P57="","",IF(Q57="","",REPLACE(SUBSTITUTE(SUBSTITUTE(SUBSTITUTE(SUBSTITUTE(","&Q57,",-","#"),",","-"),"#",","),"-",",-"),1,1,""))) | M12: =IF(P54="","",IF(Q54="","",REPLACE(SUBSTITUTE(SUBSTITUTE(SUBSTITUTE(SUBSTITUTE(","&Q54,",-","#"),",","-"),"#",","),"-",",-"),1,1,""))) | N12: =IF(P50="","",IF(Q50="","",Q50)) | O12: =IF(P37="","",IF(Q37="","",REPLACE(SUBSTITUTE(SUBSTITUTE(SUBSTITUTE(SUBSTITUTE(","&Q37,",-","#"),",","-"),"#",","),"-",",-"),1,1,""))) | P12: =IF(P33="","",IF(Q33="","",Q33)) | Q12: =IF(P47="","",IF(Q47="","",REPLACE(SUBSTITUTE(SUBSTITUTE(SUBSTITUTE(SUBSTITUTE(","&Q47,",-","#"),",","-"),"#",","),"-",",-"),1,1,""))) | R12: =IF(P42="","",IF(Q42="","",Q42))
C13: 7 | D13: Доминов Амир | G13: 3 | H13: КМС | I13: 15 | J13: Раков Денис+ | K13: =IF(RIGHT(P49,1)="L",0,(IF(P49="","",(IF(RIGHT(P49,1)>LEFT(P49,1),2,1))))) -> 2 | L13: =IF(LEFT(P54,1)="L",0,(IF(P54="","",(IF(LEFT(P54,1)>RIGHT(P54,1),2,1))))) -> 2 | N13: =IF(LEFT(P58,1)="L",0,(IF(P58="","",(IF(LEFT(P58,1)>RIGHT(P58,1),2,1))))) -> 2 | O13: =IF(LEFT(P34,1)="L",0,(IF(P34="","",(IF(LEFT(P34,1)>RIGHT(P34,1),2,1))))) | P13: =IF(RIGHT(P48,1)="L",0,(IF(P48="","",(IF(RIGHT(P48,1)>LEFT(P48,1),2,1))))) -> 2 | Q13: =IF(LEFT(P44,1)="L",0,(IF(P44="","",(IF(LEFT(P44,1)>RIGHT(P44,1),2,1))))) -> 1 | R13: =IF(RIGHT(P39,1)="L",0,(IF(P39="","",(IF(RIGHT(P39,1)>LEFT(P39,1),2,1))))) -> 1 | S13: =IF((AND(COUNTIF(J7:J30,">""")>2,COUNTIF(P33:P60,">""")>0)),SUM(K13,L13,M13,N13,O13,P13,Q13,R13),"") -> 10 | U13: 2
C14: 8 | D14: Байкуатов Чингиз | K14: =IF(RIGHT(P49,1)="W",$M$4&":0(W)",IF(RIGHT(P49,1)="L","0:"&$M$4&"(L)",IF(P49="","",RIGHT(P49,1)&":"&LEFT(P49,1)))) -> 3:1 | L14: =IF(LEFT(P54,1)="W",$M$4&":0(W)",IF(LEFT(P54,1)="L","0:"&$M$4&"(L)",IF(P54="","",P54))) -> 3:0 | N14: =IF(LEFT(P58,1)="W",$M$4&":0(W)",IF(LEFT(P58,1)="L","0:"&$M$4&"(L)",IF(P58="","",P58))) -> 3:2 | O14: =IF(LEFT(P34,1)="W",$M$4&":0(W)",IF(LEFT(P34,1)="L","0:"&$M$4&"(L)",IF(P34="","",P34))) | P14: =IF(RIGHT(P48,1)="W",$M$4&":0(W)",IF(RIGHT(P48,1)="L","0:"&$M$4&"(L)",IF(P48="","",RIGHT(P48,1)&":"&LEFT(P48,1)))) -> 3:1 | Q14: =IF(LEFT(P44,1)="W",$M$4&":0(W)",IF(LEFT(P44,1)="L","0:"&$M$4&"(L)",IF(P44="","",P44))) -> 2:3 | R14: =IF(RIGHT(P39,1)="W",$M$4&":0(W)",IF(RIGHT(P39,1)="L","0:"&$M$4&"(L)",IF(P39="","",RIGHT(P39,1)&":"&LEFT(P39,1)))) -> 2:3
K15: =IF(P49="","",IF(Q49="","",REPLACE(SUBSTITUTE(SUBSTITUTE(SUBSTITUTE(SUBSTITUTE(","&Q49,",-","#"),",","-"),"#",","),"-",",-"),1,1,""))) | L15: =IF(P54="","",IF(Q54="","",Q54)) | N15: =IF(P58="","",IF(Q58="","",Q58)) | O15: =IF(P34="","",IF(Q34="","",Q34)) | P15: =IF(P48="","",IF(Q48="","",REPLACE(SUBSTITUTE(SUBSTITUTE(SUBSTITUTE(SUBSTITUTE(","&Q48,",-","#"),",","-"),"#",","),"-",",-"),1,1,""))) | Q15: =IF(P44="","",IF(Q44="","",Q44)) | R15: =IF(P39="","",IF(Q39="","",REPLACE(SUBSTITUTE(SUBSTITUTE(SUBSTITUTE(SUBSTITUTE(","&Q39,",-","#"),",","-"),"#",","),"-",",-"),1,1,"")))
G16: 4 | I16: 10 | J16: Саргалиев Марат+ | K16: =IF(LEFT(P53,1)="L",0,(IF(P53="","",(IF(LEFT(P53,1)>RIGHT(P53,1),2,1))))) -> 1 | L16: =IF(RIGHT(P50,1)="L",0,(IF(P50="","",(IF(RIGHT(P50,1)>LEFT(P50,1),2,1))))) -> 1 | M16: =IF(RIGHT(P58,1)="L",0,(IF(P58="","",(IF(RIGHT(P58,1)>LEFT(P58,1),2,1))))) -> 1 | O16: =IF(RIGHT(P46,1)="L",0,(IF(P46="","",(IF(RIGHT(P46,1)>LEFT(P46,1),2,1))))) | P16: =IF(LEFT(P43,1)="L",0,(IF(P43="","",(IF(LEFT(P43,1)>RIGHT(P43,1),2,1))))) -> 2 | Q16: =IF(RIGHT(P40,1)="L",0,(IF(P40="","",(IF(RIGHT(P40,1)>LEFT(P40,1),2,1))))) -> 2 | R16: =IF(LEFT(P36,1)="L",0,(IF(P36="","",(IF(LEFT(P36,1)>RIGHT(P36,1),2,1))))) -> 1 | S16: =IF((AND(COUNTIF(J7:J30,">""")>2,COUNTIF(P33:P60,">""")>0)),SUM(K16,L16,M16,N16,O16,P16,Q16,R16),"") -> 8 | T16: =8/6 -> 1.3333333 | U16: 4
K17: =IF(LEFT(P53,1)="W",$M$4&":0(W)",IF(LEFT(P53,1)="L","0:"&$M$4&"(L)",IF(P53="","",P53))) -> 2:3 | L17: =IF(RIGHT(P50,1)="W",$M$4&":0(W)",IF(RIGHT(P50,1)="L","0:"&$M$4&"(L)",IF(P50="","",RIGHT(P50,1)&":"&LEFT(P50,1)))) -> 0:3 | M17: =IF(RIGHT(P58,1)="W",$M$4&":0(W)",IF(RIGHT(P58,1)="L","0:"&$M$4&"(L)",IF(P58="","",RIGHT(P58,1)&":"&LEFT(P58,1)))) -> 2:3 | O17: =IF(RIGHT(P46,1)="W",$M$4&":0(W)",IF(RIGHT(P46,1)="L","0:"&$M$4&"(L)",IF(P46="","",RIGHT(P46,1)&":"&LEFT(P46,1)))) | P17: =IF(LEFT(P43,1)="W",$M$4&":0(W)",IF(LEFT(P43,1)="L","0:"&$M$4&"(L)",IF(P43="","",P43))) -> 3:2 | Q17: =IF(RIGHT(P40,1)="W",$M$4&":0(W)",IF(RIGHT(P40,1)="L","0:"&$M$4&"(L)",IF(P40="","",RIGHT(P40,1)&":"&LEFT(P40,1)))) -> 3:1 | R17: =IF(LEFT(P36,1)="W",$M$4&":0(W)",IF(LEFT(P36,1)="L","0:"&$M$4&"(L)",IF(P36="","",P36))) -> 0:3
K18: =IF(P53="","",IF(Q53="","",Q53)) | L18: =IF(P50="","",IF(Q50="","",REPLACE(SUBSTITUTE(SUBSTITUTE(SUBSTITUTE(SUBSTITUTE(","&Q50,",-","#"),",","-"),"#",","),"-",",-"),1,1,""))) | M18: =IF(P58="","",IF(Q58="","",REPLACE(SUBSTITUTE(SUBSTITUTE(SUBSTITUTE(SUBSTITUTE(","&Q58,",-","#"),",","-"),"#",","),"-",",-"),1,1,""))) | O18: =IF(P46="","",IF(Q46="","",REPLACE(SUBSTITUTE(SUBSTITUTE(SUBSTITUTE(SUBSTITUTE(","&Q46,",-","#"),",","-"),"#",","),"-",",-"),1,1,""))) | P18: =IF(P43="","",IF(Q43="","",Q43)) | Q18: =IF(P40="","",IF(Q40="","",REPLACE(SUBSTITUTE(SUBSTITUTE(SUBSTITUTE(SUBSTITUTE(","&Q40,",-","#"),",","-"),"#",","),"-",",-"),1,1,""))) | R18: =IF(P36="","",IF(Q36="","",Q36))
G19: 5 | I19: 10 | J19: Ахметов Саят | K19: =IF(RIGHT(P41,1)="L",0,(IF(P41="","",(IF(RIGHT(P41,1)>LEFT(P41,1),2,1))))) | L19: =IF(LEFT(P37,1)="L",0,(IF(P37="","",(IF(LEFT(P37,1)>RIGHT(P37,1),2,1))))) | M19: =IF(RIGHT(P34,1)="L",0,(IF(P34="","",(IF(RIGHT(P34,1)>LEFT(P34,1),2,1))))) | N19: =IF(LEFT(P46,1)="L",0,(IF(P46="","",(IF(LEFT(P46,1)>RIGHT(P46,1),2,1))))) | P19: =IF(LEFT(P59,1)="L",0,(IF(P59="","",(IF(LEFT(P59,1)>RIGHT(P59,1),2,1))))) | Q19: =IF(LEFT(P51,1)="L",0,(IF(P51="","",(IF(LEFT(P51,1)>RIGHT(P51,1),2,1))))) | R19: =IF(RIGHT(P56,1)="L",0,(IF(P56="","",(IF(RIGHT(P56,1)>LEFT(P56,1),2,1))))) | S19: =IF((AND(COUNTIF(J7:J30,">""")>2,COUNTIF(P33:P60,">""")>0)),SUM(K19,L19,M19,N19,O19,P19,Q19,R19),"") -> 0 | U19: 8
K20: =IF(RIGHT(P41,1)="W",$M$4&":0(W)",IF(RIGHT(P41,1)="L","0:"&$M$4&"(L)",IF(P41="","",RIGHT(P41,1)&":"&LEFT(P41,1)))) | L20: =IF(LEFT(P37,1)="W",$M$4&":0(W)",IF(LEFT(P37,1)="L","0:"&$M$4&"(L)",IF(P37="","",P37))) | M20: =IF(RIGHT(P34,1)="W",$M$4&":0(W)",IF(RIGHT(P34,1)="L","0:"&$M$4&"(L)",IF(P34="","",RIGHT(P34,1)&":"&LEFT(P34,1)))) | N20: =IF(LEFT(P46,1)="W",$M$4&":0(W)",IF(LEFT(P46,1)="L","0:"&$M$4&"(L)",IF(P46="","",P46))) | P20: =IF(LEFT(P59,1)="W",$M$4&":0(W)",IF(LEFT(P59,1)="L","0:"&$M$4&"(L)",IF(P59="","",P59))) | Q20: =IF(LEFT(P51,1)="W",$M$4&":0(W)",IF(LEFT(P51,1)="L","0:"&$M$4&"(L)",IF(P51="","",P51))) | R20: =IF(RIGHT(P56,1)="W",$M$4&":0(W)",IF(RIGHT(P56,1)="L","0:"&$M$4&"(L)",IF(P56="","",RIGHT(P56,1)&":"&LEFT(P56,1))))
K21: =IF(P41="","",IF(Q41="","",REPLACE(SUBSTITUTE(SUBSTITUTE(SUBSTITUTE(SUBSTITUTE(","&Q41,",-","#"),",","-"),"#",","),"-",",-"),1,1,""))) | L21: =IF(P37="","",IF(Q37="","",Q37)) | M21: =IF(P34="","",IF(Q34="","",REPLACE(SUBSTITUTE(SUBSTITUTE(SUBSTITUTE(SUBSTITUTE(","&Q34,",-","#"),",","-"),"#",","),"-",",-"),1,1,""))) | N21: =IF(P46="","",IF(Q46="","",Q46)) | P21: =IF(P59="","",IF(Q59="","",Q59)) | Q21: =IF(P51="","",IF(Q51="","",Q51)) | R21: =IF(P56="","",IF(Q56="","",REPLACE(SUBSTITUTE(SUBSTITUTE(SUBSTITUTE(SUBSTITUTE(","&Q56,",-","#"),",","-"),"#",","),"-",",-"),1,1,"")))
B22: 3:0 | G22: 6 | I22: 12 | J22: Шугаев Вадим+ | K22: =IF(LEFT(P38,1)="L",0,(IF(P38="","",(IF(LEFT(P38,1)>RIGHT(P38,1),2,1))))) -> 2 | L22: =IF(RIGHT(P33,1)="L",0,(IF(P33="","",(IF(RIGHT(P33,1)>LEFT(P33,1),2,1))))) -> 1 | M22: =IF(LEFT(P48,1)="L",0,(IF(P48="","",(IF(LEFT(P48,1)>RIGHT(P48,1),2,1))))) -> 1 | N22: =IF(RIGHT(P43,1)="L",0,(IF(P43="","",(IF(RIGHT(P43,1)>LEFT(P43,1),2,1))))) -> 1 | O22: =IF(RIGHT(P59,1)="L",0,(IF(P59="","",(IF(RIGHT(P59,1)>LEFT(P59,1),2,1))))) | Q22: =IF(RIGHT(P55,1)="L",0,(IF(P55="","",(IF(RIGHT(P55,1)>LEFT(P55,1),2,1))))) -> 2 | R22: =IF(LEFT(P52,1)="L",0,(IF(P52="","",(IF(LEFT(P52,1)>RIGHT(P52,1),2,1))))) -> 1 | S22: =IF((AND(COUNTIF(J7:J30,">""")>2,COUNTIF(P33:P60,">""")>0)),SUM(K22,L22,M22,N22,O22,P22,Q22,R22),"") -> 8 | T22: =8/7 -> 1.1428571 | U22: 5
B23: 3:1 | K23: =IF(LEFT(P38,1)="W",$M$4&":0(W)",IF(LEFT(P38,1)="L","0:"&$M$4&"(L)",IF(P38="","",P38))) -> 3:2 | L23: =IF(RIGHT(P33,1)="W",$M$4&":0(W)",IF(RIGHT(P33,1)="L","0:"&$M$4&"(L)",IF(P33="","",RIGHT(P33,1)&":"&LEFT(P33,1)))) -> 0:3 | M23: =IF(LEFT(P48,1)="W",$M$4&":0(W)",IF(LEFT(P48,1)="L","0:"&$M$4&"(L)",IF(P48="","",P48))) -> 1:3 | N23: =IF(RIGHT(P43,1)="W",$M$4&":0(W)",IF(RIGHT(P43,1)="L","0:"&$M$4&"(L)",IF(P43="","",RIGHT(P43,1)&":"&LEFT(P43,1)))) -> 2:3 | O23: =IF(RIGHT(P59,1)="W",$M$4&":0(W)",IF(RIGHT(P59,1)="L","0:"&$M$4&"(L)",IF(P59="","",RIGHT(P59,1)&":"&LEFT(P59,1)))) | Q23: =IF(RIGHT(P55,1)="W",$M$4&":0(W)",IF(RIGHT(P55,1)="L","0:"&$M$4&"(L)",IF(P55="","",RIGHT(P55,1)&":"&LEFT(P55,1)))) -> 3:2 | R23: =IF(LEFT(P52,1)="W",$M$4&":0(W)",IF(LEFT(P52,1)="L","0:"&$M$4&"(L)",IF(P52="","",P52))) -> 0:3
B24: 3:2 | K24: =IF(P38="","",IF(Q38="","",Q38)) | L24: =IF(P33="","",IF(Q33="","",REPLACE(SUBSTITUTE(SUBSTITUTE(SUBSTITUTE(SUBSTITUTE(","&Q33,",-","#"),",","-"),"#",","),"-",",-"),1,1,""))) | M24: =IF(P48="","",IF(Q48="","",Q48)) | N24: =IF(P43="","",IF(Q43="","",REPLACE(SUBSTITUTE(SUBSTITUTE(SUBSTITUTE(SUBSTITUTE(","&Q43,",-","#"),",","-"),"#",","),"-",",-"),1,1,""))) | O24: =IF(P59="","",IF(Q59="","",REPLACE(SUBSTITUTE(SUBSTITUTE(SUBSTITUTE(SUBSTITUTE(","&Q59,",-","#"),",","-"),"#",","),"-",",-"),1,1,""))) | Q24: =IF(P55="","",IF(Q55="","",REPLACE(SUBSTITUTE(SUBSTITUTE(SUBSTITUTE(SUBSTITUTE(","&Q55,",-","#"),",","-"),"#",","),"-",",-"),1,1,""))) | R24: =IF(P52="","",IF(Q52="","",Q52))
B25: 0:3 | G25: 7 | I25: 8 | J25: Доминов Амир+ | K25: =IF(RIGHT(P35,1)="L",0,(IF(P35="","",(IF(RIGHT(P35,1)>LEFT(P35,1),2,1))))) -> 1 | L25: =IF(LEFT(P47,1)="L",0,(IF(P47="","",(IF(LEFT(P47,1)>RIGHT(P47,1),2,1))))) -> 2 | M25: =IF(RIGHT(P44,1)="L",0,(IF(P44="","",(IF(RIGHT(P44,1)>LEFT(P44,1),2,1))))) -> 2 | N25: =IF(LEFT(P40,1)="L",0,(IF(P40="","",(IF(LEFT(P40,1)>RIGHT(P40,1),2,1))))) -> 1 | O25: =IF(RIGHT(P51,1)="L",0,(IF(P51="","",(IF(RIGHT(P51,1)>LEFT(P51,1),2,1))))) | P25: =IF(LEFT(P55,1)="L",0,(IF(P55="","",(IF(LEFT(P55,1)>RIGHT(P55,1),2,1))))) -> 1 | R25: =IF(LEFT(P60,1)="L",0,(IF(P60="","",(IF(LEFT(P60,1)>RIGHT(P60,1),2,1))))) -> 1 | S25: =IF((AND(COUNTIF(J7:J30,">""")>2,COUNTIF(P33:P60,">""")>0)),SUM(K25,L25,M25,N25,O25,P25,Q25,R25),"") -> 8 | T25: =5/9 -> 0.55555556 | U25: 7
B26: 1:3 | K26: =IF(RIGHT(P35,1)="W",$M$4&":0(W)",IF(RIGHT(P35,1)="L","0:"&$M$4&"(L)",IF(P35="","",RIGHT(P35,1)&":"&LEFT(P35,1)))) -> 2:3 | L26: =IF(LEFT(P47)="W",$M$4&":0(W)",IF(LEFT(P47,1)="L","0:"&$M$4&"(L)",IF(P47="","",P47))) -> 3:1 | M26: =IF(RIGHT(P44,1)="W",$M$4&":0(W)",IF(RIGHT(P44,1)="L","0:"&$M$4&"(L)",IF(P44="","",RIGHT(P44,1)&":"&LEFT(P44,1)))) -> 3:2 | N26: =IF(LEFT(P40,1)="W",$M$4&":0(W)",IF(LEFT(P40,1)="L","0:"&$M$4&"(L)",IF(P40="","",P40))) -> 1:3 | O26: =IF(RIGHT(P51,1)="W",$M$4&":0(W)",IF(RIGHT(P51,1)="L","0:"&$M$4&"(L)",IF(P51="","",RIGHT(P51,1)&":"&LEFT(P51,1)))) | P26: =IF(LEFT(P55,1)="W",$M$4&":0(W)",IF(LEFT(P55,1)="L","0:"&$M$4&"(L)",IF(P55="","",P55))) -> 2:3 | R26: =IF(LEFT(P60,1)="W",$M$4&":0(W)",IF(LEFT(P60,1)="L","0:"&$M$4&"(L)",IF(P60="","",P60))) -> 0:3
B27: 2:3 | K27: =IF(P35="","",IF(Q35="","",REPLACE(SUBSTITUTE(SUBSTITUTE(SUBSTITUTE(SUBSTITUTE(","&Q35,",-","#"),",","-"),"#",","),"-",",-"),1,1,""))) | L27: =IF(P47="","",IF(Q47="","",Q47)) | M27: =IF(P44="","",IF(Q44="","",REPLACE(SUBSTITUTE(SUBSTITUTE(SUBSTITUTE(SUBSTITUTE(","&Q44,",-","#"),",","-"),"#",","),"-",",-"),1,1,""))) | N27: =IF(P40="","",IF(Q40="","",Q40)) | O27: =IF(P51="","",IF(Q51="","",REPLACE(SUBSTITUTE(SUBSTITUTE(SUBSTITUTE(SUBSTITUTE(","&Q51,",-","#"),",","-"),"#",","),"-",",-"),1,1,""))) | P27: =IF(P55="","",IF(Q55="","",Q55)) | R27: =IF(P60="","",IF(Q60="","",Q60))
B28: W:L | G28: 8 | H28: КМС | I28: 17 | J28: Байкуатов Чингиз+ | K28: =IF(LEFT(P45,1)="L",0,(IF(P45="","",(IF(LEFT(P45,1)>RIGHT(P45,1),2,1))))) -> 2 | L28: =IF(RIGHT(P42,1)="L",0,(IF(P42="","",(IF(RIGHT(P42,1)>LEFT(P42,1),2,1))))) -> 2 | M28: =IF(LEFT(P39,1)="L",0,(IF(P39="","",(IF(LEFT(P39,1)>RIGHT(P39,1),2,1))))) -> 2 | N28: =IF(RIGHT(P36,1)="L",0,(IF(P36="","",(IF(RIGHT(P36,1)>LEFT(P36,1),2,1))))) -> 2 | O28: =IF(LEFT(P56,1)="L",0,(IF(P56="","",(IF(LEFT(P56,1)>RIGHT(P56,1),2,1))))) | P28: =IF(RIGHT(P52,1)="L",0,(IF(P52="","",(IF(RIGHT(P52,1)>LEFT(P52,1),2,1))))) -> 2 | Q28: =IF(RIGHT(P60,1)="L",0,(IF(P60="","",(IF(RIGHT(P60,1)>LEFT(P60,1),2,1))))) -> 2 | S28: =IF((AND(COUNTIF(J7:J30,">""")>2,COUNTIF(P33:P60,">""")>0)),SUM(K28,L28,M28,N28,O28,P28,Q28,R28),"") -> 12 | U28: 1
B29: L:W | K29: =IF(LEFT(P45,1)="W",$M$4&":0(W)",IF(LEFT(P45,1)="L","0:"&$M$4&"(L)",IF(P45="","",P45))) -> 3:1 | L29: =IF(RIGHT(P42,1)="W",$M$4&":0(W)",IF(RIGHT(P42,1)="L","0:"&$M$4&"(L)",IF(P42="","",RIGHT(P42,1)&":"&LEFT(P42,1)))) -> 3:0 | M29: =IF(LEFT(P39,1)="W",$M$4&":0(W)",IF(LEFT(P39,1)="L","0:"&$M$4&"(L)",IF(P39="","",P39))) -> 3:2 | N29: =IF(RIGHT(P36,1)="W",$M$4&":0(W)",IF(RIGHT(P36,1)="L","0:"&$M$4&"(L)",IF(P36="","",RIGHT(P36,1)&":"&LEFT(P36,1)))) -> 3:0 | O29: =IF(LEFT(P56,1)="W",$M$4&":0(W)",IF(LEFT(P56,1)="L","0:"&$M$4&"(L)",IF(P56="","",P56))) | P29: =IF(RIGHT(P52,1)="W",$M$4&":0(W)",IF(RIGHT(P52,1)="L","0:"&$M$4&"(L)",IF(P52="","",RIGHT(P52,1)&":"&LEFT(P52,1)))) -> 3:0 | Q29: =IF(RIGHT(P60,1)="W",$M$4&":0(W)",IF(RIGHT(P60,1)="L","0:"&$M$4&"(L)",IF(P60="","",RIGHT(P60,1)&":"&LEFT(P60,1)))) -> 3:0
B30: 2:0 | K30: =IF(P45="","",IF(Q45="","",Q45)) | L30: =IF(P42="","",IF(Q42="","",REPLACE(SUBSTITUTE(SUBSTITUTE(SUBSTITUTE(SUBSTITUTE(","&Q42,",-","#"),",","-"),"#",","),"-",",-"),1,1,""))) | M30: =IF(P39="","",IF(Q39="","",Q39)) | N30: =IF(P36="","",IF(Q36="","",REPLACE(SUBSTITUTE(SUBSTITUTE(SUBSTITUTE(SUBSTITUTE(","&Q36,",-","#"),",","-"),"#",","),"-",",-"),1,1,""))) | O30: =IF(P56="","",IF(Q56="","",Q56)) | P30: =IF(P52="","",IF(Q52="","",REPLACE(SUBSTITUTE(SUBSTITUTE(SUBSTITUTE(SUBSTITUTE(","&Q52,",-","#"),",","-"),"#",","),"-",",-"),1,1,""))) | Q30: =IF(P60="","",IF(Q60="","",REPLACE(SUBSTITUTE(SUBSTITUTE(SUBSTITUTE(SUBSTITUTE(","&Q60,",-","#"),",","-"),"#",","),"-",",-"),1,1,"")))
B31: 2:1
B32: 1:2 | I32: ю | P32: счет по сетам | Q32: мячи
B33: 0:2 | G33: 1 круг | I33: 25 | J33: =IF(А5!Уч2="","",А5!Уч2) -> Тищенко Сергей+ | K33: ="-" -> - | L33: =IF(А5!Уч6="","",А5!Уч6) -> Шугаев Вадим+ | P33: 3:0 | S33: =IF(AND(I33<>"",P33=""),"встреча играется",IF(P33<>"","сыграна","")) -> сыграна
B34: 4:0 | J34: =IF(А5!Уч3="","",А5!Уч3) -> Раков Денис+ | K34: ="-" -> - | L34: =IF(А5!Уч5="","",А5!Уч5) -> Ахметов Саят | S34: =IF(AND(I34<>"",P34=""),"встреча играется",IF(P34<>"","сыграна",""))
B35: 4:1 | I35: 26 | J35: =IF(А5!Уч1="","",А5!Уч1) -> Усин Фархат+ | K35: ="-" -> - | L35: =IF(А5!Уч7="","",А5!Уч7) -> Доминов Амир+ | P35: 3:2 | S35: =IF(AND(I35<>"",P35=""),"встреча играется",IF(P35<>"","сыграна","")) -> сыграна
B36: 4:2 | I36: 27 | J36: =IF(А5!Уч4="","",А5!Уч4) -> Саргалиев Марат+ | K36: ="-" -> - | L36: =IF(А5!Уч8="","",А5!Уч8) -> Байкуатов Чингиз+ | P36: 0:3 | S36: =IF(AND(I36<>"",P36=""),"встреча играется",IF(P36<>"","сыграна","")) -> сыграна
B37: 4:3 | G37: 2 круг | J37: =IF(А5!Уч5="","",А5!Уч5) -> Ахметов Саят | K37: ="-" -> - | L37: =IF(А5!Уч2="","",А5!Уч2) -> Тищенко Сергей+ | S37: =IF(AND(I37<>"",P37=""),"встреча играется",IF(P37<>"","сыграна",""))
B38: 0:4 | I38: 26 | J38: =IF(А5!Уч6="","",А5!Уч6) -> Шугаев Вадим+ | K38: ="-" -> - | L38: =IF(А5!Уч1="","",А5!Уч1) -> Усин Фархат+ | P38: 3:2 | S38: =IF(AND(I38<>"",P38=""),"встреча играется",IF(P38<>"","сыграна","")) -> сыграна
B39: 1:4 | I39: 27 | J39: =IF(А5!Уч8="","",А5!Уч8) -> Байкуатов Чингиз+ | K39: ="-" -> - | L39: =IF(А5!Уч3="","",А5!Уч3) -> Раков Денис+ | P39: 3:2 | S39: =IF(AND(I39<>"",P39=""),"встреча играется",IF(P39<>"","сыграна","")) -> сыграна
B40: 2:4 | I40: 25 | J40: =IF(А5!Уч7="","",А5!Уч7) -> Доминов Амир+ | K40: ="-" -> - | L40: =IF(А5!Уч4="","",А5!Уч4) -> Саргалиев Марат+ | P40: 1:3 | S40: =IF(AND(I40<>"",P40=""),"встреча играется",IF(P40<>"","сыграна","")) -> сыграна
B41: 3:4 | G41: 3 круг | J41: =IF(А5!Уч1="","",А5!Уч1) -> Усин Фархат+ | K41: ="-" -> - | L41: =IF(А5!Уч5="","",А5!Уч5) -> Ахметов Саят | S41: =IF(AND(I41<>"",P41=""),"встреча играется",IF(P41<>"","сыграна",""))
I42: 26 | J42: =IF(А5!Уч2="","",А5!Уч2) -> Тищенко Сергей+ | K42: ="-" -> - | L42: =IF(А5!Уч8="","",А5!Уч8) -> Байкуатов Чингиз+ | P42: 0:3 | S42: =IF(AND(I42<>"",P42=""),"встреча играется",IF(P42<>"","сыграна","")) -> сыграна
I43: 26 | J43: =IF(А5!Уч4="","",А5!Уч4) -> Саргалиев Марат+ | K43: ="-" -> - | L43: =IF(А5!Уч6="","",А5!Уч6) -> Шугаев Вадим+ | P43: 3:2 | S43: =IF(AND(I43<>"",P43=""),"встреча играется",IF(P43<>"","сыграна","")) -> сыграна
I44: 22 | J44: =IF(А5!Уч3="","",А5!Уч3) -> Раков Денис+ | K44: ="-" -> - | L44: =IF(А5!Уч7="","",А5!Уч7) -> Доминов Амир+ | P44: 2:3 | S44: =IF(AND(I44<>"",P44=""),"встреча играется",IF(P44<>"","сыграна","")) -> сыграна
G45: 4 круг | I45: 22 | J45: =IF(А5!Уч8="","",А5!Уч8) -> Байкуатов Чингиз+ | K45: ="-" -> - | L45: =IF(А5!Уч1="","",А5!Уч1) -> Усин Фархат+ | P45: 3:1 | S45: =IF(AND(I45<>"",P45=""),"встреча играется",IF(P45<>"","сыграна","")) -> сыграна
J46: =IF(А5!Уч5="","",А5!Уч5) -> Ахметов Саят | K46: ="-" -> - | L46: =IF(А5!Уч4="","",А5!Уч4) -> Саргалиев Марат+ | S46: =IF(AND(I46<>"",P46=""),"встреча играется",IF(P46<>"","сыграна",""))
I47: 26 | J47: =IF(А5!Уч7="","",А5!Уч7) -> Доминов Амир+ | K47: ="-" -> - | L47: =IF(А5!Уч2="","",А5!Уч2) -> Тищенко Сергей+ | P47: 3:1 | S47: =IF(AND(I47<>"",P47=""),"встреча играется",IF(P47<>"","сыграна","")) -> сыграна
I48: 26 | J48: =IF(А5!Уч6="","",А5!Уч6) -> Шугаев Вадим+ | K48: ="-" -> - | L48: =IF(А5!Уч3="","",А5!Уч3) -> Раков Денис+ | P48: 1:3 | S48: =IF(AND(I48<>"",P48=""),"встреча играется",IF(P48<>"","сыграна","")) -> сыграна
G49: 5 круг | I49: 25 | J49: =IF(А5!Уч1="","",А5!Уч1) -> Усин Фархат+ | K49: ="-" -> - | L49: =IF(А5!Уч3="","",А5!Уч3) -> Раков Денис+ | P49: 1:3 | S49: =IF(AND(I49<>"",P49=""),"встреча играется",IF(P49<>"","сыграна","")) -> сыграна
I50: 26 | J50: =IF(А5!Уч2="","",А5!Уч2) -> Тищенко Сергей+ | K50: ="-" -> - | L50: =IF(А5!Уч4="","",А5!Уч4) -> Саргалиев Марат+ | P50: 3:0 | S50: =IF(AND(I50<>"",P50=""),"встреча играется",IF(P50<>"","сыграна","")) -> сыграна
J51: =IF(А5!Уч5="","",А5!Уч5) -> Ахметов Саят | K51: ="-" -> - | L51: =IF(А5!Уч7="","",А5!Уч7) -> Доминов Амир+ | S51: =IF(AND(I51<>"",P51=""),"встреча играется",IF(P51<>"","сыграна",""))
I52: 22 | J52: =IF(А5!Уч6="","",А5!Уч6) -> Шугаев Вадим+ | K52: ="-" -> - | L52: =IF(А5!Уч8="","",А5!Уч8) -> Байкуатов Чингиз+ | P52: 0:3 | S52: =IF(AND(I52<>"",P52=""),"встреча играется",IF(P52<>"","сыграна","")) -> сыграна
G53: 6 круг | I53: 25 | J53: =IF(А5!Уч4="","",А5!Уч4) -> Саргалиев Марат+ | K53: ="-" -> - | L53: =IF(А5!Уч1="","",А5!Уч1) -> Усин Фархат+ | P53: 2:3 | S53: =IF(AND(I53<>"",P53=""),"встреча играется",IF(P53<>"","сыграна","")) -> сыграна
I54: 26 | J54: =IF(А5!Уч3="","",А5!Уч3) -> Раков Денис+ | K54: ="-" -> - | L54: =IF(А5!Уч2="","",А5!Уч2) -> Тищенко Сергей+ | P54: 3:0 | S54: =IF(AND(I54<>"",P54=""),"встреча играется",IF(P54<>"","сыграна","")) -> сыграна
I55: 22 | J55: =IF(А5!Уч7="","",А5!Уч7) -> Доминов Амир+ | K55: ="-" -> - | L55: =IF(А5!Уч6="","",А5!Уч6) -> Шугаев Вадим+ | P55: 2:3 | S55: =IF(AND(I55<>"",P55=""),"встреча играется",IF(P55<>"","сыграна","")) -> сыграна
J56: =IF(А5!Уч8="","",А5!Уч8) -> Байкуатов Чингиз+ | K56: ="-" -> - | L56: =IF(А5!Уч5="","",А5!Уч5) -> Ахметов Саят | S56: =IF(AND(I56<>"",P56=""),"встреча играется",IF(P56<>"","сыграна",""))
G57: 7 круг | I57: 24 | J57: =IF(А5!Уч1="","",А5!Уч1) -> Усин Фархат+ | K57: ="-" -> - | L57: =IF(А5!Уч2="","",А5!Уч2) -> Тищенко Сергей+ | P57: 1:3 | S57: =IF(AND(I57<>"",P57=""),"встреча играется",IF(P57<>"","сыграна","")) -> сыграна
I58: 26 | J58: =IF(А5!Уч3="","",А5!Уч3) -> Раков Денис+ | K58: ="-" -> - | L58: =IF(А5!Уч4="","",А5!Уч4) -> Саргалиев Марат+ | P58: 3:2 | S58: =IF(AND(I58<>"",P58=""),"встреча играется",IF(P58<>"","сыграна","")) -> сыграна
J59: =IF(А5!Уч5="","",А5!Уч5) -> Ахметов Саят | K59: ="-" -> - | L59: =IF(А5!Уч6="","",А5!Уч6) -> Шугаев Вадим+ | S59: =IF(AND(I59<>"",P59=""),"встреча играется",IF(P59<>"","сыграна",""))
I60: 22 | J60: =IF(А5!Уч7="","",А5!Уч7) -> Доминов Амир+ | K60: ="-" -> - | L60: =IF(А5!Уч8="","",А5!Уч8) -> Байкуатов Чингиз+ | P60: 0:3 | S60: =IF(AND(I60<>"",P60=""),"встреча играется",IF(P60<>"","сыграна","")) -> сыграна

Sheet А6
D1: Турнир Открытое первенство города Астана (лиги) | K1: Дата: | L1: =Суперлига!L1 -> 46033
K4: матчи до | M4: 3 | N4: побед
C5: =IF(COUNTIF(D7:D14,"")>0,1,0) -> 0 | E5: =IF((COUNTIF(L33:R60,">""")+COUNTIF(T7:U30,">"""))>0,1,0) -> 1
C6: № | D6: Участники турнира | E6: Рейтинг | G6: № | H6: Разряд | I6: R | J6: Фамилия Имя | K6: 1 | L6: 2 | M6: 3 | N6: 4 | O6: 5 | P6: 6 | Q6: 7 | R6: 8 | S6: Очки | T6: Соотн. | U6: Место
C7: 1 | D7: Алиев Сагыныш | G7: 1 | I7: 7 | J7: Алиев Сагыныш+ | L7: =IF(LEFT(P57,1)="L",0,(IF(P57="","",(IF(LEFT(P57,1)>RIGHT(P57,1),2,1))))) | M7: =IF(LEFT(P49,1)="L",0,(IF(P49="","",(IF(LEFT(P49,1)>RIGHT(P49,1),2,1))))) -> 1 | N7: =IF(RIGHT(P53,1)="L",0,(IF(P53="","",(IF(RIGHT(P53,1)>LEFT(P53,1),2,1))))) -> 1 | O7: =IF(LEFT(P41,1)="L",0,(IF(P41="","",(IF(LEFT(P41,1)>RIGHT(P41,1),2,1))))) -> 1 | P7: =IF(RIGHT(P38,1)="L",0,(IF(P38="","",(IF(RIGHT(P38,1)>LEFT(P38,1),2,1))))) -> 1 | Q7: =IF(LEFT(P35,1)="L",0,(IF(P35="","",(IF(LEFT(P35,1)>RIGHT(P35,1),2,1))))) -> 2 | R7: =IF(RIGHT(P45,1)="L",0,(IF(P45="","",(IF(RIGHT(P45,1)>LEFT(P45,1),2,1))))) -> 1 | S7: =IF((AND(COUNTIF(J7:J30,">""")>2,COUNTIF(P33:P60,">""")>0)),SUM(K7,L7,M7,N7,O7,P7,Q7,R7),"") -> 7 | U7: 6
C8: 2 | D8: Кожабай Джамбул | L8: =IF(LEFT(P57,1)="W",$M$4&":0(W)",IF(LEFT(P57,1)="L","0:"&$M$4&"(L)",IF(P57="","",P57))) | M8: =IF(LEFT(P49,1)="W",$M$4&":0(W)",IF(LEFT(P49,1)="L","0:"&$M$4&"(L)",IF(P49="","",P49))) -> 2:3 | N8: =IF(RIGHT(P53,1)="W",$M$4&":0(W)",IF(RIGHT(P53,1)="L","0:"&$M$4&"(L)",IF(P53="","",RIGHT(P53,1)&":"&LEFT(P53,1)))) -> 2:3 | O8: =IF(LEFT(P41,1)="W",$M$4&":0(W)",IF(LEFT(P41,1)="L","0:"&$M$4&"(L)",IF(P41="","",P41))) -> 2:3 | P8: =IF(RIGHT(P38,1)="W",$M$4&":0(W)",IF(RIGHT(P38,1)="L","0:"&$M$4&"(L)",IF(P38="","",RIGHT(P38,1)&":"&LEFT(P38,1)))) -> 0:3 | Q8: =IF(LEFT(P35,1)="W",$M$4&":0(W)",IF(LEFT(P35,1)="L","0:"&$M$4&"(L)",IF(P35="","",P35))) -> 3:0 | R8: =IF(RIGHT(P45,1)="W",$M$4&":0(W)",IF(RIGHT(P45,1)="L","0:"&$M$4&"(L)",IF(P45="","",RIGHT(P45,1)&":"&LEFT(P45,1)))) -> 0:3
C9: 3 | D9: Томашев Манат | L9: =IF(P57="","",IF(Q57="","",Q57)) | M9: =IF(P49="","",IF(Q49="","",Q49)) | N9: =IF(P53="","",IF(Q53="","",REPLACE(SUBSTITUTE(SUBSTITUTE(SUBSTITUTE(SUBSTITUTE(","&Q53,",-","#"),",","-"),"#",","),"-",",-"),1,1,""))) | O9: =IF(P41="","",IF(Q41="","",Q41)) | P9: =IF(P38="","",IF(Q38="","",REPLACE(SUBSTITUTE(SUBSTITUTE(SUBSTITUTE(SUBSTITUTE(","&Q38,",-","#"),",","-"),"#",","),"-",",-"),1,1,""))) | Q9: =IF(P35="","",IF(Q35="","",Q35)) | R9: =IF(P45="","",IF(Q45="","",REPLACE(SUBSTITUTE(SUBSTITUTE(SUBSTITUTE(SUBSTITUTE(","&Q45,",-","#"),",","-"),"#",","),"-",",-"),1,1,"")))
C10: 4 | D10: Ануарбеков Фаизкарим | G10: 2 | I10: 8 | J10: Кожабай Джамбул | K10: =IF(RIGHT(P57,1)="L",0,(IF(P57="","",(IF(RIGHT(P57,1)>LEFT(P57,1),2,1))))) | M10: =IF(RIGHT(P54,1)="L",0,(IF(P54="","",(IF(RIGHT(P54,1)>LEFT(P54,1),2,1))))) | N10: =IF(LEFT(P50,1)="L",0,(IF(P50="","",(IF(LEFT(P50,1)>RIGHT(P50,1),2,1))))) | O10: =IF(RIGHT(P37,1)="L",0,(IF(P37="","",(IF(RIGHT(P37,1)>LEFT(P37,1),2,1))))) | P10: =IF(LEFT(P33,1)="L",0,(IF(P33="","",(IF(LEFT(P33,1)>RIGHT(P33,1),2,1))))) | Q10: =IF(RIGHT(P47,1)="L",0,(IF(P47="","",(IF(RIGHT(P47,1)>LEFT(P47,1),2,1))))) | R10: =IF(LEFT(P42,1)="L",0,(IF(P42="","",(IF(LEFT(P42,1)>RIGHT(P42,1),2,1))))) | S10: =IF((AND(COUNTIF(J7:J30,">""")>2,COUNTIF(P33:P60,">""")>0)),SUM(K10,L10,M10,N10,O10,P10,Q10,R10),"") -> 0 | U10: 8
C11: 5 | D11: Терехин Александр | K11: =IF(RIGHT(P57,1)="W",$M$4&":0(W)",IF(RIGHT(P57,1)="L","0:"&$M$4&"(L)",IF(P57="","",RIGHT(P57,1)&":"&LEFT(P57,1)))) | M11: =IF(RIGHT(P54,1)="W",$M$4&":0(W)",IF(RIGHT(P54,1)="L","0:"&$M$4&"(L)",IF(P54="","",RIGHT(P54,1)&":"&LEFT(P54,1)))) | N11: =IF(LEFT(P50,1)="W",$M$4&":0(W)",IF(LEFT(P50,1)="L","0:"&$M$4&"(L)",IF(P50="","",P50))) | O11: =IF(RIGHT(P37,1)="W",$M$4&":0(W)",IF(RIGHT(P37,1)="L","0:"&$M$4&"(L)",IF(P37="","",RIGHT(P37,1)&":"&LEFT(P37,1)))) | P11: =IF(LEFT(P33,1)="W",$M$4&":0(W)",IF(LEFT(P33,1)="L","0:"&$M$4&"(L)",IF(P33="","",P33))) | Q11: =IF(RIGHT(P47,1)="W",$M$4&":0(W)",IF(RIGHT(P47,1)="L","0:"&$M$4&"(L)",IF(P47="","",RIGHT(P47,1)&":"&LEFT(P47,1)))) | R11: =IF(LEFT(P42,1)="W",$M$4&":0(W)",IF(LEFT(P42,1)="L","0:"&$M$4&"(L)",IF(P42="","",P42)))
C12: 6 | D12: Чернозубов Николай | K12: =IF(P57="","",IF(Q57="","",REPLACE(SUBSTITUTE(SUBSTITUTE(SUBSTITUTE(SUBSTITUTE(","&Q57,",-","#"),",","-"),"#",","),"-",",-"),1,1,""))) | M12: =IF(P54="","",IF(Q54="","",REPLACE(SUBSTITUTE(SUBSTITUTE(SUBSTITUTE(SUBSTITUTE(","&Q54,",-","#"),",","-"),"#",","),"-",",-"),1,1,""))) | N12: =IF(P50="","",IF(Q50="","",Q50)) | O12: =IF(P37="","",IF(Q37="","",REPLACE(SUBSTITUTE(SUBSTITUTE(SUBSTITUTE(SUBSTITUTE(","&Q37,",-","#"),",","-"),"#",","),"-",",-"),1,1,""))) | P12: =IF(P33="","",IF(Q33="","",Q33)) | Q12: =IF(P47="","",IF(Q47="","",REPLACE(SUBSTITUTE(SUBSTITUTE(SUBSTITUTE(SUBSTITUTE(","&Q47,",-","#"),",","-"),"#",","),"-",",-"),1,1,""))) | R12: =IF(P42="","",IF(Q42="","",Q42))
C13: 7 | D13: Аманжолов Куат | G13: 3 | J13: Томашев Манат+ | K13: =IF(RIGHT(P49,1)="L",0,(IF(P49="","",(IF(RIGHT(P49,1)>LEFT(P49,1),2,1))))) -> 2 | L13: =IF(LEFT(P54,1)="L",0,(IF(P54="","",(IF(LEFT(P54,1)>RIGHT(P54,1),2,1))))) | N13: =IF(LEFT(P58,1)="L",0,(IF(P58="","",(IF(LEFT(P58,1)>RIGHT(P58,1),2,1))))) -> 1 | O13: =IF(LEFT(P34,1)="L",0,(IF(P34="","",(IF(LEFT(P34,1)>RIGHT(P34,1),2,1))))) -> 1 | P13: =IF(RIGHT(P48,1)="L",0,(IF(P48="","",(IF(RIGHT(P48,1)>LEFT(P48,1),2,1))))) -> 2 | Q13: =IF(LEFT(P44,1)="L",0,(IF(P44="","",(IF(LEFT(P44,1)>RIGHT(P44,1),2,1))))) -> 2 | R13: =IF(RIGHT(P39,1)="L",0,(IF(P39="","",(IF(RIGHT(P39,1)>LEFT(P39,1),2,1))))) -> 1 | S13: =IF((AND(COUNTIF(J7:J30,">""")>2,COUNTIF(P33:P60,">""")>0)),SUM(K13,L13,M13,N13,O13,P13,Q13,R13),"") -> 9 | U13: 5
C14: 8 | D14: Абжанова Алия | K14: =IF(RIGHT(P49,1)="W",$M$4&":0(W)",IF(RIGHT(P49,1)="L","0:"&$M$4&"(L)",IF(P49="","",RIGHT(P49,1)&":"&LEFT(P49,1)))) -> 3:2 | L14: =IF(LEFT(P54,1)="W",$M$4&":0(W)",IF(LEFT(P54,1)="L","0:"&$M$4&"(L)",IF(P54="","",P54))) | N14: =IF(LEFT(P58,1)="W",$M$4&":0(W)",IF(LEFT(P58,1)="L","0:"&$M$4&"(L)",IF(P58="","",P58))) -> 2:3 | O14: =IF(LEFT(P34,1)="W",$M$4&":0(W)",IF(LEFT(P34,1)="L","0:"&$M$4&"(L)",IF(P34="","",P34))) -> 1:3 | P14: =IF(RIGHT(P48,1)="W",$M$4&":0(W)",IF(RIGHT(P48,1)="L","0:"&$M$4&"(L)",IF(P48="","",RIGHT(P48,1)&":"&LEFT(P48,1)))) -> 3:2 | Q14: =IF(LEFT(P44,1)="W",$M$4&":0(W)",IF(LEFT(P44,1)="L","0:"&$M$4&"(L)",IF(P44="","",P44))) -> 3:1 | R14: =IF(RIGHT(P39,1)="W",$M$4&":0(W)",IF(RIGHT(P39,1)="L","0:"&$M$4&"(L)",IF(P39="","",RIGHT(P39,1)&":"&LEFT(P39,1)))) -> 1:3
K15: =IF(P49="","",IF(Q49="","",REPLACE(SUBSTITUTE(SUBSTITUTE(SUBSTITUTE(SUBSTITUTE(","&Q49,",-","#"),",","-"),"#",","),"-",",-"),1,1,""))) | L15: =IF(P54="","",IF(Q54="","",Q54)) | N15: =IF(P58="","",IF(Q58="","",Q58)) | O15: =IF(P34="","",IF(Q34="","",Q34)) | P15: =IF(P48="","",IF(Q48="","",REPLACE(SUBSTITUTE(SUBSTITUTE(SUBSTITUTE(SUBSTITUTE(","&Q48,",-","#"),",","-"),"#",","),"-",",-"),1,1,""))) | Q15: =IF(P44="","",IF(Q44="","",Q44)) | R15: =IF(P39="","",IF(Q39="","",REPLACE(SUBSTITUTE(SUBSTITUTE(SUBSTITUTE(SUBSTITUTE(","&Q39,",-","#"),",","-"),"#",","),"-",",-"),1,1,"")))
G16: 4 | H16: 3 р | I16: 9 | J16: Ануарбеков Фаизкарим+ | K16: =IF(LEFT(P53,1)="L",0,(IF(P53="","",(IF(LEFT(P53,1)>RIGHT(P53,1),2,1))))) -> 2 | L16: =IF(RIGHT(P50,1)="L",0,(IF(P50="","",(IF(RIGHT(P50,1)>LEFT(P50,1),2,1))))) | M16: =IF(RIGHT(P58,1)="L",0,(IF(P58="","",(IF(RIGHT(P58,1)>LEFT(P58,1),2,1))))) -> 2 | O16: =IF(RIGHT(P46,1)="L",0,(IF(P46="","",(IF(RIGHT(P46,1)>LEFT(P46,1),2,1))))) -> 2 | P16: =IF(LEFT(P43,1)="L",0,(IF(P43="","",(IF(LEFT(P43,1)>RIGHT(P43,1),2,1))))) -> 1 | Q16: =IF(RIGHT(P40,1)="L",0,(IF(P40="","",(IF(RIGHT(P40,1)>LEFT(P40,1),2,1))))) -> 2 | R16: =IF(LEFT(P36,1)="L",0,(IF(P36="","",(IF(LEFT(P36,1)>RIGHT(P36,1),2,1))))) -> 2 | S16: =IF((AND(COUNTIF(J7:J30,">""")>2,COUNTIF(P33:P60,">""")>0)),SUM(K16,L16,M16,N16,O16,P16,Q16,R16),"") -> 11 | U16: 2
K17: =IF(LEFT(P53,1)="W",$M$4&":0(W)",IF(LEFT(P53,1)="L","0:"&$M$4&"(L)",IF(P53="","",P53))) -> 3:2 | L17: =IF(RIGHT(P50,1)="W",$M$4&":0(W)",IF(RIGHT(P50,1)="L","0:"&$M$4&"(L)",IF(P50="","",RIGHT(P50,1)&":"&LEFT(P50,1)))) | M17: =IF(RIGHT(P58,1)="W",$M$4&":0(W)",IF(RIGHT(P58,1)="L","0:"&$M$4&"(L)",IF(P58="","",RIGHT(P58,1)&":"&LEFT(P58,1)))) -> 3:2 | O17: =IF(RIGHT(P46,1)="W",$M$4&":0(W)",IF(RIGHT(P46,1)="L","0:"&$M$4&"(L)",IF(P46="","",RIGHT(P46,1)&":"&LEFT(P46,1)))) -> 3:2 | P17: =IF(LEFT(P43,1)="W",$M$4&":0(W)",IF(LEFT(P43,1)="L","0:"&$M$4&"(L)",IF(P43="","",P43))) -> 2:3 | Q17: =IF(RIGHT(P40,1)="W",$M$4&":0(W)",IF(RIGHT(P40,1)="L","0:"&$M$4&"(L)",IF(P40="","",RIGHT(P40,1)&":"&LEFT(P40,1)))) -> 3:1 | R17: =IF(LEFT(P36,1)="W",$M$4&":0(W)",IF(LEFT(P36,1)="L","0:"&$M$4&"(L)",IF(P36="","",P36))) -> 3:2
K18: =IF(P53="","",IF(Q53="","",Q53)) | L18: =IF(P50="","",IF(Q50="","",REPLACE(SUBSTITUTE(SUBSTITUTE(SUBSTITUTE(SUBSTITUTE(","&Q50,",-","#"),",","-"),"#",","),"-",",-"),1,1,""))) | M18: =IF(P58="","",IF(Q58="","",REPLACE(SUBSTITUTE(SUBSTITUTE(SUBSTITUTE(SUBSTITUTE(","&Q58,",-","#"),",","-"),"#",","),"-",",-"),1,1,""))) | O18: =IF(P46="","",IF(Q46="","",REPLACE(SUBSTITUTE(SUBSTITUTE(SUBSTITUTE(SUBSTITUTE(","&Q46,",-","#"),",","-"),"#",","),"-",",-"),1,1,""))) | P18: =IF(P43="","",IF(Q43="","",Q43)) | Q18: =IF(P40="","",IF(Q40="","",REPLACE(SUBSTITUTE(SUBSTITUTE(SUBSTITUTE(SUBSTITUTE(","&Q40,",-","#"),",","-"),"#",","),"-",",-"),1,1,""))) | R18: =IF(P36="","",IF(Q36="","",Q36))
G19: 5 | H19: КМС | J19: Терехин Александр+ | K19: =IF(RIGHT(P41,1)="L",0,(IF(P41="","",(IF(RIGHT(P41,1)>LEFT(P41,1),2,1))))) -> 2 | L19: =IF(LEFT(P37,1)="L",0,(IF(P37="","",(IF(LEFT(P37,1)>RIGHT(P37,1),2,1))))) | M19: =IF(RIGHT(P34,1)="L",0,(IF(P34="","",(IF(RIGHT(P34,1)>LEFT(P34,1),2,1))))) -> 2 | N19: =IF(LEFT(P46,1)="L",0,(IF(P46="","",(IF(LEFT(P46,1)>RIGHT(P46,1),2,1))))) -> 1 | P19: =IF(LEFT(P59,1)="L",0,(IF(P59="","",(IF(LEFT(P59,1)>RIGHT(P59,1),2,1))))) -> 1 | Q19: =IF(LEFT(P51,1)="L",0,(IF(P51="","",(IF(LEFT(P51,1)>RIGHT(P51,1),2,1))))) -> 2 | R19: =IF(RIGHT(P56,1)="L",0,(IF(P56="","",(IF(RIGHT(P56,1)>LEFT(P56,1),2,1))))) -> 2 | S19: =IF((AND(COUNTIF(J7:J30,">""")>2,COUNTIF(P33:P60,">""")>0)),SUM(K19,L19,M19,N19,O19,P19,Q19,R19),"") -> 10 | U19: 3
K20: =IF(RIGHT(P41,1)="W",$M$4&":0(W)",IF(RIGHT(P41,1)="L","0:"&$M$4&"(L)",IF(P41="","",RIGHT(P41,1)&":"&LEFT(P41,1)))) -> 3:2 | L20: =IF(LEFT(P37,1)="W",$M$4&":0(W)",IF(LEFT(P37,1)="L","0:"&$M$4&"(L)",IF(P37="","",P37))) | M20: =IF(RIGHT(P34,1)="W",$M$4&":0(W)",IF(RIGHT(P34,1)="L","0:"&$M$4&"(L)",IF(P34="","",RIGHT(P34,1)&":"&LEFT(P34,1)))) -> 3:1 | N20: =IF(LEFT(P46,1)="W",$M$4&":0(W)",IF(LEFT(P46,1)="L","0:"&$M$4&"(L)",IF(P46="","",P46))) -> 2:3 | P20: =IF(LEFT(P59,1)="W",$M$4&":0(W)",IF(LEFT(P59,1)="L","0:"&$M$4&"(L)",IF(P59="","",P59))) -> 2:3 | Q20: =IF(LEFT(P51,1)="W",$M$4&":0(W)",IF(LEFT(P51,1)="L","0:"&$M$4&"(L)",IF(P51="","",P51))) -> 3:0 | R20: =IF(RIGHT(P56,1)="W",$M$4&":0(W)",IF(RIGHT(P56,1)="L","0:"&$M$4&"(L)",IF(P56="","",RIGHT(P56,1)&":"&LEFT(P56,1)))) -> 3:0
K21: =IF(P41="","",IF(Q41="","",REPLACE(SUBSTITUTE(SUBSTITUTE(SUBSTITUTE(SUBSTITUTE(","&Q41,",-","#"),",","-"),"#",","),"-",",-"),1,1,""))) | L21: =IF(P37="","",IF(Q37="","",Q37)) | M21: =IF(P34="","",IF(Q34="","",REPLACE(SUBSTITUTE(SUBSTITUTE(SUBSTITUTE(SUBSTITUTE(","&Q34,",-","#"),",","-"),"#",","),"-",",-"),1,1,""))) | N21: =IF(P46="","",IF(Q46="","",Q46)) | P21: =IF(P59="","",IF(Q59="","",Q59)) | Q21: =IF(P51="","",IF(Q51="","",Q51)) | R21: =IF(P56="","",IF(Q56="","",REPLACE(SUBSTITUTE(SUBSTITUTE(SUBSTITUTE(SUBSTITUTE(","&Q56,",-","#"),",","-"),"#",","),"-",",-"),1,1,"")))
B22: 3:0 | G22: 6 | H22: КМС | I22: 12 | J22: Чернозубов Николай+ | K22: =IF(LEFT(P38,1)="L",0,(IF(P38="","",(IF(LEFT(P38,1)>RIGHT(P38,1),2,1))))) -> 2 | L22: =IF(RIGHT(P33,1)="L",0,(IF(P33="","",(IF(RIGHT(P33,1)>LEFT(P33,1),2,1))))) | M22: =IF(LEFT(P48,1)="L",0,(IF(P48="","",(IF(LEFT(P48,1)>RIGHT(P48,1),2,1))))) -> 1 | N22: =IF(RIGHT(P43,1)="L",0,(IF(P43="","",(IF(RIGHT(P43,1)>LEFT(P43,1),2,1))))) -> 2 | O22: =IF(RIGHT(P59,1)="L",0,(IF(P59="","",(IF(RIGHT(P59,1)>LEFT(P59,1),2,1))))) -> 2 | Q22: =IF(RIGHT(P55,1)="L",0,(IF(P55="","",(IF(RIGHT(P55,1)>LEFT(P55,1),2,1))))) -> 2 | R22: =IF(LEFT(P52,1)="L",0,(IF(P52="","",(IF(LEFT(P52,1)>RIGHT(P52,1),2,1))))) -> 2 | S22: =IF((AND(COUNTIF(J7:J30,">""")>2,COUNTIF(P33:P60,">""")>0)),SUM(K22,L22,M22,N22,O22,P22,Q22,R22),"") -> 11 | U22: 1
B23: 3:1 | K23: =IF(LEFT(P38,1)="W",$M$4&":0(W)",IF(LEFT(P38,1)="L","0:"&$M$4&"(L)",IF(P38="","",P38))) -> 3:0 | L23: =IF(RIGHT(P33,1)="W",$M$4&":0(W)",IF(RIGHT(P33,1)="L","0:"&$M$4&"(L)",IF(P33="","",RIGHT(P33,1)&":"&LEFT(P33,1)))) | M23: =IF(LEFT(P48,1)="W",$M$4&":0(W)",IF(LEFT(P48,1)="L","0:"&$M$4&"(L)",IF(P48="","",P48))) -> 2:3 | N23: =IF(RIGHT(P43,1)="W",$M$4&":0(W)",IF(RIGHT(P43,1)="L","0:"&$M$4&"(L)",IF(P43="","",RIGHT(P43,1)&":"&LEFT(P43,1)))) -> 3:2 | O23: =IF(RIGHT(P59,1)="W",$M$4&":0(W)",IF(RIGHT(P59,1)="L","0:"&$M$4&"(L)",IF(P59="","",RIGHT(P59,1)&":"&LEFT(P59,1)))) -> 3:2 | Q23: =IF(RIGHT(P55,1)="W",$M$4&":0(W)",IF(RIGHT(P55,1)="L","0:"&$M$4&"(L)",IF(P55="","",RIGHT(P55,1)&":"&LEFT(P55,1)))) -> 3:0 | R23: =IF(LEFT(P52,1)="W",$M$4&":0(W)",IF(LEFT(P52,1)="L","0:"&$M$4&"(L)",IF(P52="","",P52))) -> 3:0
B24: 3:2 | K24: =IF(P38="","",IF(Q38="","",Q38)) | L24: =IF(P33="","",IF(Q33="","",REPLACE(SUBSTITUTE(SUBSTITUTE(SUBSTITUTE(SUBSTITUTE(","&Q33,",-","#"),",","-"),"#",","),"-",",-"),1,1,""))) | M24: =IF(P48="","",IF(Q48="","",Q48)) | N24: =IF(P43="","",IF(Q43="","",REPLACE(SUBSTITUTE(SUBSTITUTE(SUBSTITUTE(SUBSTITUTE(","&Q43,",-","#"),",","-"),"#",","),"-",",-"),1,1,""))) | O24: =IF(P59="","",IF(Q59="","",REPLACE(SUBSTITUTE(SUBSTITUTE(SUBSTITUTE(SUBSTITUTE(","&Q59,",-","#"),",","-"),"#",","),"-",",-"),1,1,""))) | Q24: =IF(P55="","",IF(Q55="","",REPLACE(SUBSTITUTE(SUBSTITUTE(SUBSTITUTE(SUBSTITUTE(","&Q55,",-","#"),",","-"),"#",","),"-",",-"),1,1,""))) | R24: =IF(P52="","",IF(Q52="","",Q52))
B25: 0:3 | G25: 7 | I25: 3 | J25: Аманжолов Куат+ | K25: =IF(RIGHT(P35,1)="L",0,(IF(P35="","",(IF(RIGHT(P35,1)>LEFT(P35,1),2,1))))) -> 1 | L25: =IF(LEFT(P47,1)="L",0,(IF(P47="","",(IF(LEFT(P47,1)>RIGHT(P47,1),2,1))))) | M25: =IF(RIGHT(P44,1)="L",0,(IF(P44="","",(IF(RIGHT(P44,1)>LEFT(P44,1),2,1))))) -> 1 | N25: =IF(LEFT(P40,1)="L",0,(IF(P40="","",(IF(LEFT(P40,1)>RIGHT(P40,1),2,1))))) -> 1 | O25: =IF(RIGHT(P51,1)="L",0,(IF(P51="","",(IF(RIGHT(P51,1)>LEFT(P51,1),2,1))))) -> 1 | P25: =IF(LEFT(P55,1)="L",0,(IF(P55="","",(IF(LEFT(P55,1)>RIGHT(P55,1),2,1))))) -> 1 | R25: =IF(LEFT(P60,1)="L",0,(IF(P60="","",(IF(LEFT(P60,1)>RIGHT(P60,1),2,1))))) -> 1 | S25: =IF((AND(COUNTIF(J7:J30,">""")>2,COUNTIF(P33:P60,">""")>0)),SUM(K25,L25,M25,N25,O25,P25,Q25,R25),"") -> 6 | U25: 7
B26: 1:3 | K26: =IF(RIGHT(P35,1)="W",$M$4&":0(W)",IF(RIGHT(P35,1)="L","0:"&$M$4&"(L)",IF(P35="","",RIGHT(P35,1)&":"&LEFT(P35,1)))) -> 0:3 | L26: =IF(LEFT(P47)="W",$M$4&":0(W)",IF(LEFT(P47,1)="L","0:"&$M$4&"(L)",IF(P47="","",P47))) | M26: =IF(RIGHT(P44,1)="W",$M$4&":0(W)",IF(RIGHT(P44,1)="L","0:"&$M$4&"(L)",IF(P44="","",RIGHT(P44,1)&":"&LEFT(P44,1)))) -> 1:3 | N26: =IF(LEFT(P40,1)="W",$M$4&":0(W)",IF(LEFT(P40,1)="L","0:"&$M$4&"(L)",IF(P40="","",P40))) -> 1:3 | O26: =IF(RIGHT(P51,1)="W",$M$4&":0(W)",IF(RIGHT(P51,1)="L","0:"&$M$4&"(L)",IF(P51="","",RIGHT(P51,1)&":"&LEFT(P51,1)))) -> 0:3 | P26: =IF(LEFT(P55,1)="W",$M$4&":0(W)",IF(LEFT(P55,1)="L","0:"&$M$4&"(L)",IF(P55="","",P55))) -> 0:3 | R26: =IF(LEFT(P60,1)="W",$M$4&":0(W)",IF(LEFT(P60,1)="L","0:"&$M$4&"(L)",IF(P60="","",P60))) -> 0:3
B27: 2:3 | K27: =IF(P35="","",IF(Q35="","",REPLACE(SUBSTITUTE(SUBSTITUTE(SUBSTITUTE(SUBSTITUTE(","&Q35,",-","#"),",","-"),"#",","),"-",",-"),1,1,""))) | L27: =IF(P47="","",IF(Q47="","",Q47)) | M27: =IF(P44="","",IF(Q44="","",REPLACE(SUBSTITUTE(SUBSTITUTE(SUBSTITUTE(SUBSTITUTE(","&Q44,",-","#"),",","-"),"#",","),"-",",-"),1,1,""))) | N27: =IF(P40="","",IF(Q40="","",Q40)) | O27: =IF(P51="","",IF(Q51="","",REPLACE(SUBSTITUTE(SUBSTITUTE(SUBSTITUTE(SUBSTITUTE(","&Q51,",-","#"),",","-"),"#",","),"-",",-"),1,1,""))) | P27: =IF(P55="","",IF(Q55="","",Q55)) | R27: =IF(P60="","",IF(Q60="","",Q60))
B28: W:L | G28: 8 | H28: КМС | J28: Абжанова Алия+ | K28: =IF(LEFT(P45,1)="L",0,(IF(P45="","",(IF(LEFT(P45,1)>RIGHT(P45,1),2,1))))) -> 2 | L28: =IF(RIGHT(P42,1)="L",0,(IF(P42="","",(IF(RIGHT(P42,1)>LEFT(P42,1),2,1))))) | M28: =IF(LEFT(P39,1)="L",0,(IF(P39="","",(IF(LEFT(P39,1)>RIGHT(P39,1),2,1))))) -> 2 | N28: =IF(RIGHT(P36,1)="L",0,(IF(P36="","",(IF(RIGHT(P36,1)>LEFT(P36,1),2,1))))) -> 1 | O28: =IF(LEFT(P56,1)="L",0,(IF(P56="","",(IF(LEFT(P56,1)>RIGHT(P56,1),2,1))))) -> 1 | P28: =IF(RIGHT(P52,1)="L",0,(IF(P52="","",(IF(RIGHT(P52,1)>LEFT(P52,1),2,1))))) -> 1 | Q28: =IF(RIGHT(P60,1)="L",0,(IF(P60="","",(IF(RIGHT(P60,1)>LEFT(P60,1),2,1))))) -> 2 | S28: =IF((AND(COUNTIF(J7:J30,">""")>2,COUNTIF(P33:P60,">""")>0)),SUM(K28,L28,M28,N28,O28,P28,Q28,R28),"") -> 9 | U28: 4
B29: L:W | K29: =IF(LEFT(P45,1)="W",$M$4&":0(W)",IF(LEFT(P45,1)="L","0:"&$M$4&"(L)",IF(P45="","",P45))) -> 3:0 | L29: =IF(RIGHT(P42,1)="W",$M$4&":0(W)",IF(RIGHT(P42,1)="L","0:"&$M$4&"(L)",IF(P42="","",RIGHT(P42,1)&":"&LEFT(P42,1)))) | M29: =IF(LEFT(P39,1)="W",$M$4&":0(W)",IF(LEFT(P39,1)="L","0:"&$M$4&"(L)",IF(P39="","",P39))) -> 3:1 | N29: =IF(RIGHT(P36,1)="W",$M$4&":0(W)",IF(RIGHT(P36,1)="L","0:"&$M$4&"(L)",IF(P36="","",RIGHT(P36,1)&":"&LEFT(P36,1)))) -> 2:3 | O29: =IF(LEFT(P56,1)="W",$M$4&":0(W)",IF(LEFT(P56,1)="L","0:"&$M$4&"(L)",IF(P56="","",P56))) -> 0:3 | P29: =IF(RIGHT(P52,1)="W",$M$4&":0(W)",IF(RIGHT(P52,1)="L","0:"&$M$4&"(L)",IF(P52="","",RIGHT(P52,1)&":"&LEFT(P52,1)))) -> 0:3 | Q29: =IF(RIGHT(P60,1)="W",$M$4&":0(W)",IF(RIGHT(P60,1)="L","0:"&$M$4&"(L)",IF(P60="","",RIGHT(P60,1)&":"&LEFT(P60,1)))) -> 3:0
B30: 2:0 | K30: =IF(P45="","",IF(Q45="","",Q45)) | L30: =IF(P42="","",IF(Q42="","",REPLACE(SUBSTITUTE(SUBSTITUTE(SUBSTITUTE(SUBSTITUTE(","&Q42,",-","#"),",","-"),"#",","),"-",",-"),1,1,""))) | M30: =IF(P39="","",IF(Q39="","",Q39)) | N30: =IF(P36="","",IF(Q36="","",REPLACE(SUBSTITUTE(SUBSTITUTE(SUBSTITUTE(SUBSTITUTE(","&Q36,",-","#"),",","-"),"#",","),"-",",-"),1,1,""))) | O30: =IF(P56="","",IF(Q56="","",Q56)) | P30: =IF(P52="","",IF(Q52="","",REPLACE(SUBSTITUTE(SUBSTITUTE(SUBSTITUTE(SUBSTITUTE(","&Q52,",-","#"),",","-"),"#",","),"-",",-"),1,1,""))) | Q30: =IF(P60="","",IF(Q60="","",REPLACE(SUBSTITUTE(SUBSTITUTE(SUBSTITUTE(SUBSTITUTE(","&Q60,",-","#"),",","-"),"#",","),"-",",-"),1,1,"")))
B31: 2:1
B32: 1:2 | I32: ю | P32: счет по сетам | Q32: мячи
B33: 0:2 | G33: 1 круг | J33: =IF(А6!Уч2="","",А6!Уч2) -> Кожабай Джамбул | K33: ="-" -> - | L33: =IF(А6!Уч6="","",А6!Уч6) -> Чернозубов Николай+ | S33: =IF(AND(I33<>"",P33=""),"встреча играется",IF(P33<>"","сыграна",""))
B34: 4:0 | I34: 28 | J34: =IF(А6!Уч3="","",А6!Уч3) -> Томашев Манат+ | K34: ="-" -> - | L34: =IF(А6!Уч5="","",А6!Уч5) -> Терехин Александр+ | P34: 1:3 | S34: =IF(AND(I34<>"",P34=""),"встреча играется",IF(P34<>"","сыграна","")) -> сыграна
B35: 4:1 | I35: 29 | J35: =IF(А6!Уч1="","",А6!Уч1) -> Алиев Сагыныш+ | K35: ="-" -> - | L35: =IF(А6!Уч7="","",А6!Уч7) -> Аманжолов Куат+ | P35: 3:0 | S35: =IF(AND(I35<>"",P35=""),"встреча играется",IF(P35<>"","сыграна","")) -> сыграна
B36: 4:2 | I36: 23 | J36: =IF(А6!Уч4="","",А6!Уч4) -> Ануарбеков Фаизкарим+ | K36: ="-" -> - | L36: =IF(А6!Уч8="","",А6!Уч8) -> Абжанова Алия+ | P36: 3:2 | S36: =IF(AND(I36<>"",P36=""),"встреча играется",IF(P36<>"","сыграна","")) -> сыграна
B37: 4:3 | G37: 2 круг | J37: =IF(А6!Уч5="","",А6!Уч5) -> Терехин Александр+ | K37: ="-" -> - | L37: =IF(А6!Уч2="","",А6!Уч2) -> Кожабай Джамбул | S37: =IF(AND(I37<>"",P37=""),"встреча играется",IF(P37<>"","сыграна",""))
B38: 0:4 | I38: 28 | J38: =IF(А6!Уч6="","",А6!Уч6) -> Чернозубов Николай+ | K38: ="-" -> - | L38: =IF(А6!Уч1="","",А6!Уч1) -> Алиев Сагыныш+ | P38: 3:0 | S38: =IF(AND(I38<>"",P38=""),"встреча играется",IF(P38<>"","сыграна","")) -> сыграна
B39: 1:4 | I39: 23 | J39: =IF(А6!Уч8="","",А6!Уч8) -> Абжанова Алия+ | K39: ="-" -> - | L39: =IF(А6!Уч3="","",А6!Уч3) -> Томашев Манат+ | P39: 3:1 | S39: =IF(AND(I39<>"",P39=""),"встреча играется",IF(P39<>"","сыграна","")) -> сыграна
B40: 2:4 | I40: 28 | J40: =IF(А6!Уч7="","",А6!Уч7) -> Аманжолов Куат+ | K40: ="-" -> - | L40: =IF(А6!Уч4="","",А6!Уч4) -> Ануарбеков Фаизкарим+ | P40: 1:3 | S40: =IF(AND(I40<>"",P40=""),"встреча играется",IF(P40<>"","сыграна","")) -> сыграна
B41: 3:4 | G41: 3 круг | I41: 29 | J41: =IF(А6!Уч1="","",А6!Уч1) -> Алиев Сагыныш+ | K41: ="-" -> - | L41: =IF(А6!Уч5="","",А6!Уч5) -> Терехин Александр+ | P41: 2:3 | S41: =IF(AND(I41<>"",P41=""),"встреча играется",IF(P41<>"","сыграна","")) -> сыграна
J42: =IF(А6!Уч2="","",А6!Уч2) -> Кожабай Джамбул | K42: ="-" -> - | L42: =IF(А6!Уч8="","",А6!Уч8) -> Абжанова Алия+ | S42: =IF(AND(I42<>"",P42=""),"встреча играется",IF(P42<>"","сыграна",""))
I43: 30 | J43: =IF(А6!Уч4="","",А6!Уч4) -> Ануарбеков Фаизкарим+ | K43: ="-" -> - | L43: =IF(А6!Уч6="","",А6!Уч6) -> Чернозубов Николай+ | P43: 2:3 | S43: =IF(AND(I43<>"",P43=""),"встреча играется",IF(P43<>"","сыграна","")) -> сыграна
J44: =IF(А6!Уч3="","",А6!Уч3) -> Томашев Манат+ | K44: ="-" -> - | L44: =IF(А6!Уч7="","",А6!Уч7) -> Аманжолов Куат+ | P44: 3:1 | S44: =IF(AND(I44<>"",P44=""),"встреча играется",IF(P44<>"","сыграна","")) -> сыграна
G45: 4 круг | I45: 27 | J45: =IF(А6!Уч8="","",А6!Уч8) -> Абжанова Алия+ | K45: ="-" -> - | L45: =IF(А6!Уч1="","",А6!Уч1) -> Алиев Сагыныш+ | P45: 3:0 | S45: =IF(AND(I45<>"",P45=""),"встреча играется",IF(P45<>"","сыграна","")) -> сыграна
I46: 24 | J46: =IF(А6!Уч5="","",А6!Уч5) -> Терехин Александр+ | K46: ="-" -> - | L46: =IF(А6!Уч4="","",А6!Уч4) -> Ануарбеков Фаизкарим+ | P46: 2:3 | S46: =IF(AND(I46<>"",P46=""),"встреча играется",IF(P46<>"","сыграна","")) -> сыграна
J47: =IF(А6!Уч7="","",А6!Уч7) -> Аманжолов Куат+ | K47: ="-" -> - | L47: =IF(А6!Уч2="","",А6!Уч2) -> Кожабай Джамбул | S47: =IF(AND(I47<>"",P47=""),"встреча играется",IF(P47<>"","сыграна",""))
I48: 30 | J48: =IF(А6!Уч6="","",А6!Уч6) -> Чернозубов Николай+ | K48: ="-" -> - | L48: =IF(А6!Уч3="","",А6!Уч3) -> Томашев Манат+ | P48: 2:3 | S48: =IF(AND(I48<>"",P48=""),"встреча играется",IF(P48<>"","сыграна","")) -> сыграна
G49: 5 круг | I49: 31 | J49: =IF(А6!Уч1="","",А6!Уч1) -> Алиев Сагыныш+ | K49: ="-" -> - | L49: =IF(А6!Уч3="","",А6!Уч3) -> Томашев Манат+ | P49: 2:3 | S49: =IF(AND(I49<>"",P49=""),"встреча играется",IF(P49<>"","сыграна","")) -> сыграна
J50: =IF(А6!Уч2="","",А6!Уч2) -> Кожабай Джамбул | K50: ="-" -> - | L50: =IF(А6!Уч4="","",А6!Уч4) -> Ануарбеков Фаизкарим+ | S50: =IF(AND(I50<>"",P50=""),"встреча играется",IF(P50<>"","сыграна",""))
I51: 27 | J51: =IF(А6!Уч5="","",А6!Уч5) -> Терехин Александр+ | K51: ="-" -> - | L51: =IF(А6!Уч7="","",А6!Уч7) -> Аманжолов Куат+ | P51: 3:0 | S51: =IF(AND(I51<>"",P51=""),"встреча играется",IF(P51<>"","сыграна","")) -> сыграна
I52: 30 | J52: =IF(А6!Уч6="","",А6!Уч6) -> Чернозубов Николай+ | K52: ="-" -> - | L52: =IF(А6!Уч8="","",А6!Уч8) -> Абжанова Алия+ | P52: 3:0 | S52: =IF(AND(I52<>"",P52=""),"встреча играется",IF(P52<>"","сыграна","")) -> сыграна
G53: 6 круг | I53: 27 | J53: =IF(А6!Уч4="","",А6!Уч4) -> Ануарбеков Фаизкарим+ | K53: ="-" -> - | L53: =IF(А6!Уч1="","",А6!Уч1) -> Алиев Сагыныш+ | P53: 3:2 | S53: =IF(AND(I53<>"",P53=""),"встреча играется",IF(P53<>"","сыграна","")) -> сыграна
J54: =IF(А6!Уч3="","",А6!Уч3) -> Томашев Манат+ | K54: ="-" -> - | L54: =IF(А6!Уч2="","",А6!Уч2) -> Кожабай Джамбул | S54: =IF(AND(I54<>"",P54=""),"встреча играется",IF(P54<>"","сыграна",""))
I55: 27 | J55: =IF(А6!Уч7="","",А6!Уч7) -> Аманжолов Куат+ | K55: ="-" -> - | L55: =IF(А6!Уч6="","",А6!Уч6) -> Чернозубов Николай+ | P55: 0:3 | S55: =IF(AND(I55<>"",P55=""),"встреча играется",IF(P55<>"","сыграна","")) -> сыграна
I56: 28 | J56: =IF(А6!Уч8="","",А6!Уч8) -> Абжанова Алия+ | K56: ="-" -> - | L56: =IF(А6!Уч5="","",А6!Уч5) -> Терехин Александр+ | P56: 0:3 | S56: =IF(AND(I56<>"",P56=""),"встреча играется",IF(P56<>"","сыграна","")) -> сыграна
G57: 7 круг | J57: =IF(А6!Уч1="","",А6!Уч1) -> Алиев Сагыныш+ | K57: ="-" -> - | L57: =IF(А6!Уч2="","",А6!Уч2) -> Кожабай Джамбул | S57: =IF(AND(I57<>"",P57=""),"встреча играется",IF(P57<>"","сыграна",""))
I58: 27 | J58: =IF(А6!Уч3="","",А6!Уч3) -> Томашев Манат+ | K58: ="-" -> - | L58: =IF(А6!Уч4="","",А6!Уч4) -> Ануарбеков Фаизкарим+ | P58: 2:3 | S58: =IF(AND(I58<>"",P58=""),"встреча играется",IF(P58<>"","сыграна","")) -> сыграна
I59: 24 | J59: =IF(А6!Уч5="","",А6!Уч5) -> Терехин Александр+ | K59: ="-" -> - | L59: =IF(А6!Уч6="","",А6!Уч6) -> Чернозубов Николай+ | P59: 2:3 | S59: =IF(AND(I59<>"",P59=""),"встреча играется",IF(P59<>"","сыграна","")) -> сыграна
I60: 28 | J60: =IF(А6!Уч7="","",А6!Уч7) -> Аманжолов Куат+ | K60: ="-" -> - | L60: =IF(А6!Уч8="","",А6!Уч8) -> Абжанова Алия+ | P60: 0:3 | S60: =IF(AND(I60<>"",P60=""),"встреча играется",IF(P60<>"","сыграна","")) -> сыграна

Sheet А7
D1: Турнир Открытое первенство города Астана (лиги) | K1: Дата: | L1: =Суперлига!L1 -> 46033
K4: матчи до | M4: 3 | N4: побед
C5: =IF(COUNTIF(D7:D14,"")>0,1,0) -> 0 | E5: =IF((COUNTIF(L33:R60,">""")+COUNTIF(T7:U30,">"""))>0,1,0) -> 1
C6: № | D6: Участники турнира | E6: Рейтинг | G6: № | H6: Разряд | I6: R | J6: Фамилия Имя | K6: 1 | L6: 2 | M6: 3 | N6: 4 | O6: 5 | P6: 6 | Q6: 7 | R6: 8 | S6: Очки | T6: Соотн. | U6: Место
C7: 1 | D7: Садвакасов Нурбек | G7: 1 | J7: Садвакасов Нурбек+ | L7: =IF(LEFT(P57,1)="L",0,(IF(P57="","",(IF(LEFT(P57,1)>RIGHT(P57,1),2,1))))) -> 2 | M7: =IF(LEFT(P49,1)="L",0,(IF(P49="","",(IF(LEFT(P49,1)>RIGHT(P49,1),2,1))))) | N7: =IF(RIGHT(P53,1)="L",0,(IF(P53="","",(IF(RIGHT(P53,1)>LEFT(P53,1),2,1))))) -> 2 | O7: =IF(LEFT(P41,1)="L",0,(IF(P41="","",(IF(LEFT(P41,1)>RIGHT(P41,1),2,1))))) -> 1 | P7: =IF(RIGHT(P38,1)="L",0,(IF(P38="","",(IF(RIGHT(P38,1)>LEFT(P38,1),2,1))))) -> 2 | Q7: =IF(LEFT(P35,1)="L",0,(IF(P35="","",(IF(LEFT(P35,1)>RIGHT(P35,1),2,1))))) | R7: =IF(RIGHT(P45,1)="L",0,(IF(P45="","",(IF(RIGHT(P45,1)>LEFT(P45,1),2,1))))) -> 2 | S7: =IF((AND(COUNTIF(J7:J30,">""")>2,COUNTIF(P33:P60,">""")>0)),SUM(K7,L7,M7,N7,O7,P7,Q7,R7),"") -> 9 | U7: 1
C8: 2 | D8: Утеулов Алиби | L8: =IF(LEFT(P57,1)="W",$M$4&":0(W)",IF(LEFT(P57,1)="L","0:"&$M$4&"(L)",IF(P57="","",P57))) -> 3:0 | M8: =IF(LEFT(P49,1)="W",$M$4&":0(W)",IF(LEFT(P49,1)="L","0:"&$M$4&"(L)",IF(P49="","",P49))) | N8: =IF(RIGHT(P53,1)="W",$M$4&":0(W)",IF(RIGHT(P53,1)="L","0:"&$M$4&"(L)",IF(P53="","",RIGHT(P53,1)&":"&LEFT(P53,1)))) -> 3:0 | O8: =IF(LEFT(P41,1)="W",$M$4&":0(W)",IF(LEFT(P41,1)="L","0:"&$M$4&"(L)",IF(P41="","",P41))) -> 2:3 | P8: =IF(RIGHT(P38,1)="W",$M$4&":0(W)",IF(RIGHT(P38,1)="L","0:"&$M$4&"(L)",IF(P38="","",RIGHT(P38,1)&":"&LEFT(P38,1)))) -> 3:0 | Q8: =IF(LEFT(P35,1)="W",$M$4&":0(W)",IF(LEFT(P35,1)="L","0:"&$M$4&"(L)",IF(P35="","",P35))) | R8: =IF(RIGHT(P45,1)="W",$M$4&":0(W)",IF(RIGHT(P45,1)="L","0:"&$M$4&"(L)",IF(P45="","",RIGHT(P45,1)&":"&LEFT(P45,1)))) -> 3:0
C9: 3 | D9: Такабаев Мади | L9: =IF(P57="","",IF(Q57="","",Q57)) | M9: =IF(P49="","",IF(Q49="","",Q49)) | N9: =IF(P53="","",IF(Q53="","",REPLACE(SUBSTITUTE(SUBSTITUTE(SUBSTITUTE(SUBSTITUTE(","&Q53,",-","#"),",","-"),"#",","),"-",",-"),1,1,""))) | O9: =IF(P41="","",IF(Q41="","",Q41)) | P9: =IF(P38="","",IF(Q38="","",REPLACE(SUBSTITUTE(SUBSTITUTE(SUBSTITUTE(SUBSTITUTE(","&Q38,",-","#"),",","-"),"#",","),"-",",-"),1,1,""))) | Q9: =IF(P35="","",IF(Q35="","",Q35)) | R9: =IF(P45="","",IF(Q45="","",REPLACE(SUBSTITUTE(SUBSTITUTE(SUBSTITUTE(SUBSTITUTE(","&Q45,",-","#"),",","-"),"#",","),"-",",-"),1,1,"")))
C10: 4 | D10: Фуяров Равиль | G10: 2 | I10: 8 | J10: Утеулов Алиби+ | K10: =IF(RIGHT(P57,1)="L",0,(IF(P57="","",(IF(RIGHT(P57,1)>LEFT(P57,1),2,1))))) -> 1 | M10: =IF(RIGHT(P54,1)="L",0,(IF(P54="","",(IF(RIGHT(P54,1)>LEFT(P54,1),2,1))))) | N10: =IF(LEFT(P50,1)="L",0,(IF(P50="","",(IF(LEFT(P50,1)>RIGHT(P50,1),2,1))))) -> 1 | O10: =IF(RIGHT(P37,1)="L",0,(IF(P37="","",(IF(RIGHT(P37,1)>LEFT(P37,1),2,1))))) -> 2 | P10: =IF(LEFT(P33,1)="L",0,(IF(P33="","",(IF(LEFT(P33,1)>RIGHT(P33,1),2,1))))) -> 1 | Q10: =IF(RIGHT(P47,1)="L",0,(IF(P47="","",(IF(RIGHT(P47,1)>LEFT(P47,1),2,1))))) | R10: =IF(LEFT(P42,1)="L",0,(IF(P42="","",(IF(LEFT(P42,1)>RIGHT(P42,1),2,1))))) -> 2 | S10: =IF((AND(COUNTIF(J7:J30,">""")>2,COUNTIF(P33:P60,">""")>0)),SUM(K10,L10,M10,N10,O10,P10,Q10,R10),"") -> 7 | T10: =8/4 -> 2 | U10: 3
C11: 5 | D11: Пак Александр | K11: =IF(RIGHT(P57,1)="W",$M$4&":0(W)",IF(RIGHT(P57,1)="L","0:"&$M$4&"(L)",IF(P57="","",RIGHT(P57,1)&":"&LEFT(P57,1)))) -> 0:3 | M11: =IF(RIGHT(P54,1)="W",$M$4&":0(W)",IF(RIGHT(P54,1)="L","0:"&$M$4&"(L)",IF(P54="","",RIGHT(P54,1)&":"&LEFT(P54,1)))) | N11: =IF(LEFT(P50,1)="W",$M$4&":0(W)",IF(LEFT(P50,1)="L","0:"&$M$4&"(L)",IF(P50="","",P50))) -> 2:3 | O11: =IF(RIGHT(P37,1)="W",$M$4&":0(W)",IF(RIGHT(P37,1)="L","0:"&$M$4&"(L)",IF(P37="","",RIGHT(P37,1)&":"&LEFT(P37,1)))) -> 3:0 | P11: =IF(LEFT(P33,1)="W",$M$4&":0(W)",IF(LEFT(P33,1)="L","0:"&$M$4&"(L)",IF(P33="","",P33))) -> 2:3 | Q11: =IF(RIGHT(P47,1)="W",$M$4&":0(W)",IF(RIGHT(P47,1)="L","0:"&$M$4&"(L)",IF(P47="","",RIGHT(P47,1)&":"&LEFT(P47,1)))) | R11: =IF(LEFT(P42,1)="W",$M$4&":0(W)",IF(LEFT(P42,1)="L","0:"&$M$4&"(L)",IF(P42="","",P42))) -> 3:1
C12: 6 | D12: Ернурулы Алмас | K12: =IF(P57="","",IF(Q57="","",REPLACE(SUBSTITUTE(SUBSTITUTE(SUBSTITUTE(SUBSTITUTE(","&Q57,",-","#"),",","-"),"#",","),"-",",-"),1,1,""))) | M12: =IF(P54="","",IF(Q54="","",REPLACE(SUBSTITUTE(SUBSTITUTE(SUBSTITUTE(SUBSTITUTE(","&Q54,",-","#"),",","-"),"#",","),"-",",-"),1,1,""))) | N12: =IF(P50="","",IF(Q50="","",Q50)) | O12: =IF(P37="","",IF(Q37="","",REPLACE(SUBSTITUTE(SUBSTITUTE(SUBSTITUTE(SUBSTITUTE(","&Q37,",-","#"),",","-"),"#",","),"-",",-"),1,1,""))) | P12: =IF(P33="","",IF(Q33="","",Q33)) | Q12: =IF(P47="","",IF(Q47="","",REPLACE(SUBSTITUTE(SUBSTITUTE(SUBSTITUTE(SUBSTITUTE(","&Q47,",-","#"),",","-"),"#",","),"-",",-"),1,1,""))) | R12: =IF(P42="","",IF(Q42="","",Q42))
C13: 7 | D13: Мертен Кенжехан | G13: 3 | I13: 15 | J13: Такабаев Мади | K13: =IF(RIGHT(P49,1)="L",0,(IF(P49="","",(IF(RIGHT(P49,1)>LEFT(P49,1),2,1))))) | L13: =IF(LEFT(P54,1)="L",0,(IF(P54="","",(IF(LEFT(P54,1)>RIGHT(P54,1),2,1))))) | N13: =IF(LEFT(P58,1)="L",0,(IF(P58="","",(IF(LEFT(P58,1)>RIGHT(P58,1),2,1))))) | O13: =IF(LEFT(P34,1)="L",0,(IF(P34="","",(IF(LEFT(P34,1)>RIGHT(P34,1),2,1))))) | P13: =IF(RIGHT(P48,1)="L",0,(IF(P48="","",(IF(RIGHT(P48,1)>LEFT(P48,1),2,1))))) | Q13: =IF(LEFT(P44,1)="L",0,(IF(P44="","",(IF(LEFT(P44,1)>RIGHT(P44,1),2,1))))) | R13: =IF(RIGHT(P39,1)="L",0,(IF(P39="","",(IF(RIGHT(P39,1)>LEFT(P39,1),2,1))))) | S13: =IF((AND(COUNTIF(J7:J30,">""")>2,COUNTIF(P33:P60,">""")>0)),SUM(K13,L13,M13,N13,O13,P13,Q13,R13),"") -> 0 | U13: 7
C14: 8 | D14: Айтасов Гани | K14: =IF(RIGHT(P49,1)="W",$M$4&":0(W)",IF(RIGHT(P49,1)="L","0:"&$M$4&"(L)",IF(P49="","",RIGHT(P49,1)&":"&LEFT(P49,1)))) | L14: =IF(LEFT(P54,1)="W",$M$4&":0(W)",IF(LEFT(P54,1)="L","0:"&$M$4&"(L)",IF(P54="","",P54))) | N14: =IF(LEFT(P58,1)="W",$M$4&":0(W)",IF(LEFT(P58,1)="L","0:"&$M$4&"(L)",IF(P58="","",P58))) | O14: =IF(LEFT(P34,1)="W",$M$4&":0(W)",IF(LEFT(P34,1)="L","0:"&$M$4&"(L)",IF(P34="","",P34))) | P14: =IF(RIGHT(P48,1)="W",$M$4&":0(W)",IF(RIGHT(P48,1)="L","0:"&$M$4&"(L)",IF(P48="","",RIGHT(P48,1)&":"&LEFT(P48,1)))) | Q14: =IF(LEFT(P44,1)="W",$M$4&":0(W)",IF(LEFT(P44,1)="L","0:"&$M$4&"(L)",IF(P44="","",P44))) | R14: =IF(RIGHT(P39,1)="W",$M$4&":0(W)",IF(RIGHT(P39,1)="L","0:"&$M$4&"(L)",IF(P39="","",RIGHT(P39,1)&":"&LEFT(P39,1))))
K15: =IF(P49="","",IF(Q49="","",REPLACE(SUBSTITUTE(SUBSTITUTE(SUBSTITUTE(SUBSTITUTE(","&Q49,",-","#"),",","-"),"#",","),"-",",-"),1,1,""))) | L15: =IF(P54="","",IF(Q54="","",Q54)) | N15: =IF(P58="","",IF(Q58="","",Q58)) | O15: =IF(P34="","",IF(Q34="","",Q34)) | P15: =IF(P48="","",IF(Q48="","",REPLACE(SUBSTITUTE(SUBSTITUTE(SUBSTITUTE(SUBSTITUTE(","&Q48,",-","#"),",","-"),"#",","),"-",",-"),1,1,""))) | Q15: =IF(P44="","",IF(Q44="","",Q44)) | R15: =IF(P39="","",IF(Q39="","",REPLACE(SUBSTITUTE(SUBSTITUTE(SUBSTITUTE(SUBSTITUTE(","&Q39,",-","#"),",","-"),"#",","),"-",",-"),1,1,"")))
G16: 4 | J16: Фуяров Равиль+ | K16: =IF(LEFT(P53,1)="L",0,(IF(P53="","",(IF(LEFT(P53,1)>RIGHT(P53,1),2,1))))) -> 1 | L16: =IF(RIGHT(P50,1)="L",0,(IF(P50="","",(IF(RIGHT(P50,1)>LEFT(P50,1),2,1))))) -> 2 | M16: =IF(RIGHT(P58,1)="L",0,(IF(P58="","",(IF(RIGHT(P58,1)>LEFT(P58,1),2,1))))) | O16: =IF(RIGHT(P46,1)="L",0,(IF(P46="","",(IF(RIGHT(P46,1)>LEFT(P46,1),2,1))))) -> 1 | P16: =IF(LEFT(P43,1)="L",0,(IF(P43="","",(IF(LEFT(P43,1)>RIGHT(P43,1),2,1))))) -> 2 | Q16: =IF(RIGHT(P40,1)="L",0,(IF(P40="","",(IF(RIGHT(P40,1)>LEFT(P40,1),2,1))))) | R16: =IF(LEFT(P36,1)="L",0,(IF(P36="","",(IF(LEFT(P36,1)>RIGHT(P36,1),2,1))))) -> 1 | S16: =IF((AND(COUNTIF(J7:J30,">""")>2,COUNTIF(P33:P60,">""")>0)),SUM(K16,L16,M16,N16,O16,P16,Q16,R16),"") -> 7 | T16: =5/8 -> 0.625 | U16: 6
K17: =IF(LEFT(P53,1)="W",$M$4&":0(W)",IF(LEFT(P53,1)="L","0:"&$M$4&"(L)",IF(P53="","",P53))) -> 0:3 | L17: =IF(RIGHT(P50,1)="W",$M$4&":0(W)",IF(RIGHT(P50,1)="L","0:"&$M$4&"(L)",IF(P50="","",RIGHT(P50,1)&":"&LEFT(P50,1)))) -> 3:2 | M17: =IF(RIGHT(P58,1)="W",$M$4&":0(W)",IF(RIGHT(P58,1)="L","0:"&$M$4&"(L)",IF(P58="","",RIGHT(P58,1)&":"&LEFT(P58,1)))) | O17: =IF(RIGHT(P46,1)="W",$M$4&":0(W)",IF(RIGHT(P46,1)="L","0:"&$M$4&"(L)",IF(P46="","",RIGHT(P46,1)&":"&LEFT(P46,1)))) -> 0:3 | P17: =IF(LEFT(P43,1)="W",$M$4&":0(W)",IF(LEFT(P43,1)="L","0:"&$M$4&"(L)",IF(P43="","",P43))) -> 3:0 | Q17: =IF(RIGHT(P40,1)="W",$M$4&":0(W)",IF(RIGHT(P40,1)="L","0:"&$M$4&"(L)",IF(P40="","",RIGHT(P40,1)&":"&LEFT(P40,1)))) | R17: =IF(LEFT(P36,1)="W",$M$4&":0(W)",IF(LEFT(P36,1)="L","0:"&$M$4&"(L)",IF(P36="","",P36))) -> 2:3
K18: =IF(P53="","",IF(Q53="","",Q53)) | L18: =IF(P50="","",IF(Q50="","",REPLACE(SUBSTITUTE(SUBSTITUTE(SUBSTITUTE(SUBSTITUTE(","&Q50,",-","#"),",","-"),"#",","),"-",",-"),1,1,""))) | M18: =IF(P58="","",IF(Q58="","",REPLACE(SUBSTITUTE(SUBSTITUTE(SUBSTITUTE(SUBSTITUTE(","&Q58,",-","#"),",","-"),"#",","),"-",",-"),1,1,""))) | O18: =IF(P46="","",IF(Q46="","",REPLACE(SUBSTITUTE(SUBSTITUTE(SUBSTITUTE(SUBSTITUTE(","&Q46,",-","#"),",","-"),"#",","),"-",",-"),1,1,""))) | P18: =IF(P43="","",IF(Q43="","",Q43)) | Q18: =IF(P40="","",IF(Q40="","",REPLACE(SUBSTITUTE(SUBSTITUTE(SUBSTITUTE(SUBSTITUTE(","&Q40,",-","#"),",","-"),"#",","),"-",",-"),1,1,""))) | R18: =IF(P36="","",IF(Q36="","",Q36))
G19: 5 | I19: 6 | J19: Пак Александр+ | K19: =IF(RIGHT(P41,1)="L",0,(IF(P41="","",(IF(RIGHT(P41,1)>LEFT(P41,1),2,1))))) -> 2 | L19: =IF(LEFT(P37,1)="L",0,(IF(P37="","",(IF(LEFT(P37,1)>RIGHT(P37,1),2,1))))) -> 1 | M19: =IF(RIGHT(P34,1)="L",0,(IF(P34="","",(IF(RIGHT(P34,1)>LEFT(P34,1),2,1))))) | N19: =IF(LEFT(P46,1)="L",0,(IF(P46="","",(IF(LEFT(P46,1)>RIGHT(P46,1),2,1))))) -> 2 | P19: =IF(LEFT(P59,1)="L",0,(IF(P59="","",(IF(LEFT(P59,1)>RIGHT(P59,1),2,1))))) -> 1 | Q19: =IF(LEFT(P51,1)="L",0,(IF(P51="","",(IF(LEFT(P51,1)>RIGHT(P51,1),2,1))))) | R19: =IF(RIGHT(P56,1)="L",0,(IF(P56="","",(IF(RIGHT(P56,1)>LEFT(P56,1),2,1))))) -> 1 | S19: =IF((AND(COUNTIF(J7:J30,">""")>2,COUNTIF(P33:P60,">""")>0)),SUM(K19,L19,M19,N19,O19,P19,Q19,R19),"") -> 7 | T19: =5/6 -> 0.83333333 | U19: 5
K20: =IF(RIGHT(P41,1)="W",$M$4&":0(W)",IF(RIGHT(P41,1)="L","0:"&$M$4&"(L)",IF(P41="","",RIGHT(P41,1)&":"&LEFT(P41,1)))) -> 3:2 | L20: =IF(LEFT(P37,1)="W",$M$4&":0(W)",IF(LEFT(P37,1)="L","0:"&$M$4&"(L)",IF(P37="","",P37))) -> 0:3 | M20: =IF(RIGHT(P34,1)="W",$M$4&":0(W)",IF(RIGHT(P34,1)="L","0:"&$M$4&"(L)",IF(P34="","",RIGHT(P34,1)&":"&LEFT(P34,1)))) | N20: =IF(LEFT(P46,1)="W",$M$4&":0(W)",IF(LEFT(P46,1)="L","0:"&$M$4&"(L)",IF(P46="","",P46))) -> 3:0 | P20: =IF(LEFT(P59,1)="W",$M$4&":0(W)",IF(LEFT(P59,1)="L","0:"&$M$4&"(L)",IF(P59="","",P59))) -> 1:3 | Q20: =IF(LEFT(P51,1)="W",$M$4&":0(W)",IF(LEFT(P51,1)="L","0:"&$M$4&"(L)",IF(P51="","",P51))) | R20: =IF(RIGHT(P56,1)="W",$M$4&":0(W)",IF(RIGHT(P56,1)="L","0:"&$M$4&"(L)",IF(P56="","",RIGHT(P56,1)&":"&LEFT(P56,1)))) -> 2:3
K21: =IF(P41="","",IF(Q41="","",REPLACE(SUBSTITUTE(SUBSTITUTE(SUBSTITUTE(SUBSTITUTE(","&Q41,",-","#"),",","-"),"#",","),"-",",-"),1,1,""))) | L21: =IF(P37="","",IF(Q37="","",Q37)) | M21: =IF(P34="","",IF(Q34="","",REPLACE(SUBSTITUTE(SUBSTITUTE(SUBSTITUTE(SUBSTITUTE(","&Q34,",-","#"),",","-"),"#",","),"-",",-"),1,1,""))) | N21: =IF(P46="","",IF(Q46="","",Q46)) | P21: =IF(P59="","",IF(Q59="","",Q59)) | Q21: =IF(P51="","",IF(Q51="","",Q51)) | R21: =IF(P56="","",IF(Q56="","",REPLACE(SUBSTITUTE(SUBSTITUTE(SUBSTITUTE(SUBSTITUTE(","&Q56,",-","#"),",","-"),"#",","),"-",",-"),1,1,"")))
B22: 3:0 | G22: 6 | I22: 2 | J22: Ернурулы Алмас+ | K22: =IF(LEFT(P38,1)="L",0,(IF(P38="","",(IF(LEFT(P38,1)>RIGHT(P38,1),2,1))))) -> 1 | L22: =IF(RIGHT(P33,1)="L",0,(IF(P33="","",(IF(RIGHT(P33,1)>LEFT(P33,1),2,1))))) -> 2 | M22: =IF(LEFT(P48,1)="L",0,(IF(P48="","",(IF(LEFT(P48,1)>RIGHT(P48,1),2,1))))) | N22: =IF(RIGHT(P43,1)="L",0,(IF(P43="","",(IF(RIGHT(P43,1)>LEFT(P43,1),2,1))))) -> 1 | O22: =IF(RIGHT(P59,1)="L",0,(IF(P59="","",(IF(RIGHT(P59,1)>LEFT(P59,1),2,1))))) -> 2 | Q22: =IF(RIGHT(P55,1)="L",0,(IF(P55="","",(IF(RIGHT(P55,1)>LEFT(P55,1),2,1))))) | R22: =IF(LEFT(P52,1)="L",0,(IF(P52="","",(IF(LEFT(P52,1)>RIGHT(P52,1),2,1))))) -> 2 | S22: =IF((AND(COUNTIF(J7:J30,">""")>2,COUNTIF(P33:P60,">""")>0)),SUM(K22,L22,M22,N22,O22,P22,Q22,R22),"") -> 8 | U22: 2
B23: 3:1 | K23: =IF(LEFT(P38,1)="W",$M$4&":0(W)",IF(LEFT(P38,1)="L","0:"&$M$4&"(L)",IF(P38="","",P38))) -> 0:3 | L23: =IF(RIGHT(P33,1)="W",$M$4&":0(W)",IF(RIGHT(P33,1)="L","0:"&$M$4&"(L)",IF(P33="","",RIGHT(P33,1)&":"&LEFT(P33,1)))) -> 3:2 | M23: =IF(LEFT(P48,1)="W",$M$4&":0(W)",IF(LEFT(P48,1)="L","0:"&$M$4&"(L)",IF(P48="","",P48))) | N23: =IF(RIGHT(P43,1)="W",$M$4&":0(W)",IF(RIGHT(P43,1)="L","0:"&$M$4&"(L)",IF(P43="","",RIGHT(P43,1)&":"&LEFT(P43,1)))) -> 0:3 | O23: =IF(RIGHT(P59,1)="W",$M$4&":0(W)",IF(RIGHT(P59,1)="L","0:"&$M$4&"(L)",IF(P59="","",RIGHT(P59,1)&":"&LEFT(P59,1)))) -> 3:1 | Q23: =IF(RIGHT(P55,1)="W",$M$4&":0(W)",IF(RIGHT(P55,1)="L","0:"&$M$4&"(L)",IF(P55="","",RIGHT(P55,1)&":"&LEFT(P55,1)))) | R23: =IF(LEFT(P52,1)="W",$M$4&":0(W)",IF(LEFT(P52,1)="L","0:"&$M$4&"(L)",IF(P52="","",P52))) -> 3:1
B24: 3:2 | K24: =IF(P38="","",IF(Q38="","",Q38)) | L24: =IF(P33="","",IF(Q33="","",REPLACE(SUBSTITUTE(SUBSTITUTE(SUBSTITUTE(SUBSTITUTE(","&Q33,",-","#"),",","-"),"#",","),"-",",-"),1,1,""))) | M24: =IF(P48="","",IF(Q48="","",Q48)) | N24: =IF(P43="","",IF(Q43="","",REPLACE(SUBSTITUTE(SUBSTITUTE(SUBSTITUTE(SUBSTITUTE(","&Q43,",-","#"),",","-"),"#",","),"-",",-"),1,1,""))) | O24: =IF(P59="","",IF(Q59="","",REPLACE(SUBSTITUTE(SUBSTITUTE(SUBSTITUTE(SUBSTITUTE(","&Q59,",-","#"),",","-"),"#",","),"-",",-"),1,1,""))) | Q24: =IF(P55="","",IF(Q55="","",REPLACE(SUBSTITUTE(SUBSTITUTE(SUBSTITUTE(SUBSTITUTE(","&Q55,",-","#"),",","-"),"#",","),"-",",-"),1,1,""))) | R24: =IF(P52="","",IF(Q52="","",Q52))
B25: 0:3 | G25: 7 | J25: Мертен Кенжехан | K25: =IF(RIGHT(P35,1)="L",0,(IF(P35="","",(IF(RIGHT(P35,1)>LEFT(P35,1),2,1))))) | L25: =IF(LEFT(P47,1)="L",0,(IF(P47="","",(IF(LEFT(P47,1)>RIGHT(P47,1),2,1))))) | M25: =IF(RIGHT(P44,1)="L",0,(IF(P44="","",(IF(RIGHT(P44,1)>LEFT(P44,1),2,1))))) | N25: =IF(LEFT(P40,1)="L",0,(IF(P40="","",(IF(LEFT(P40,1)>RIGHT(P40,1),2,1))))) | O25: =IF(RIGHT(P51,1)="L",0,(IF(P51="","",(IF(RIGHT(P51,1)>LEFT(P51,1),2,1))))) | P25: =IF(LEFT(P55,1)="L",0,(IF(P55="","",(IF(LEFT(P55,1)>RIGHT(P55,1),2,1))))) | R25: =IF(LEFT(P60,1)="L",0,(IF(P60="","",(IF(LEFT(P60,1)>RIGHT(P60,1),2,1))))) | S25: =IF((AND(COUNTIF(J7:J30,">""")>2,COUNTIF(P33:P60,">""")>0)),SUM(K25,L25,M25,N25,O25,P25,Q25,R25),"") -> 0 | U25: 8
B26: 1:3 | K26: =IF(RIGHT(P35,1)="W",$M$4&":0(W)",IF(RIGHT(P35,1)="L","0:"&$M$4&"(L)",IF(P35="","",RIGHT(P35,1)&":"&LEFT(P35,1)))) | L26: =IF(LEFT(P47)="W",$M$4&":0(W)",IF(LEFT(P47,1)="L","0:"&$M$4&"(L)",IF(P47="","",P47))) | M26: =IF(RIGHT(P44,1)="W",$M$4&":0(W)",IF(RIGHT(P44,1)="L","0:"&$M$4&"(L)",IF(P44="","",RIGHT(P44,1)&":"&LEFT(P44,1)))) | N26: =IF(LEFT(P40,1)="W",$M$4&":0(W)",IF(LEFT(P40,1)="L","0:"&$M$4&"(L)",IF(P40="","",P40))) | O26: =IF(RIGHT(P51,1)="W",$M$4&":0(W)",IF(RIGHT(P51,1)="L","0:"&$M$4&"(L)",IF(P51="","",RIGHT(P51,1)&":"&LEFT(P51,1)))) | P26: =IF(LEFT(P55,1)="W",$M$4&":0(W)",IF(LEFT(P55,1)="L","0:"&$M$4&"(L)",IF(P55="","",P55))) | R26: =IF(LEFT(P60,1)="W",$M$4&":0(W)",IF(LEFT(P60,1)="L","0:"&$M$4&"(L)",IF(P60="","",P60)))
B27: 2:3 | K27: =IF(P35="","",IF(Q35="","",REPLACE(SUBSTITUTE(SUBSTITUTE(SUBSTITUTE(SUBSTITUTE(","&Q35,",-","#"),",","-"),"#",","),"-",",-"),1,1,""))) | L27: =IF(P47="","",IF(Q47="","",Q47)) | M27: =IF(P44="","",IF(Q44="","",REPLACE(SUBSTITUTE(SUBSTITUTE(SUBSTITUTE(SUBSTITUTE(","&Q44,",-","#"),",","-"),"#",","),"-",",-"),1,1,""))) | N27: =IF(P40="","",IF(Q40="","",Q40)) | O27: =IF(P51="","",IF(Q51="","",REPLACE(SUBSTITUTE(SUBSTITUTE(SUBSTITUTE(SUBSTITUTE(","&Q51,",-","#"),",","-"),"#",","),"-",",-"),1,1,""))) | P27: =IF(P55="","",IF(Q55="","",Q55)) | R27: =IF(P60="","",IF(Q60="","",Q60))
B28: W:L | G28: 8 | J28: Айтасов Гани+ | K28: =IF(LEFT(P45,1)="L",0,(IF(P45="","",(IF(LEFT(P45,1)>RIGHT(P45,1),2,1))))) -> 1 | L28: =IF(RIGHT(P42,1)="L",0,(IF(P42="","",(IF(RIGHT(P42,1)>LEFT(P42,1),2,1))))) -> 1 | M28: =IF(LEFT(P39,1)="L",0,(IF(P39="","",(IF(LEFT(P39,1)>RIGHT(P39,1),2,1))))) | N28: =IF(RIGHT(P36,1)="L",0,(IF(P36="","",(IF(RIGHT(P36,1)>LEFT(P36,1),2,1))))) -> 2 | O28: =IF(LEFT(P56,1)="L",0,(IF(P56="","",(IF(LEFT(P56,1)>RIGHT(P56,1),2,1))))) -> 2 | P28: =IF(RIGHT(P52,1)="L",0,(IF(P52="","",(IF(RIGHT(P52,1)>LEFT(P52,1),2,1))))) -> 1 | Q28: =IF(RIGHT(P60,1)="L",0,(IF(P60="","",(IF(RIGHT(P60,1)>LEFT(P60,1),2,1))))) | S28: =IF((AND(COUNTIF(J7:J30,">""")>2,COUNTIF(P33:P60,">""")>0)),SUM(K28,L28,M28,N28,O28,P28,Q28,R28),"") -> 7 | T28: =7/7 -> 1 | U28: 4
B29: L:W | K29: =IF(LEFT(P45,1)="W",$M$4&":0(W)",IF(LEFT(P45,1)="L","0:"&$M$4&"(L)",IF(P45="","",P45))) -> 0:3 | L29: =IF(RIGHT(P42,1)="W",$M$4&":0(W)",IF(RIGHT(P42,1)="L","0:"&$M$4&"(L)",IF(P42="","",RIGHT(P42,1)&":"&LEFT(P42,1)))) -> 1:3 | M29: =IF(LEFT(P39,1)="W",$M$4&":0(W)",IF(LEFT(P39,1)="L","0:"&$M$4&"(L)",IF(P39="","",P39))) | N29: =IF(RIGHT(P36,1)="W",$M$4&":0(W)",IF(RIGHT(P36,1)="L","0:"&$M$4&"(L)",IF(P36="","",RIGHT(P36,1)&":"&LEFT(P36,1)))) -> 3:2 | O29: =IF(LEFT(P56,1)="W",$M$4&":0(W)",IF(LEFT(P56,1)="L","0:"&$M$4&"(L)",IF(P56="","",P56))) -> 3:2 | P29: =IF(RIGHT(P52,1)="W",$M$4&":0(W)",IF(RIGHT(P52,1)="L","0:"&$M$4&"(L)",IF(P52="","",RIGHT(P52,1)&":"&LEFT(P52,1)))) -> 1:3 | Q29: =IF(RIGHT(P60,1)="W",$M$4&":0(W)",IF(RIGHT(P60,1)="L","0:"&$M$4&"(L)",IF(P60="","",RIGHT(P60,1)&":"&LEFT(P60,1))))
B30: 2:0 | K30: =IF(P45="","",IF(Q45="","",Q45)) | L30: =IF(P42="","",IF(Q42="","",REPLACE(SUBSTITUTE(SUBSTITUTE(SUBSTITUTE(SUBSTITUTE(","&Q42,",-","#"),",","-"),"#",","),"-",",-"),1,1,""))) | M30: =IF(P39="","",IF(Q39="","",Q39)) | N30: =IF(P36="","",IF(Q36="","",REPLACE(SUBSTITUTE(SUBSTITUTE(SUBSTITUTE(SUBSTITUTE(","&Q36,",-","#"),",","-"),"#",","),"-",",-"),1,1,""))) | O30: =IF(P56="","",IF(Q56="","",Q56)) | P30: =IF(P52="","",IF(Q52="","",REPLACE(SUBSTITUTE(SUBSTITUTE(SUBSTITUTE(SUBSTITUTE(","&Q52,",-","#"),",","-"),"#",","),"-",",-"),1,1,""))) | Q30: =IF(P60="","",IF(Q60="","",REPLACE(SUBSTITUTE(SUBSTITUTE(SUBSTITUTE(SUBSTITUTE(","&Q60,",-","#"),",","-"),"#",","),"-",",-"),1,1,"")))
B31: 2:1
B32: 1:2 | I32: ю | P32: счет по сетам | Q32: мячи
B33: 0:2 | G33: 1 круг | I33: 30 | J33: =IF(А7!Уч2="","",А7!Уч2) -> Утеулов Алиби+ | K33: ="-" -> - | L33: =IF(А7!Уч6="","",А7!Уч6) -> Ернурулы Алмас+ | P33: 2:3 | S33: =IF(AND(I33<>"",P33=""),"встреча играется",IF(P33<>"","сыграна","")) -> сыграна
B34: 4:0 | J34: =IF(А7!Уч3="","",А7!Уч3) -> Такабаев Мади | K34: ="-" -> - | L34: =IF(А7!Уч5="","",А7!Уч5) -> Пак Александр+ | S34: =IF(AND(I34<>"",P34=""),"встреча играется",IF(P34<>"","сыграна",""))
B35: 4:1 | J35: =IF(А7!Уч1="","",А7!Уч1) -> Садвакасов Нурбек+ | K35: ="-" -> - | L35: =IF(А7!Уч7="","",А7!Уч7) -> Мертен Кенжехан | S35: =IF(AND(I35<>"",P35=""),"встреча играется",IF(P35<>"","сыграна",""))
B36: 4:2 | I36: 18 | J36: =IF(А7!Уч4="","",А7!Уч4) -> Фуяров Равиль+ | K36: ="-" -> - | L36: =IF(А7!Уч8="","",А7!Уч8) -> Айтасов Гани+ | P36: 2:3 | S36: =IF(AND(I36<>"",P36=""),"встреча играется",IF(P36<>"","сыграна","")) -> сыграна
B37: 4:3 | G37: 2 круг | I37: 30 | J37: =IF(А7!Уч5="","",А7!Уч5) -> Пак Александр+ | K37: ="-" -> - | L37: =IF(А7!Уч2="","",А7!Уч2) -> Утеулов Алиби+ | P37: 0:3 | S37: =IF(AND(I37<>"",P37=""),"встреча играется",IF(P37<>"","сыграна","")) -> сыграна
B38: 0:4 | I38: 29 | J38: =IF(А7!Уч6="","",А7!Уч6) -> Ернурулы Алмас+ | K38: ="-" -> - | L38: =IF(А7!Уч1="","",А7!Уч1) -> Садвакасов Нурбек+ | P38: 0:3 | S38: =IF(AND(I38<>"",P38=""),"встреча играется",IF(P38<>"","сыграна","")) -> сыграна
B39: 1:4 | J39: =IF(А7!Уч8="","",А7!Уч8) -> Айтасов Гани+ | K39: ="-" -> - | L39: =IF(А7!Уч3="","",А7!Уч3) -> Такабаев Мади | S39: =IF(AND(I39<>"",P39=""),"встреча играется",IF(P39<>"","сыграна",""))
B40: 2:4 | J40: =IF(А7!Уч7="","",А7!Уч7) -> Мертен Кенжехан | K40: ="-" -> - | L40: =IF(А7!Уч4="","",А7!Уч4) -> Фуяров Равиль+ | S40: =IF(AND(I40<>"",P40=""),"встреча играется",IF(P40<>"","сыграна",""))
B41: 3:4 | G41: 3 круг | I41: 30 | J41: =IF(А7!Уч1="","",А7!Уч1) -> Садвакасов Нурбек+ | K41: ="-" -> - | L41: =IF(А7!Уч5="","",А7!Уч5) -> Пак Александр+ | P41: 2:3 | S41: =IF(AND(I41<>"",P41=""),"встреча играется",IF(P41<>"","сыграна","")) -> сыграна
I42: 29 | J42: =IF(А7!Уч2="","",А7!Уч2) -> Утеулов Алиби+ | K42: ="-" -> - | L42: =IF(А7!Уч8="","",А7!Уч8) -> Айтасов Гани+ | P42: 3:1 | S42: =IF(AND(I42<>"",P42=""),"встреча играется",IF(P42<>"","сыграна","")) -> сыграна
I43: 29 | J43: =IF(А7!Уч4="","",А7!Уч4) -> Фуяров Равиль+ | K43: ="-" -> - | L43: =IF(А7!Уч6="","",А7!Уч6) -> Ернурулы Алмас+ | P43: 3:0 | S43: =IF(AND(I43<>"",P43=""),"встреча играется",IF(P43<>"","сыграна","")) -> сыграна
J44: =IF(А7!Уч3="","",А7!Уч3) -> Такабаев Мади | K44: ="-" -> - | L44: =IF(А7!Уч7="","",А7!Уч7) -> Мертен Кенжехан | S44: =IF(AND(I44<>"",P44=""),"встреча играется",IF(P44<>"","сыграна",""))
G45: 4 круг | I45: 31 | J45: =IF(А7!Уч8="","",А7!Уч8) -> Айтасов Гани+ | K45: ="-" -> - | L45: =IF(А7!Уч1="","",А7!Уч1) -> Садвакасов Нурбек+ | P45: 0:3 | S45: =IF(AND(I45<>"",P45=""),"встреча играется",IF(P45<>"","сыграна","")) -> сыграна
I46: 30 | J46: =IF(А7!Уч5="","",А7!Уч5) -> Пак Александр+ | K46: ="-" -> - | L46: =IF(А7!Уч4="","",А7!Уч4) -> Фуяров Равиль+ | P46: 3:0 | S46: =IF(AND(I46<>"",P46=""),"встреча играется",IF(P46<>"","сыграна","")) -> сыграна
J47: =IF(А7!Уч7="","",А7!Уч7) -> Мертен Кенжехан | K47: ="-" -> - | L47: =IF(А7!Уч2="","",А7!Уч2) -> Утеулов Алиби+ | S47: =IF(AND(I47<>"",P47=""),"встреча играется",IF(P47<>"","сыграна",""))
J48: =IF(А7!Уч6="","",А7!Уч6) -> Ернурулы Алмас+ | K48: ="-" -> - | L48: =IF(А7!Уч3="","",А7!Уч3) -> Такабаев Мади | S48: =IF(AND(I48<>"",P48=""),"встреча играется",IF(P48<>"","сыграна",""))
G49: 5 круг | J49: =IF(А7!Уч1="","",А7!Уч1) -> Садвакасов Нурбек+ | K49: ="-" -> - | L49: =IF(А7!Уч3="","",А7!Уч3) -> Такабаев Мади | S49: =IF(AND(I49<>"",P49=""),"встреча играется",IF(P49<>"","сыграна",""))
I50: 30 | J50: =IF(А7!Уч2="","",А7!Уч2) -> Утеулов Алиби+ | K50: ="-" -> - | L50: =IF(А7!Уч4="","",А7!Уч4) -> Фуяров Равиль+ | P50: 2:3 | S50: =IF(AND(I50<>"",P50=""),"встреча играется",IF(P50<>"","сыграна","")) -> сыграна
J51: =IF(А7!Уч5="","",А7!Уч5) -> Пак Александр+ | K51: ="-" -> - | L51: =IF(А7!Уч7="","",А7!Уч7) -> Мертен Кенжехан | S51: =IF(AND(I51<>"",P51=""),"встреча играется",IF(P51<>"","сыграна",""))
I52: 28 | J52: =IF(А7!Уч6="","",А7!Уч6) -> Ернурулы Алмас+ | K52: ="-" -> - | L52: =IF(А7!Уч8="","",А7!Уч8) -> Айтасов Гани+ | P52: 3:1 | S52: =IF(AND(I52<>"",P52=""),"встреча играется",IF(P52<>"","сыграна","")) -> сыграна
G53: 6 круг | I53: 30 | J53: =IF(А7!Уч4="","",А7!Уч4) -> Фуяров Равиль+ | K53: ="-" -> - | L53: =IF(А7!Уч1="","",А7!Уч1) -> Садвакасов Нурбек+ | P53: 0:3 | S53: =IF(AND(I53<>"",P53=""),"встреча играется",IF(P53<>"","сыграна","")) -> сыграна
J54: =IF(А7!Уч3="","",А7!Уч3) -> Такабаев Мади | K54: ="-" -> - | L54: =IF(А7!Уч2="","",А7!Уч2) -> Утеулов Алиби+ | S54: =IF(AND(I54<>"",P54=""),"встреча играется",IF(P54<>"","сыграна",""))
J55: =IF(А7!Уч7="","",А7!Уч7) -> Мертен Кенжехан | K55: ="-" -> - | L55: =IF(А7!Уч6="","",А7!Уч6) -> Ернурулы Алмас+ | S55: =IF(AND(I55<>"",P55=""),"встреча играется",IF(P55<>"","сыграна",""))
I56: 28 | J56: =IF(А7!Уч8="","",А7!Уч8) -> Айтасов Гани+ | K56: ="-" -> - | L56: =IF(А7!Уч5="","",А7!Уч5) -> Пак Александр+ | P56: 3:2 | S56: =IF(AND(I56<>"",P56=""),"встреча играется",IF(P56<>"","сыграна","")) -> сыграна
G57: 7 круг | I57: 30 | J57: =IF(А7!Уч1="","",А7!Уч1) -> Садвакасов Нурбек+ | K57: ="-" -> - | L57: =IF(А7!Уч2="","",А7!Уч2) -> Утеулов Алиби+ | P57: 3:0 | S57: =IF(AND(I57<>"",P57=""),"встреча играется",IF(P57<>"","сыграна","")) -> сыграна
